{"type": "FeatureCollection", "properties": {"what": "traced paths from stranded river termini to the sea grid", "cost": "1 per pixel in water; 1 + height in metres on ground above the lowest tide; impassable above 5.0 m. NOT a weight \u2014 see module docstring.", "attribution": "Contains EMODnet Bathymetry data. EMODnet Bathymetry Consortium (2024): EMODnet Digital Bathymetry (DTM 2024), licensed CC BY 4.0.", "provisional": "R-01 unbuilt; this population will move twice.", "use_constraint": "DO NOT USE FOR NAVIGATION"}, "features": [{"type": "Feature", "geometry": {"type": "LineString", "coordinates": [[-5.118376, 56.502809], [-5.119418, 56.503851], [-5.120459, 56.502809], [-5.121501, 56.501767], [-5.122543, 56.500726], [-5.123584, 56.499684], [-5.124626, 56.498642], [-5.125668, 56.497601], [-5.126709, 56.496559], [-5.127751, 56.495518], [-5.128793, 56.494476], [-5.129834, 56.493434], [-5.130876, 56.492392], [-5.131918, 56.492392], [-5.132959, 56.492392], [-5.134001, 56.492392], [-5.135043, 56.492392], [-5.136084, 56.492392], [-5.137126, 56.492392], [-5.138168, 56.492392], [-5.139209, 56.492392], [-5.140251, 56.492392], [-5.141293, 56.492392], [-5.142334, 56.492392], [-5.143376, 56.492392], [-5.144418, 56.492392], [-5.145459, 56.492392], [-5.146501, 56.492392], [-5.147543, 56.491351], [-5.148584, 56.491351], [-5.149626, 56.491351], [-5.150668, 56.491351], [-5.151709, 56.491351], [-5.152751, 56.491351], [-5.153793, 56.490309], [-5.154834, 56.489268], [-5.155876, 56.488226], [-5.156918, 56.487184], [-5.157959, 56.486142], [-5.159001, 56.485101], [-5.160043, 56.484059], [-5.161084, 56.483017], [-5.162126, 56.481976], [-5.163168, 56.480934], [-5.164209, 56.479892], [-5.165251, 56.478851], [-5.166293, 56.477809], [-5.167334, 56.476767], [-5.168376, 56.475726], [-5.169418, 56.474684], [-5.170459, 56.473642], [-5.171501, 56.472601], [-5.172543, 56.471559], [-5.173584, 56.470517], [-5.174626, 56.469476], [-5.175668, 56.468434], [-5.176709, 56.467392], [-5.177751, 56.466351], [-5.178793, 56.465309], [-5.179834, 56.464268], [-5.180876, 56.463226], [-5.181918, 56.462184], [-5.182959, 56.461142], [-5.184001, 56.460101], [-5.185043, 56.460101], [-5.186084, 56.459059], [-5.187126, 56.458018], [-5.188168, 56.458018], [-5.189209, 56.458018], [-5.190251, 56.456976], [-5.191293, 56.456976], [-5.192334, 56.456976], [-5.193376, 56.455934], [-5.194418, 56.455934], [-5.195459, 56.455934], [-5.196501, 56.455934], [-5.197543, 56.455934], [-5.198584, 56.454892], [-5.199626, 56.454892], [-5.200668, 56.453851], [-5.201709, 56.453851], [-5.202751, 56.452809], [-5.203793, 56.452809], [-5.204834, 56.452809], [-5.205876, 56.452809], [-5.206918, 56.451767], [-5.207959, 56.451767], [-5.209001, 56.451767], [-5.210043, 56.451767], [-5.211084, 56.451767], [-5.212126, 56.450726], [-5.213168, 56.450726], [-5.214209, 56.450726], [-5.215251, 56.450726], [-5.216293, 56.450726], [-5.217334, 56.450726], [-5.218376, 56.450726], [-5.219418, 56.449684], [-5.220459, 56.448642], [-5.221501, 56.447601], [-5.222543, 56.447601], [-5.223584, 56.447601], [-5.224626, 56.447601], [-5.225668, 56.447601], [-5.226709, 56.446559], [-5.227751, 56.446559], [-5.228793, 56.446559], [-5.229834, 56.445517], [-5.230876, 56.445517], [-5.231918, 56.445517], [-5.232959, 56.445517], [-5.234001, 56.445517], [-5.235043, 56.445517], [-5.236084, 56.445517], [-5.237126, 56.445517], [-5.238168, 56.445517], [-5.239209, 56.445517], [-5.240251, 56.445517], [-5.241293, 56.445517], [-5.242334, 56.445517], [-5.243376, 56.445517], [-5.244418, 56.445517], [-5.245459, 56.445517], [-5.246501, 56.445517], [-5.247543, 56.445517], [-5.248584, 56.445517], [-5.249626, 56.445517], [-5.250668, 56.445517], [-5.251709, 56.445517], [-5.252751, 56.446559], [-5.253793, 56.447601], [-5.254834, 56.448642], [-5.255876, 56.449684], [-5.256918, 56.450726], [-5.257959, 56.450726], [-5.259001, 56.451767], [-5.260043, 56.452809], [-5.261084, 56.453851], [-5.262126, 56.454892], [-5.263168, 56.455934], [-5.264209, 56.456976], [-5.265251, 56.458018], [-5.266293, 56.459059], [-5.267334, 56.459059], [-5.268376, 56.459059], [-5.269418, 56.459059], [-5.270459, 56.459059], [-5.271501, 56.459059], [-5.272543, 56.459059], [-5.273584, 56.459059], [-5.274626, 56.459059], [-5.275668, 56.459059], [-5.276709, 56.459059], [-5.277751, 56.459059], [-5.278793, 56.459059], [-5.279834, 56.459059], [-5.280876, 56.459059], [-5.281918, 56.459059], [-5.282959, 56.459059], [-5.284001, 56.459059], [-5.285043, 56.459059], [-5.286084, 56.459059], [-5.287126, 56.459059], [-5.288168, 56.459059], [-5.289209, 56.459059], [-5.290251, 56.459059], [-5.291293, 56.459059], [-5.292334, 56.459059], [-5.293376, 56.459059], [-5.294418, 56.459059], [-5.295459, 56.459059], [-5.296501, 56.459059], [-5.297543, 56.459059], [-5.298584, 56.459059], [-5.299626, 56.459059], [-5.300668, 56.459059], [-5.301709, 56.459059], [-5.302751, 56.459059], [-5.303793, 56.459059], [-5.304834, 56.459059], [-5.305876, 56.459059], [-5.306918, 56.459059], [-5.307959, 56.459059], [-5.309001, 56.459059], [-5.310043, 56.459059], [-5.311084, 56.459059], [-5.312126, 56.459059], [-5.313168, 56.459059], [-5.314209, 56.459059], [-5.315251, 56.459059], [-5.316293, 56.459059], [-5.317334, 56.459059], [-5.318376, 56.459059], [-5.319418, 56.459059], [-5.320459, 56.459059], [-5.321501, 56.459059], [-5.322543, 56.459059], [-5.323584, 56.459059], [-5.324626, 56.459059], [-5.325668, 56.459059], [-5.326709, 56.459059], [-5.327751, 56.459059], [-5.328793, 56.459059], [-5.329834, 56.459059], [-5.330876, 56.459059], [-5.331918, 56.459059], [-5.332959, 56.459059], [-5.334001, 56.459059], [-5.335043, 56.459059], [-5.336084, 56.459059], [-5.337126, 56.459059], [-5.338168, 56.459059], [-5.339209, 56.459059], [-5.340251, 56.459059], [-5.341293, 56.459059], [-5.342334, 56.459059], [-5.343376, 56.459059], [-5.344418, 56.459059], [-5.345459, 56.460101], [-5.346501, 56.460101], [-5.347543, 56.460101], [-5.348584, 56.460101], [-5.349626, 56.460101], [-5.350668, 56.460101], [-5.351709, 56.461142], [-5.352751, 56.460101], [-5.353793, 56.460101], [-5.354834, 56.460101], [-5.355876, 56.460101], [-5.356918, 56.460101], [-5.357959, 56.460101], [-5.359001, 56.460101], [-5.360043, 56.460101], [-5.361084, 56.460101], [-5.362126, 56.460101], [-5.363168, 56.459059], [-5.364209, 56.459059], [-5.365251, 56.458018], [-5.366293, 56.458018], [-5.367334, 56.458018], [-5.368376, 56.458018], [-5.369418, 56.456976], [-5.370459, 56.456976], [-5.371501, 56.456976], [-5.372543, 56.456976], [-5.373584, 56.456976], [-5.374626, 56.456976], [-5.375668, 56.456976], [-5.376709, 56.456976], [-5.377751, 56.456976], [-5.378793, 56.456976], [-5.379834, 56.456976], [-5.380876, 56.456976], [-5.381918, 56.456976], [-5.382959, 56.456976], [-5.384001, 56.456976], [-5.385043, 56.456976], [-5.386084, 56.456976], [-5.387126, 56.456976], [-5.388168, 56.456976], [-5.389209, 56.456976], [-5.390251, 56.456976], [-5.391293, 56.456976], [-5.392334, 56.456976], [-5.393376, 56.456976], [-5.394418, 56.456976], [-5.395459, 56.456976], [-5.396501, 56.455934]]}, "properties": {"node_id": "os:node/CB27FE47-8456-452B-9BD9-2F02CD23F913", "lat": 56.50333, "lon": -5.1182, "dist_m": 17894, "in_scope": false, "traced": true, "path_m": 22358, "straight_m": 17894, "detour": 1.25, "max_elev_crossed_m": 2.1, "min_depth_m": -118.5, "drying_px": 9, "drying_m": 751, "drying_frac": 0.034}}, {"type": "Feature", "geometry": {"type": "LineString", "coordinates": [[-5.130876, 56.492349], [-5.131918, 56.492349], [-5.132959, 56.492349], [-5.134001, 56.492349], [-5.135043, 56.492349], [-5.136084, 56.491308], [-5.137126, 56.490266], [-5.138168, 56.489224], [-5.139209, 56.488182], [-5.140251, 56.487141], [-5.141293, 56.486099], [-5.142334, 56.485058], [-5.143376, 56.484016], [-5.144418, 56.484016], [-5.145459, 56.484016], [-5.146501, 56.484016], [-5.147543, 56.484016], [-5.148584, 56.484016], [-5.149626, 56.484016], [-5.150668, 56.484016], [-5.151709, 56.484016], [-5.152751, 56.484016], [-5.153793, 56.484016], [-5.154834, 56.484016], [-5.155876, 56.484016], [-5.156918, 56.484016], [-5.157959, 56.484016], [-5.159001, 56.484016], [-5.160043, 56.484016], [-5.161084, 56.482974], [-5.162126, 56.481932], [-5.163168, 56.480891], [-5.164209, 56.479849], [-5.165251, 56.478808], [-5.166293, 56.477766], [-5.167334, 56.476724], [-5.168376, 56.475682], [-5.169418, 56.474641], [-5.170459, 56.473599], [-5.171501, 56.472558], [-5.172543, 56.471516], [-5.173584, 56.470474], [-5.174626, 56.469432], [-5.175668, 56.468391], [-5.176709, 56.467349], [-5.177751, 56.466308], [-5.178793, 56.465266], [-5.179834, 56.464224], [-5.180876, 56.463182], [-5.181918, 56.462141], [-5.182959, 56.461099], [-5.184001, 56.460058], [-5.185043, 56.460058], [-5.186084, 56.459016], [-5.187126, 56.457974], [-5.188168, 56.457974], [-5.189209, 56.457974], [-5.190251, 56.456932], [-5.191293, 56.456932], [-5.192334, 56.456932], [-5.193376, 56.455891], [-5.194418, 56.455891], [-5.195459, 56.455891], [-5.196501, 56.455891], [-5.197543, 56.455891], [-5.198584, 56.454849], [-5.199626, 56.454849], [-5.200668, 56.453808], [-5.201709, 56.453808], [-5.202751, 56.452766], [-5.203793, 56.452766], [-5.204834, 56.452766], [-5.205876, 56.452766], [-5.206918, 56.451724], [-5.207959, 56.451724], [-5.209001, 56.451724], [-5.210043, 56.451724], [-5.211084, 56.451724], [-5.212126, 56.450682], [-5.213168, 56.450682], [-5.214209, 56.450682], [-5.215251, 56.450682], [-5.216293, 56.450682], [-5.217334, 56.450682], [-5.218376, 56.450682], [-5.219418, 56.449641], [-5.220459, 56.448599], [-5.221501, 56.447558], [-5.222543, 56.447558], [-5.223584, 56.447558], [-5.224626, 56.447558], [-5.225668, 56.447558], [-5.226709, 56.446516], [-5.227751, 56.446516], [-5.228793, 56.446516], [-5.229834, 56.445474], [-5.230876, 56.445474], [-5.231918, 56.445474], [-5.232959, 56.445474], [-5.234001, 56.445474], [-5.235043, 56.445474], [-5.236084, 56.445474], [-5.237126, 56.445474], [-5.238168, 56.445474], [-5.239209, 56.445474], [-5.240251, 56.445474], [-5.241293, 56.445474], [-5.242334, 56.445474], [-5.243376, 56.445474], [-5.244418, 56.445474], [-5.245459, 56.445474], [-5.246501, 56.445474], [-5.247543, 56.445474], [-5.248584, 56.445474], [-5.249626, 56.445474], [-5.250668, 56.445474], [-5.251709, 56.445474], [-5.252751, 56.446516], [-5.253793, 56.447558], [-5.254834, 56.448599], [-5.255876, 56.449641], [-5.256918, 56.450682], [-5.257959, 56.450682], [-5.259001, 56.451724], [-5.260043, 56.452766], [-5.261084, 56.453808], [-5.262126, 56.454849], [-5.263168, 56.455891], [-5.264209, 56.456932], [-5.265251, 56.457974], [-5.266293, 56.459016], [-5.267334, 56.459016], [-5.268376, 56.459016], [-5.269418, 56.459016], [-5.270459, 56.459016], [-5.271501, 56.459016], [-5.272543, 56.459016], [-5.273584, 56.459016], [-5.274626, 56.459016], [-5.275668, 56.459016], [-5.276709, 56.459016], [-5.277751, 56.459016], [-5.278793, 56.459016], [-5.279834, 56.459016], [-5.280876, 56.459016], [-5.281918, 56.459016], [-5.282959, 56.459016], [-5.284001, 56.459016], [-5.285043, 56.459016], [-5.286084, 56.459016], [-5.287126, 56.459016], [-5.288168, 56.459016], [-5.289209, 56.459016], [-5.290251, 56.459016], [-5.291293, 56.459016], [-5.292334, 56.459016], [-5.293376, 56.459016], [-5.294418, 56.459016], [-5.295459, 56.459016], [-5.296501, 56.459016], [-5.297543, 56.459016], [-5.298584, 56.459016], [-5.299626, 56.459016], [-5.300668, 56.459016], [-5.301709, 56.459016], [-5.302751, 56.459016], [-5.303793, 56.459016], [-5.304834, 56.459016], [-5.305876, 56.459016], [-5.306918, 56.459016], [-5.307959, 56.459016], [-5.309001, 56.459016], [-5.310043, 56.459016], [-5.311084, 56.459016], [-5.312126, 56.459016], [-5.313168, 56.459016], [-5.314209, 56.459016], [-5.315251, 56.459016], [-5.316293, 56.459016], [-5.317334, 56.459016], [-5.318376, 56.459016], [-5.319418, 56.459016], [-5.320459, 56.459016], [-5.321501, 56.459016], [-5.322543, 56.459016], [-5.323584, 56.459016], [-5.324626, 56.459016], [-5.325668, 56.459016], [-5.326709, 56.459016], [-5.327751, 56.459016], [-5.328793, 56.459016], [-5.329834, 56.459016], [-5.330876, 56.459016], [-5.331918, 56.459016], [-5.332959, 56.459016], [-5.334001, 56.459016], [-5.335043, 56.459016], [-5.336084, 56.459016], [-5.337126, 56.459016], [-5.338168, 56.459016], [-5.339209, 56.459016], [-5.340251, 56.459016], [-5.341293, 56.459016], [-5.342334, 56.459016], [-5.343376, 56.459016], [-5.344418, 56.459016], [-5.345459, 56.460058], [-5.346501, 56.460058], [-5.347543, 56.460058], [-5.348584, 56.460058], [-5.349626, 56.460058], [-5.350668, 56.460058], [-5.351709, 56.461099], [-5.352751, 56.461099], [-5.353793, 56.461099], [-5.354834, 56.461099], [-5.355876, 56.461099], [-5.356918, 56.461099], [-5.357959, 56.461099], [-5.359001, 56.461099], [-5.360043, 56.461099], [-5.361084, 56.460058], [-5.362126, 56.460058], [-5.363168, 56.459016], [-5.364209, 56.459016], [-5.365251, 56.457974], [-5.366293, 56.457974], [-5.367334, 56.457974], [-5.368376, 56.457974], [-5.369418, 56.456932], [-5.370459, 56.456932], [-5.371501, 56.456932], [-5.372543, 56.456932], [-5.373584, 56.456932], [-5.374626, 56.456932], [-5.375668, 56.456932], [-5.376709, 56.456932], [-5.377751, 56.456932], [-5.378793, 56.456932], [-5.379834, 56.456932], [-5.380876, 56.456932], [-5.381918, 56.456932], [-5.382959, 56.456932], [-5.384001, 56.456932], [-5.385043, 56.456932], [-5.386084, 56.456932], [-5.387126, 56.456932], [-5.388168, 56.456932], [-5.389209, 56.456932], [-5.390251, 56.456932], [-5.391293, 56.456932], [-5.392334, 56.456932], [-5.393376, 56.456932], [-5.394418, 56.456932], [-5.395459, 56.456932], [-5.396501, 56.455891]]}, "properties": {"node_id": "os:node/BAB64213-D02C-4A6E-9F5A-194AE6A7DEF5", "lat": 56.49287, "lon": -5.13104, "dist_m": 16816, "in_scope": false, "traced": true, "path_m": 20772, "straight_m": 16816, "detour": 1.24, "max_elev_crossed_m": 0.6, "min_depth_m": -118.5, "drying_px": 10, "drying_m": 811, "drying_frac": 0.039}}, {"type": "Feature", "geometry": {"type": "LineString", "coordinates": [[-5.139883, 56.502929], [-5.140924, 56.501887], [-5.141966, 56.500846], [-5.143008, 56.499804], [-5.144049, 56.498762], [-5.145091, 56.497721], [-5.146133, 56.496679], [-5.147174, 56.495638], [-5.148216, 56.494596], [-5.149258, 56.493554], [-5.150299, 56.492512], [-5.151341, 56.491471], [-5.152383, 56.490429], [-5.153424, 56.490429], [-5.154466, 56.489388], [-5.155508, 56.488346], [-5.156549, 56.487304], [-5.157591, 56.486262], [-5.158633, 56.485221], [-5.159674, 56.484179], [-5.160716, 56.483138], [-5.161758, 56.482096], [-5.162799, 56.481054], [-5.163841, 56.480012], [-5.164883, 56.478971], [-5.165924, 56.477929], [-5.166966, 56.476888], [-5.168008, 56.475846], [-5.169049, 56.474804], [-5.170091, 56.473762], [-5.171133, 56.472721], [-5.172174, 56.471679], [-5.173216, 56.470637], [-5.174258, 56.469596], [-5.175299, 56.468554], [-5.176341, 56.467512], [-5.177383, 56.466471], [-5.178424, 56.465429], [-5.179466, 56.464388], [-5.180508, 56.463346], [-5.181549, 56.462304], [-5.182591, 56.461262], [-5.183633, 56.460221], [-5.184674, 56.460221], [-5.185716, 56.459179], [-5.186758, 56.458138], [-5.187799, 56.458138], [-5.188841, 56.458138], [-5.189883, 56.457096], [-5.190924, 56.457096], [-5.191966, 56.457096], [-5.193008, 56.456054], [-5.194049, 56.456054], [-5.195091, 56.456054], [-5.196133, 56.456054], [-5.197174, 56.456054], [-5.198216, 56.455012], [-5.199258, 56.455012], [-5.200299, 56.453971], [-5.201341, 56.453971], [-5.202383, 56.452929], [-5.203424, 56.452929], [-5.204466, 56.452929], [-5.205508, 56.452929], [-5.206549, 56.451888], [-5.207591, 56.451888], [-5.208633, 56.451888], [-5.209674, 56.451888], [-5.210716, 56.451888], [-5.211758, 56.450846], [-5.212799, 56.450846], [-5.213841, 56.450846], [-5.214883, 56.450846], [-5.215924, 56.450846], [-5.216966, 56.450846], [-5.218008, 56.450846], [-5.219049, 56.449804], [-5.220091, 56.448762], [-5.221133, 56.447721], [-5.222174, 56.447721], [-5.223216, 56.447721], [-5.224258, 56.447721], [-5.225299, 56.447721], [-5.226341, 56.446679], [-5.227383, 56.446679], [-5.228424, 56.446679], [-5.229466, 56.445638], [-5.230508, 56.445638], [-5.231549, 56.445638], [-5.232591, 56.445638], [-5.233633, 56.445638], [-5.234674, 56.445638], [-5.235716, 56.445638], [-5.236758, 56.445638], [-5.237799, 56.445638], [-5.238841, 56.445638], [-5.239883, 56.445638], [-5.240924, 56.445638], [-5.241966, 56.445638], [-5.243008, 56.445638], [-5.244049, 56.445638], [-5.245091, 56.445638], [-5.246133, 56.445638], [-5.247174, 56.445638], [-5.248216, 56.445638], [-5.249258, 56.445638], [-5.250299, 56.445638], [-5.251341, 56.445638], [-5.252383, 56.446679], [-5.253424, 56.447721], [-5.254466, 56.448762], [-5.255508, 56.449804], [-5.256549, 56.450846], [-5.257591, 56.450846], [-5.258633, 56.451888], [-5.259674, 56.452929], [-5.260716, 56.453971], [-5.261758, 56.455012], [-5.262799, 56.456054], [-5.263841, 56.457096], [-5.264883, 56.458138], [-5.265924, 56.459179], [-5.266966, 56.459179], [-5.268008, 56.459179], [-5.269049, 56.459179], [-5.270091, 56.459179], [-5.271133, 56.459179], [-5.272174, 56.459179], [-5.273216, 56.459179], [-5.274258, 56.459179], [-5.275299, 56.459179], [-5.276341, 56.459179], [-5.277383, 56.459179], [-5.278424, 56.459179], [-5.279466, 56.459179], [-5.280508, 56.459179], [-5.281549, 56.459179], [-5.282591, 56.459179], [-5.283633, 56.459179], [-5.284674, 56.459179], [-5.285716, 56.459179], [-5.286758, 56.459179], [-5.287799, 56.459179], [-5.288841, 56.459179], [-5.289883, 56.459179], [-5.290924, 56.459179], [-5.291966, 56.459179], [-5.293008, 56.459179], [-5.294049, 56.459179], [-5.295091, 56.459179], [-5.296133, 56.459179], [-5.297174, 56.459179], [-5.298216, 56.459179], [-5.299258, 56.459179], [-5.300299, 56.459179], [-5.301341, 56.459179], [-5.302383, 56.459179], [-5.303424, 56.459179], [-5.304466, 56.459179], [-5.305508, 56.459179], [-5.306549, 56.459179], [-5.307591, 56.459179], [-5.308633, 56.459179], [-5.309674, 56.459179], [-5.310716, 56.459179], [-5.311758, 56.459179], [-5.312799, 56.459179], [-5.313841, 56.459179], [-5.314883, 56.459179], [-5.315924, 56.459179], [-5.316966, 56.459179], [-5.318008, 56.459179], [-5.319049, 56.459179], [-5.320091, 56.459179], [-5.321133, 56.459179], [-5.322174, 56.459179], [-5.323216, 56.459179], [-5.324258, 56.459179], [-5.325299, 56.459179], [-5.326341, 56.459179], [-5.327383, 56.459179], [-5.328424, 56.459179], [-5.329466, 56.459179], [-5.330508, 56.459179], [-5.331549, 56.459179], [-5.332591, 56.459179], [-5.333633, 56.459179], [-5.334674, 56.459179], [-5.335716, 56.459179], [-5.336758, 56.459179], [-5.337799, 56.459179], [-5.338841, 56.459179], [-5.339883, 56.459179], [-5.340924, 56.459179], [-5.341966, 56.459179], [-5.343008, 56.459179], [-5.344049, 56.459179], [-5.345091, 56.460221], [-5.346133, 56.460221], [-5.347174, 56.460221], [-5.348216, 56.460221], [-5.349258, 56.460221], [-5.350299, 56.460221], [-5.351341, 56.461262], [-5.352383, 56.461262], [-5.353424, 56.461262], [-5.354466, 56.461262], [-5.355508, 56.461262], [-5.356549, 56.461262], [-5.357591, 56.461262], [-5.358633, 56.461262], [-5.359674, 56.461262], [-5.360716, 56.460221], [-5.361758, 56.460221], [-5.362799, 56.459179], [-5.363841, 56.459179], [-5.364883, 56.458138], [-5.365924, 56.458138], [-5.366966, 56.458138], [-5.368008, 56.458138], [-5.369049, 56.457096], [-5.370091, 56.457096], [-5.371133, 56.457096], [-5.372174, 56.457096], [-5.373216, 56.457096], [-5.374258, 56.457096], [-5.375299, 56.457096], [-5.376341, 56.457096], [-5.377383, 56.457096], [-5.378424, 56.457096], [-5.379466, 56.457096], [-5.380508, 56.457096], [-5.381549, 56.457096], [-5.382591, 56.457096], [-5.383633, 56.457096], [-5.384674, 56.457096], [-5.385716, 56.457096], [-5.386758, 56.457096], [-5.387799, 56.457096], [-5.388841, 56.457096], [-5.389883, 56.457096], [-5.390924, 56.457096], [-5.391966, 56.457096], [-5.393008, 56.457096], [-5.394049, 56.457096], [-5.395091, 56.457096], [-5.396133, 56.456054]]}, "properties": {"node_id": "os:node/132E8A55-FA0D-4085-9BC6-89B3ACEC76B6", "lat": 56.50345, "lon": -5.13986, "dist_m": 16595, "in_scope": false, "traced": true, "path_m": 20877, "straight_m": 16595, "detour": 1.26, "max_elev_crossed_m": 0.6, "min_depth_m": -118.5, "drying_px": 5, "drying_m": 423, "drying_frac": 0.02}}, {"type": "Feature", "geometry": {"type": "LineString", "coordinates": [[-5.155876, 56.498989], [-5.155876, 56.497948], [-5.155876, 56.496906], [-5.155876, 56.495864], [-5.155876, 56.494823], [-5.155876, 56.493781], [-5.155876, 56.492739], [-5.155876, 56.491698], [-5.155876, 56.490656], [-5.156918, 56.489614], [-5.157959, 56.488572], [-5.159001, 56.487531], [-5.160043, 56.486489], [-5.161084, 56.485448], [-5.162126, 56.484406], [-5.162126, 56.483364], [-5.162126, 56.482322], [-5.162126, 56.481281], [-5.163168, 56.480239], [-5.164209, 56.479198], [-5.165251, 56.478156], [-5.166293, 56.477114], [-5.167334, 56.476073], [-5.168376, 56.475031], [-5.169418, 56.473989], [-5.170459, 56.472948], [-5.171501, 56.471906], [-5.172543, 56.470864], [-5.173584, 56.469823], [-5.174626, 56.468781], [-5.175668, 56.467739], [-5.176709, 56.466698], [-5.177751, 56.465656], [-5.178793, 56.464614], [-5.179834, 56.463573], [-5.180876, 56.462531], [-5.181918, 56.461489], [-5.182959, 56.460448], [-5.184001, 56.459406], [-5.185043, 56.459406], [-5.186084, 56.458364], [-5.187126, 56.457322], [-5.188168, 56.457322], [-5.189209, 56.457322], [-5.190251, 56.456281], [-5.191293, 56.456281], [-5.192334, 56.456281], [-5.193376, 56.455239], [-5.194418, 56.455239], [-5.195459, 56.455239], [-5.196501, 56.455239], [-5.197543, 56.455239], [-5.198584, 56.454198], [-5.199626, 56.454198], [-5.200668, 56.453156], [-5.201709, 56.453156], [-5.202751, 56.452114], [-5.203793, 56.452114], [-5.204834, 56.452114], [-5.205876, 56.452114], [-5.206918, 56.451072], [-5.207959, 56.451072], [-5.209001, 56.451072], [-5.210043, 56.451072], [-5.211084, 56.451072], [-5.212126, 56.450031], [-5.213168, 56.450031], [-5.214209, 56.450031], [-5.215251, 56.450031], [-5.216293, 56.450031], [-5.217334, 56.450031], [-5.218376, 56.450031], [-5.219418, 56.448989], [-5.220459, 56.447948], [-5.221501, 56.446906], [-5.222543, 56.446906], [-5.223584, 56.446906], [-5.224626, 56.446906], [-5.225668, 56.446906], [-5.226709, 56.445864], [-5.227751, 56.445864], [-5.228793, 56.445864], [-5.229834, 56.444823], [-5.230876, 56.444823], [-5.231918, 56.444823], [-5.232959, 56.444823], [-5.234001, 56.444823], [-5.235043, 56.444823], [-5.236084, 56.444823], [-5.237126, 56.444823], [-5.238168, 56.444823], [-5.239209, 56.444823], [-5.240251, 56.444823], [-5.241293, 56.444823], [-5.242334, 56.444823], [-5.243376, 56.444823], [-5.244418, 56.444823], [-5.245459, 56.444823], [-5.246501, 56.444823], [-5.247543, 56.444823], [-5.248584, 56.444823], [-5.249626, 56.444823], [-5.250668, 56.444823], [-5.251709, 56.444823], [-5.252751, 56.445864], [-5.253793, 56.446906], [-5.254834, 56.447948], [-5.255876, 56.448989], [-5.256918, 56.450031], [-5.257959, 56.450031], [-5.259001, 56.451072], [-5.260043, 56.452114], [-5.261084, 56.453156], [-5.262126, 56.454198], [-5.263168, 56.455239], [-5.264209, 56.456281], [-5.265251, 56.457322], [-5.266293, 56.458364], [-5.267334, 56.458364], [-5.268376, 56.458364], [-5.269418, 56.458364], [-5.270459, 56.458364], [-5.271501, 56.458364], [-5.272543, 56.458364], [-5.273584, 56.458364], [-5.274626, 56.458364], [-5.275668, 56.458364], [-5.276709, 56.458364], [-5.277751, 56.458364], [-5.278793, 56.458364], [-5.279834, 56.458364], [-5.280876, 56.458364], [-5.281918, 56.458364], [-5.282959, 56.458364], [-5.284001, 56.458364], [-5.285043, 56.458364], [-5.286084, 56.458364], [-5.287126, 56.458364], [-5.288168, 56.458364], [-5.289209, 56.458364], [-5.290251, 56.458364], [-5.291293, 56.458364], [-5.292334, 56.458364], [-5.293376, 56.458364], [-5.294418, 56.458364], [-5.295459, 56.458364], [-5.296501, 56.458364], [-5.297543, 56.458364], [-5.298584, 56.458364], [-5.299626, 56.458364], [-5.300668, 56.458364], [-5.301709, 56.458364], [-5.302751, 56.458364], [-5.303793, 56.458364], [-5.304834, 56.458364], [-5.305876, 56.458364], [-5.306918, 56.458364], [-5.307959, 56.458364], [-5.309001, 56.458364], [-5.310043, 56.458364], [-5.311084, 56.458364], [-5.312126, 56.458364], [-5.313168, 56.458364], [-5.314209, 56.458364], [-5.315251, 56.458364], [-5.316293, 56.458364], [-5.317334, 56.458364], [-5.318376, 56.458364], [-5.319418, 56.458364], [-5.320459, 56.458364], [-5.321501, 56.458364], [-5.322543, 56.458364], [-5.323584, 56.458364], [-5.324626, 56.458364], [-5.325668, 56.458364], [-5.326709, 56.458364], [-5.327751, 56.458364], [-5.328793, 56.458364], [-5.329834, 56.458364], [-5.330876, 56.458364], [-5.331918, 56.458364], [-5.332959, 56.458364], [-5.334001, 56.458364], [-5.335043, 56.458364], [-5.336084, 56.458364], [-5.337126, 56.458364], [-5.338168, 56.458364], [-5.339209, 56.458364], [-5.340251, 56.458364], [-5.341293, 56.458364], [-5.342334, 56.458364], [-5.343376, 56.458364], [-5.344418, 56.458364], [-5.345459, 56.459406], [-5.346501, 56.459406], [-5.347543, 56.459406], [-5.348584, 56.459406], [-5.349626, 56.459406], [-5.350668, 56.459406], [-5.351709, 56.460448], [-5.352751, 56.460448], [-5.353793, 56.460448], [-5.354834, 56.460448], [-5.355876, 56.460448], [-5.356918, 56.460448], [-5.357959, 56.460448], [-5.359001, 56.460448], [-5.360043, 56.460448], [-5.361084, 56.459406], [-5.362126, 56.459406], [-5.363168, 56.458364], [-5.364209, 56.458364], [-5.365251, 56.457322], [-5.366293, 56.457322], [-5.367334, 56.457322], [-5.368376, 56.457322], [-5.369418, 56.456281], [-5.370459, 56.456281], [-5.371501, 56.456281], [-5.372543, 56.456281], [-5.373584, 56.456281], [-5.374626, 56.456281], [-5.375668, 56.456281], [-5.376709, 56.456281], [-5.377751, 56.456281], [-5.378793, 56.456281], [-5.379834, 56.456281], [-5.380876, 56.456281], [-5.381918, 56.456281], [-5.382959, 56.456281], [-5.384001, 56.456281], [-5.385043, 56.456281], [-5.386084, 56.456281], [-5.387126, 56.456281], [-5.388168, 56.456281], [-5.389209, 56.456281], [-5.390251, 56.456281], [-5.391293, 56.456281], [-5.392334, 56.456281], [-5.393376, 56.456281], [-5.394418, 56.456281], [-5.395459, 56.456281], [-5.396501, 56.455239]]}, "properties": {"node_id": "os:node/5E6497CD-C3FE-49CF-ADC7-73EF24A9DC1D", "lat": 56.49951, "lon": -5.15574, "dist_m": 15571, "in_scope": false, "traced": true, "path_m": 20235, "straight_m": 15571, "detour": 1.3, "max_elev_crossed_m": 0.9, "min_depth_m": -118.5, "drying_px": 6, "drying_m": 500, "drying_frac": 0.025}}, {"type": "Feature", "geometry": {"type": "LineString", "coordinates": [[-5.156918, 56.499051], [-5.155876, 56.498009], [-5.155876, 56.496968], [-5.155876, 56.495926], [-5.155876, 56.494884], [-5.155876, 56.493842], [-5.155876, 56.492801], [-5.155876, 56.491759], [-5.155876, 56.490718], [-5.156918, 56.489676], [-5.157959, 56.488634], [-5.159001, 56.487592], [-5.160043, 56.486551], [-5.161084, 56.485509], [-5.162126, 56.484468], [-5.162126, 56.483426], [-5.162126, 56.482384], [-5.162126, 56.481342], [-5.163168, 56.480301], [-5.164209, 56.479259], [-5.165251, 56.478218], [-5.166293, 56.477176], [-5.167334, 56.476134], [-5.168376, 56.475092], [-5.169418, 56.474051], [-5.170459, 56.473009], [-5.171501, 56.471968], [-5.172543, 56.470926], [-5.173584, 56.469884], [-5.174626, 56.468842], [-5.175668, 56.467801], [-5.176709, 56.466759], [-5.177751, 56.465718], [-5.178793, 56.464676], [-5.179834, 56.463634], [-5.180876, 56.462592], [-5.181918, 56.461551], [-5.182959, 56.460509], [-5.184001, 56.459468], [-5.185043, 56.459468], [-5.186084, 56.458426], [-5.187126, 56.457384], [-5.188168, 56.457384], [-5.189209, 56.457384], [-5.190251, 56.456342], [-5.191293, 56.456342], [-5.192334, 56.456342], [-5.193376, 56.455301], [-5.194418, 56.455301], [-5.195459, 56.455301], [-5.196501, 56.455301], [-5.197543, 56.455301], [-5.198584, 56.454259], [-5.199626, 56.454259], [-5.200668, 56.453218], [-5.201709, 56.453218], [-5.202751, 56.452176], [-5.203793, 56.452176], [-5.204834, 56.452176], [-5.205876, 56.452176], [-5.206918, 56.451134], [-5.207959, 56.451134], [-5.209001, 56.451134], [-5.210043, 56.451134], [-5.211084, 56.451134], [-5.212126, 56.450092], [-5.213168, 56.450092], [-5.214209, 56.450092], [-5.215251, 56.450092], [-5.216293, 56.450092], [-5.217334, 56.450092], [-5.218376, 56.450092], [-5.219418, 56.449051], [-5.220459, 56.448009], [-5.221501, 56.446968], [-5.222543, 56.446968], [-5.223584, 56.446968], [-5.224626, 56.446968], [-5.225668, 56.446968], [-5.226709, 56.445926], [-5.227751, 56.445926], [-5.228793, 56.445926], [-5.229834, 56.444884], [-5.230876, 56.444884], [-5.231918, 56.444884], [-5.232959, 56.444884], [-5.234001, 56.444884], [-5.235043, 56.444884], [-5.236084, 56.444884], [-5.237126, 56.444884], [-5.238168, 56.444884], [-5.239209, 56.444884], [-5.240251, 56.444884], [-5.241293, 56.444884], [-5.242334, 56.444884], [-5.243376, 56.444884], [-5.244418, 56.444884], [-5.245459, 56.444884], [-5.246501, 56.444884], [-5.247543, 56.444884], [-5.248584, 56.444884], [-5.249626, 56.444884], [-5.250668, 56.444884], [-5.251709, 56.444884], [-5.252751, 56.445926], [-5.253793, 56.446968], [-5.254834, 56.448009], [-5.255876, 56.449051], [-5.256918, 56.450092], [-5.257959, 56.450092], [-5.259001, 56.451134], [-5.260043, 56.452176], [-5.261084, 56.453218], [-5.262126, 56.454259], [-5.263168, 56.455301], [-5.264209, 56.456342], [-5.265251, 56.457384], [-5.266293, 56.458426], [-5.267334, 56.458426], [-5.268376, 56.458426], [-5.269418, 56.458426], [-5.270459, 56.458426], [-5.271501, 56.458426], [-5.272543, 56.458426], [-5.273584, 56.458426], [-5.274626, 56.458426], [-5.275668, 56.458426], [-5.276709, 56.458426], [-5.277751, 56.458426], [-5.278793, 56.458426], [-5.279834, 56.458426], [-5.280876, 56.458426], [-5.281918, 56.458426], [-5.282959, 56.458426], [-5.284001, 56.458426], [-5.285043, 56.458426], [-5.286084, 56.458426], [-5.287126, 56.458426], [-5.288168, 56.458426], [-5.289209, 56.458426], [-5.290251, 56.458426], [-5.291293, 56.458426], [-5.292334, 56.458426], [-5.293376, 56.458426], [-5.294418, 56.458426], [-5.295459, 56.458426], [-5.296501, 56.458426], [-5.297543, 56.458426], [-5.298584, 56.458426], [-5.299626, 56.458426], [-5.300668, 56.458426], [-5.301709, 56.458426], [-5.302751, 56.458426], [-5.303793, 56.458426], [-5.304834, 56.458426], [-5.305876, 56.458426], [-5.306918, 56.458426], [-5.307959, 56.458426], [-5.309001, 56.458426], [-5.310043, 56.458426], [-5.311084, 56.458426], [-5.312126, 56.458426], [-5.313168, 56.458426], [-5.314209, 56.458426], [-5.315251, 56.458426], [-5.316293, 56.458426], [-5.317334, 56.458426], [-5.318376, 56.458426], [-5.319418, 56.458426], [-5.320459, 56.458426], [-5.321501, 56.458426], [-5.322543, 56.458426], [-5.323584, 56.458426], [-5.324626, 56.458426], [-5.325668, 56.458426], [-5.326709, 56.458426], [-5.327751, 56.458426], [-5.328793, 56.458426], [-5.329834, 56.458426], [-5.330876, 56.458426], [-5.331918, 56.458426], [-5.332959, 56.458426], [-5.334001, 56.458426], [-5.335043, 56.458426], [-5.336084, 56.458426], [-5.337126, 56.458426], [-5.338168, 56.458426], [-5.339209, 56.458426], [-5.340251, 56.458426], [-5.341293, 56.458426], [-5.342334, 56.458426], [-5.343376, 56.458426], [-5.344418, 56.458426], [-5.345459, 56.459468], [-5.346501, 56.459468], [-5.347543, 56.459468], [-5.348584, 56.459468], [-5.349626, 56.459468], [-5.350668, 56.459468], [-5.351709, 56.460509], [-5.352751, 56.460509], [-5.353793, 56.460509], [-5.354834, 56.460509], [-5.355876, 56.460509], [-5.356918, 56.460509], [-5.357959, 56.460509], [-5.359001, 56.460509], [-5.360043, 56.460509], [-5.361084, 56.459468], [-5.362126, 56.459468], [-5.363168, 56.458426], [-5.364209, 56.458426], [-5.365251, 56.457384], [-5.366293, 56.457384], [-5.367334, 56.457384], [-5.368376, 56.457384], [-5.369418, 56.456342], [-5.370459, 56.456342], [-5.371501, 56.456342], [-5.372543, 56.456342], [-5.373584, 56.456342], [-5.374626, 56.456342], [-5.375668, 56.456342], [-5.376709, 56.456342], [-5.377751, 56.456342], [-5.378793, 56.456342], [-5.379834, 56.456342], [-5.380876, 56.456342], [-5.381918, 56.456342], [-5.382959, 56.456342], [-5.384001, 56.456342], [-5.385043, 56.456342], [-5.386084, 56.456342], [-5.387126, 56.456342], [-5.388168, 56.456342], [-5.389209, 56.456342], [-5.390251, 56.456342], [-5.391293, 56.456342], [-5.392334, 56.456342], [-5.393376, 56.456342], [-5.394418, 56.456342], [-5.395459, 56.456342], [-5.396501, 56.455301]]}, "properties": {"node_id": "os:node/D7CE009C-431C-4A80-AF1A-8076C8917424", "lat": 56.49853, "lon": -5.15702, "dist_m": 15462, "in_scope": false, "traced": true, "path_m": 20252, "straight_m": 15462, "detour": 1.31, "max_elev_crossed_m": 1.9, "min_depth_m": -118.5, "drying_px": 6, "drying_m": 500, "drying_frac": 0.025}}, {"type": "Feature", "geometry": {"type": "LineString", "coordinates": [[-5.147543, 56.475681], [-5.148584, 56.475681], [-5.149626, 56.475681], [-5.150668, 56.475681], [-5.151709, 56.475681], [-5.152751, 56.475681], [-5.153793, 56.475681], [-5.154834, 56.475681], [-5.155876, 56.475681], [-5.156918, 56.475681], [-5.157959, 56.475681], [-5.159001, 56.475681], [-5.160043, 56.474639], [-5.161084, 56.473598], [-5.162126, 56.472556], [-5.163168, 56.472556], [-5.164209, 56.472556], [-5.165251, 56.472556], [-5.166293, 56.472556], [-5.167334, 56.472556], [-5.168376, 56.472556], [-5.169418, 56.472556], [-5.170459, 56.472556], [-5.171501, 56.472556], [-5.172543, 56.471514], [-5.173584, 56.470472], [-5.174626, 56.469431], [-5.175668, 56.468389], [-5.176709, 56.467348], [-5.177751, 56.466306], [-5.178793, 56.465264], [-5.179834, 56.464222], [-5.180876, 56.463181], [-5.181918, 56.462139], [-5.182959, 56.461098], [-5.184001, 56.460056], [-5.185043, 56.460056], [-5.186084, 56.459014], [-5.187126, 56.457972], [-5.188168, 56.457972], [-5.189209, 56.457972], [-5.190251, 56.456931], [-5.191293, 56.456931], [-5.192334, 56.456931], [-5.193376, 56.455889], [-5.194418, 56.455889], [-5.195459, 56.455889], [-5.196501, 56.455889], [-5.197543, 56.455889], [-5.198584, 56.454848], [-5.199626, 56.454848], [-5.200668, 56.453806], [-5.201709, 56.453806], [-5.202751, 56.452764], [-5.203793, 56.452764], [-5.204834, 56.452764], [-5.205876, 56.452764], [-5.206918, 56.451722], [-5.207959, 56.451722], [-5.209001, 56.451722], [-5.210043, 56.451722], [-5.211084, 56.451722], [-5.212126, 56.450681], [-5.213168, 56.450681], [-5.214209, 56.450681], [-5.215251, 56.450681], [-5.216293, 56.450681], [-5.217334, 56.450681], [-5.218376, 56.450681], [-5.219418, 56.449639], [-5.220459, 56.448598], [-5.221501, 56.447556], [-5.222543, 56.447556], [-5.223584, 56.447556], [-5.224626, 56.447556], [-5.225668, 56.447556], [-5.226709, 56.446514], [-5.227751, 56.446514], [-5.228793, 56.446514], [-5.229834, 56.445472], [-5.230876, 56.445472], [-5.231918, 56.445472], [-5.232959, 56.445472], [-5.234001, 56.445472], [-5.235043, 56.445472], [-5.236084, 56.445472], [-5.237126, 56.445472], [-5.238168, 56.445472], [-5.239209, 56.445472], [-5.240251, 56.445472], [-5.241293, 56.445472], [-5.242334, 56.445472], [-5.243376, 56.445472], [-5.244418, 56.445472], [-5.245459, 56.445472], [-5.246501, 56.445472], [-5.247543, 56.445472], [-5.248584, 56.445472], [-5.249626, 56.445472], [-5.250668, 56.445472], [-5.251709, 56.445472], [-5.252751, 56.446514], [-5.253793, 56.447556], [-5.254834, 56.448598], [-5.255876, 56.449639], [-5.256918, 56.450681], [-5.257959, 56.450681], [-5.259001, 56.451722], [-5.260043, 56.452764], [-5.261084, 56.453806], [-5.262126, 56.454848], [-5.263168, 56.455889], [-5.264209, 56.456931], [-5.265251, 56.457972], [-5.266293, 56.459014], [-5.267334, 56.459014], [-5.268376, 56.459014], [-5.269418, 56.459014], [-5.270459, 56.459014], [-5.271501, 56.459014], [-5.272543, 56.459014], [-5.273584, 56.459014], [-5.274626, 56.459014], [-5.275668, 56.459014], [-5.276709, 56.459014], [-5.277751, 56.459014], [-5.278793, 56.459014], [-5.279834, 56.459014], [-5.280876, 56.459014], [-5.281918, 56.459014], [-5.282959, 56.459014], [-5.284001, 56.459014], [-5.285043, 56.459014], [-5.286084, 56.459014], [-5.287126, 56.459014], [-5.288168, 56.459014], [-5.289209, 56.459014], [-5.290251, 56.459014], [-5.291293, 56.459014], [-5.292334, 56.459014], [-5.293376, 56.459014], [-5.294418, 56.459014], [-5.295459, 56.459014], [-5.296501, 56.459014], [-5.297543, 56.459014], [-5.298584, 56.459014], [-5.299626, 56.459014], [-5.300668, 56.459014], [-5.301709, 56.459014], [-5.302751, 56.459014], [-5.303793, 56.459014], [-5.304834, 56.459014], [-5.305876, 56.459014], [-5.306918, 56.459014], [-5.307959, 56.459014], [-5.309001, 56.459014], [-5.310043, 56.459014], [-5.311084, 56.459014], [-5.312126, 56.459014], [-5.313168, 56.459014], [-5.314209, 56.459014], [-5.315251, 56.459014], [-5.316293, 56.459014], [-5.317334, 56.459014], [-5.318376, 56.459014], [-5.319418, 56.459014], [-5.320459, 56.459014], [-5.321501, 56.459014], [-5.322543, 56.459014], [-5.323584, 56.459014], [-5.324626, 56.459014], [-5.325668, 56.459014], [-5.326709, 56.459014], [-5.327751, 56.459014], [-5.328793, 56.459014], [-5.329834, 56.459014], [-5.330876, 56.459014], [-5.331918, 56.459014], [-5.332959, 56.459014], [-5.334001, 56.459014], [-5.335043, 56.459014], [-5.336084, 56.459014], [-5.337126, 56.459014], [-5.338168, 56.459014], [-5.339209, 56.459014], [-5.340251, 56.459014], [-5.341293, 56.459014], [-5.342334, 56.459014], [-5.343376, 56.459014], [-5.344418, 56.459014], [-5.345459, 56.460056], [-5.346501, 56.460056], [-5.347543, 56.460056], [-5.348584, 56.460056], [-5.349626, 56.460056], [-5.350668, 56.460056], [-5.351709, 56.461098], [-5.352751, 56.461098], [-5.353793, 56.461098], [-5.354834, 56.461098], [-5.355876, 56.461098], [-5.356918, 56.461098], [-5.357959, 56.461098], [-5.359001, 56.461098], [-5.360043, 56.461098], [-5.361084, 56.460056], [-5.362126, 56.460056], [-5.363168, 56.459014], [-5.364209, 56.459014], [-5.365251, 56.457972], [-5.366293, 56.457972], [-5.367334, 56.457972], [-5.368376, 56.457972], [-5.369418, 56.456931], [-5.370459, 56.456931], [-5.371501, 56.456931], [-5.372543, 56.456931], [-5.373584, 56.456931], [-5.374626, 56.456931], [-5.375668, 56.456931], [-5.376709, 56.456931], [-5.377751, 56.456931], [-5.378793, 56.456931], [-5.379834, 56.456931], [-5.380876, 56.456931], [-5.381918, 56.456931], [-5.382959, 56.456931], [-5.384001, 56.456931], [-5.385043, 56.456931], [-5.386084, 56.456931], [-5.387126, 56.456931], [-5.388168, 56.456931], [-5.389209, 56.456931], [-5.390251, 56.456931], [-5.391293, 56.456931], [-5.392334, 56.456931], [-5.393376, 56.456931], [-5.394418, 56.456931], [-5.395459, 56.456931], [-5.396501, 56.455889]]}, "properties": {"node_id": "os:node/607D01DF-67DD-4396-8E42-F84C1BFFA98A", "lat": 56.47516, "lon": -5.14743, "dist_m": 15437, "in_scope": false, "traced": true, "path_m": 18659, "straight_m": 15437, "detour": 1.21, "max_elev_crossed_m": 3.9, "min_depth_m": -126.9, "drying_px": 7, "drying_m": 544, "drying_frac": 0.029}}, {"type": "Feature", "geometry": {"type": "LineString", "coordinates": [[-5.161084, 56.491841], [-5.161084, 56.490799], [-5.161084, 56.489757], [-5.161084, 56.488716], [-5.161084, 56.487674], [-5.161084, 56.486632], [-5.161084, 56.485591], [-5.161084, 56.484549], [-5.161084, 56.483508], [-5.162126, 56.482466], [-5.163168, 56.481424], [-5.164209, 56.480382], [-5.165251, 56.479341], [-5.166293, 56.478299], [-5.167334, 56.477258], [-5.167334, 56.476216], [-5.168376, 56.475174], [-5.169418, 56.474132], [-5.170459, 56.473091], [-5.171501, 56.472049], [-5.172543, 56.471008], [-5.173584, 56.469966], [-5.174626, 56.468924], [-5.175668, 56.467882], [-5.176709, 56.466841], [-5.177751, 56.465799], [-5.178793, 56.464758], [-5.179834, 56.463716], [-5.180876, 56.462674], [-5.181918, 56.461632], [-5.182959, 56.460591], [-5.184001, 56.459549], [-5.185043, 56.459549], [-5.186084, 56.458507], [-5.187126, 56.457466], [-5.188168, 56.457466], [-5.189209, 56.457466], [-5.190251, 56.456424], [-5.191293, 56.456424], [-5.192334, 56.456424], [-5.193376, 56.455382], [-5.194418, 56.455382], [-5.195459, 56.455382], [-5.196501, 56.455382], [-5.197543, 56.455382], [-5.198584, 56.454341], [-5.199626, 56.454341], [-5.200668, 56.453299], [-5.201709, 56.453299], [-5.202751, 56.452258], [-5.203793, 56.452258], [-5.204834, 56.452258], [-5.205876, 56.452258], [-5.206918, 56.451216], [-5.207959, 56.451216], [-5.209001, 56.451216], [-5.210043, 56.451216], [-5.211084, 56.451216], [-5.212126, 56.450174], [-5.213168, 56.450174], [-5.214209, 56.450174], [-5.215251, 56.450174], [-5.216293, 56.450174], [-5.217334, 56.450174], [-5.218376, 56.450174], [-5.219418, 56.449132], [-5.220459, 56.448091], [-5.221501, 56.447049], [-5.222543, 56.447049], [-5.223584, 56.447049], [-5.224626, 56.447049], [-5.225668, 56.447049], [-5.226709, 56.446008], [-5.227751, 56.446008], [-5.228793, 56.446008], [-5.229834, 56.444966], [-5.230876, 56.444966], [-5.231918, 56.444966], [-5.232959, 56.444966], [-5.234001, 56.444966], [-5.235043, 56.444966], [-5.236084, 56.444966], [-5.237126, 56.444966], [-5.238168, 56.444966], [-5.239209, 56.444966], [-5.240251, 56.444966], [-5.241293, 56.444966], [-5.242334, 56.444966], [-5.243376, 56.444966], [-5.244418, 56.444966], [-5.245459, 56.444966], [-5.246501, 56.444966], [-5.247543, 56.444966], [-5.248584, 56.444966], [-5.249626, 56.444966], [-5.250668, 56.444966], [-5.251709, 56.444966], [-5.252751, 56.446008], [-5.253793, 56.447049], [-5.254834, 56.448091], [-5.255876, 56.449132], [-5.256918, 56.450174], [-5.257959, 56.450174], [-5.259001, 56.451216], [-5.260043, 56.452258], [-5.261084, 56.453299], [-5.262126, 56.454341], [-5.263168, 56.455382], [-5.264209, 56.456424], [-5.265251, 56.457466], [-5.266293, 56.458507], [-5.267334, 56.458507], [-5.268376, 56.458507], [-5.269418, 56.458507], [-5.270459, 56.458507], [-5.271501, 56.458507], [-5.272543, 56.458507], [-5.273584, 56.458507], [-5.274626, 56.458507], [-5.275668, 56.458507], [-5.276709, 56.458507], [-5.277751, 56.458507], [-5.278793, 56.458507], [-5.279834, 56.458507], [-5.280876, 56.458507], [-5.281918, 56.458507], [-5.282959, 56.458507], [-5.284001, 56.458507], [-5.285043, 56.458507], [-5.286084, 56.458507], [-5.287126, 56.458507], [-5.288168, 56.458507], [-5.289209, 56.458507], [-5.290251, 56.458507], [-5.291293, 56.458507], [-5.292334, 56.458507], [-5.293376, 56.458507], [-5.294418, 56.458507], [-5.295459, 56.458507], [-5.296501, 56.458507], [-5.297543, 56.458507], [-5.298584, 56.458507], [-5.299626, 56.458507], [-5.300668, 56.458507], [-5.301709, 56.458507], [-5.302751, 56.458507], [-5.303793, 56.458507], [-5.304834, 56.458507], [-5.305876, 56.458507], [-5.306918, 56.458507], [-5.307959, 56.458507], [-5.309001, 56.458507], [-5.310043, 56.458507], [-5.311084, 56.458507], [-5.312126, 56.458507], [-5.313168, 56.458507], [-5.314209, 56.458507], [-5.315251, 56.458507], [-5.316293, 56.458507], [-5.317334, 56.458507], [-5.318376, 56.458507], [-5.319418, 56.458507], [-5.320459, 56.458507], [-5.321501, 56.458507], [-5.322543, 56.458507], [-5.323584, 56.458507], [-5.324626, 56.458507], [-5.325668, 56.458507], [-5.326709, 56.458507], [-5.327751, 56.458507], [-5.328793, 56.458507], [-5.329834, 56.458507], [-5.330876, 56.458507], [-5.331918, 56.458507], [-5.332959, 56.458507], [-5.334001, 56.458507], [-5.335043, 56.458507], [-5.336084, 56.458507], [-5.337126, 56.458507], [-5.338168, 56.458507], [-5.339209, 56.458507], [-5.340251, 56.458507], [-5.341293, 56.458507], [-5.342334, 56.458507], [-5.343376, 56.458507], [-5.344418, 56.458507], [-5.345459, 56.459549], [-5.346501, 56.459549], [-5.347543, 56.459549], [-5.348584, 56.459549], [-5.349626, 56.459549], [-5.350668, 56.459549], [-5.351709, 56.460591], [-5.352751, 56.460591], [-5.353793, 56.460591], [-5.354834, 56.460591], [-5.355876, 56.460591], [-5.356918, 56.460591], [-5.357959, 56.460591], [-5.359001, 56.460591], [-5.360043, 56.460591], [-5.361084, 56.459549], [-5.362126, 56.459549], [-5.363168, 56.458507], [-5.364209, 56.458507], [-5.365251, 56.457466], [-5.366293, 56.457466], [-5.367334, 56.457466], [-5.368376, 56.457466], [-5.369418, 56.456424], [-5.370459, 56.456424], [-5.371501, 56.456424], [-5.372543, 56.456424], [-5.373584, 56.456424], [-5.374626, 56.456424], [-5.375668, 56.456424], [-5.376709, 56.456424], [-5.377751, 56.456424], [-5.378793, 56.456424], [-5.379834, 56.456424], [-5.380876, 56.456424], [-5.381918, 56.456424], [-5.382959, 56.456424], [-5.384001, 56.456424], [-5.385043, 56.456424], [-5.386084, 56.456424], [-5.387126, 56.456424], [-5.388168, 56.456424], [-5.389209, 56.456424], [-5.390251, 56.456424], [-5.391293, 56.456424], [-5.392334, 56.456424], [-5.393376, 56.456424], [-5.394418, 56.456424], [-5.395459, 56.456424], [-5.396501, 56.455382]]}, "properties": {"node_id": "os:node/06A57CA9-7E42-453B-BE2C-AC01F82B360B", "lat": 56.49132, "lon": -5.16133, "dist_m": 14975, "in_scope": false, "traced": true, "path_m": 19344, "straight_m": 14975, "detour": 1.29, "max_elev_crossed_m": 3.8, "min_depth_m": -118.5, "drying_px": 10, "drying_m": 820, "drying_frac": 0.042}}, {"type": "Feature", "geometry": {"type": "LineString", "coordinates": [[-5.161084, 56.490941], [-5.161084, 56.489899], [-5.161084, 56.488857], [-5.161084, 56.487816], [-5.161084, 56.486774], [-5.161084, 56.485732], [-5.161084, 56.484691], [-5.161084, 56.483649], [-5.161084, 56.482608], [-5.162126, 56.481566], [-5.163168, 56.480524], [-5.164209, 56.479482], [-5.165251, 56.478441], [-5.166293, 56.477399], [-5.167334, 56.476358], [-5.168376, 56.475316], [-5.169418, 56.474274], [-5.170459, 56.473232], [-5.171501, 56.472191], [-5.172543, 56.471149], [-5.173584, 56.470108], [-5.174626, 56.469066], [-5.175668, 56.468024], [-5.176709, 56.466982], [-5.177751, 56.465941], [-5.178793, 56.464899], [-5.179834, 56.463857], [-5.180876, 56.462816], [-5.181918, 56.461774], [-5.182959, 56.460732], [-5.184001, 56.459691], [-5.185043, 56.459691], [-5.186084, 56.458649], [-5.187126, 56.457607], [-5.188168, 56.457607], [-5.189209, 56.457607], [-5.190251, 56.456566], [-5.191293, 56.456566], [-5.192334, 56.456566], [-5.193376, 56.455524], [-5.194418, 56.455524], [-5.195459, 56.455524], [-5.196501, 56.455524], [-5.197543, 56.455524], [-5.198584, 56.454482], [-5.199626, 56.454482], [-5.200668, 56.453441], [-5.201709, 56.453441], [-5.202751, 56.452399], [-5.203793, 56.452399], [-5.204834, 56.452399], [-5.205876, 56.452399], [-5.206918, 56.451358], [-5.207959, 56.451358], [-5.209001, 56.451358], [-5.210043, 56.451358], [-5.211084, 56.451358], [-5.212126, 56.450316], [-5.213168, 56.450316], [-5.214209, 56.450316], [-5.215251, 56.450316], [-5.216293, 56.450316], [-5.217334, 56.450316], [-5.218376, 56.450316], [-5.219418, 56.449274], [-5.220459, 56.448232], [-5.221501, 56.447191], [-5.222543, 56.447191], [-5.223584, 56.447191], [-5.224626, 56.447191], [-5.225668, 56.447191], [-5.226709, 56.446149], [-5.227751, 56.446149], [-5.228793, 56.446149], [-5.229834, 56.445108], [-5.230876, 56.445108], [-5.231918, 56.445108], [-5.232959, 56.445108], [-5.234001, 56.445108], [-5.235043, 56.445108], [-5.236084, 56.445108], [-5.237126, 56.445108], [-5.238168, 56.445108], [-5.239209, 56.445108], [-5.240251, 56.445108], [-5.241293, 56.445108], [-5.242334, 56.445108], [-5.243376, 56.445108], [-5.244418, 56.445108], [-5.245459, 56.445108], [-5.246501, 56.445108], [-5.247543, 56.445108], [-5.248584, 56.445108], [-5.249626, 56.445108], [-5.250668, 56.445108], [-5.251709, 56.445108], [-5.252751, 56.446149], [-5.253793, 56.447191], [-5.254834, 56.448232], [-5.255876, 56.449274], [-5.256918, 56.450316], [-5.257959, 56.450316], [-5.259001, 56.451358], [-5.260043, 56.452399], [-5.261084, 56.453441], [-5.262126, 56.454482], [-5.263168, 56.455524], [-5.264209, 56.456566], [-5.265251, 56.457607], [-5.266293, 56.458649], [-5.267334, 56.458649], [-5.268376, 56.458649], [-5.269418, 56.458649], [-5.270459, 56.458649], [-5.271501, 56.458649], [-5.272543, 56.458649], [-5.273584, 56.458649], [-5.274626, 56.458649], [-5.275668, 56.458649], [-5.276709, 56.458649], [-5.277751, 56.458649], [-5.278793, 56.458649], [-5.279834, 56.458649], [-5.280876, 56.458649], [-5.281918, 56.458649], [-5.282959, 56.458649], [-5.284001, 56.458649], [-5.285043, 56.458649], [-5.286084, 56.458649], [-5.287126, 56.458649], [-5.288168, 56.458649], [-5.289209, 56.458649], [-5.290251, 56.458649], [-5.291293, 56.458649], [-5.292334, 56.458649], [-5.293376, 56.458649], [-5.294418, 56.458649], [-5.295459, 56.458649], [-5.296501, 56.458649], [-5.297543, 56.458649], [-5.298584, 56.458649], [-5.299626, 56.458649], [-5.300668, 56.458649], [-5.301709, 56.458649], [-5.302751, 56.458649], [-5.303793, 56.458649], [-5.304834, 56.458649], [-5.305876, 56.458649], [-5.306918, 56.458649], [-5.307959, 56.458649], [-5.309001, 56.458649], [-5.310043, 56.458649], [-5.311084, 56.458649], [-5.312126, 56.458649], [-5.313168, 56.458649], [-5.314209, 56.458649], [-5.315251, 56.458649], [-5.316293, 56.458649], [-5.317334, 56.458649], [-5.318376, 56.458649], [-5.319418, 56.458649], [-5.320459, 56.458649], [-5.321501, 56.458649], [-5.322543, 56.458649], [-5.323584, 56.458649], [-5.324626, 56.458649], [-5.325668, 56.458649], [-5.326709, 56.458649], [-5.327751, 56.458649], [-5.328793, 56.458649], [-5.329834, 56.458649], [-5.330876, 56.458649], [-5.331918, 56.458649], [-5.332959, 56.458649], [-5.334001, 56.458649], [-5.335043, 56.458649], [-5.336084, 56.458649], [-5.337126, 56.458649], [-5.338168, 56.458649], [-5.339209, 56.458649], [-5.340251, 56.458649], [-5.341293, 56.458649], [-5.342334, 56.458649], [-5.343376, 56.458649], [-5.344418, 56.458649], [-5.345459, 56.459691], [-5.346501, 56.459691], [-5.347543, 56.459691], [-5.348584, 56.459691], [-5.349626, 56.459691], [-5.350668, 56.459691], [-5.351709, 56.460732], [-5.352751, 56.460732], [-5.353793, 56.460732], [-5.354834, 56.460732], [-5.355876, 56.460732], [-5.356918, 56.460732], [-5.357959, 56.460732], [-5.359001, 56.460732], [-5.360043, 56.460732], [-5.361084, 56.459691], [-5.362126, 56.459691], [-5.363168, 56.458649], [-5.364209, 56.458649], [-5.365251, 56.457607], [-5.366293, 56.457607], [-5.367334, 56.457607], [-5.368376, 56.457607], [-5.369418, 56.456566], [-5.370459, 56.456566], [-5.371501, 56.456566], [-5.372543, 56.456566], [-5.373584, 56.456566], [-5.374626, 56.456566], [-5.375668, 56.456566], [-5.376709, 56.456566], [-5.377751, 56.456566], [-5.378793, 56.456566], [-5.379834, 56.456566], [-5.380876, 56.456566], [-5.381918, 56.456566], [-5.382959, 56.456566], [-5.384001, 56.456566], [-5.385043, 56.456566], [-5.386084, 56.456566], [-5.387126, 56.456566], [-5.388168, 56.456566], [-5.389209, 56.456566], [-5.390251, 56.456566], [-5.391293, 56.456566], [-5.392334, 56.456566], [-5.393376, 56.456566], [-5.394418, 56.456566], [-5.395459, 56.456566], [-5.396501, 56.455524]]}, "properties": {"node_id": "os:node/3EBB4809-B2F7-4E27-8920-0D630A5E7E39", "lat": 56.49042, "lon": -5.16115, "dist_m": 14959, "in_scope": false, "traced": true, "path_m": 19228, "straight_m": 14959, "detour": 1.29, "max_elev_crossed_m": 0.6, "min_depth_m": -118.5, "drying_px": 9, "drying_m": 736, "drying_frac": 0.038}}, {"type": "Feature", "geometry": {"type": "LineString", "coordinates": [[-5.171501, 56.457719], [-5.172543, 56.457719], [-5.173584, 56.457719], [-5.174626, 56.457719], [-5.175668, 56.457719], [-5.176709, 56.457719], [-5.177751, 56.457719], [-5.178793, 56.457719], [-5.179834, 56.457719], [-5.180876, 56.456678], [-5.181918, 56.455636], [-5.182959, 56.454594], [-5.184001, 56.453552], [-5.185043, 56.452511], [-5.186084, 56.451469], [-5.187126, 56.451469], [-5.188168, 56.451469], [-5.189209, 56.451469], [-5.190251, 56.451469], [-5.191293, 56.451469], [-5.192334, 56.451469], [-5.193376, 56.451469], [-5.194418, 56.451469], [-5.195459, 56.451469], [-5.196501, 56.451469], [-5.197543, 56.451469], [-5.198584, 56.451469], [-5.199626, 56.451469], [-5.200668, 56.451469], [-5.201709, 56.451469], [-5.202751, 56.451469], [-5.203793, 56.451469], [-5.204834, 56.451469], [-5.205876, 56.451469], [-5.206918, 56.451469], [-5.207959, 56.451469], [-5.209001, 56.451469], [-5.210043, 56.451469], [-5.211084, 56.451469], [-5.212126, 56.450428], [-5.213168, 56.450428], [-5.214209, 56.450428], [-5.215251, 56.450428], [-5.216293, 56.450428], [-5.217334, 56.450428], [-5.218376, 56.450428], [-5.219418, 56.449386], [-5.220459, 56.448344], [-5.221501, 56.447302], [-5.222543, 56.447302], [-5.223584, 56.447302], [-5.224626, 56.447302], [-5.225668, 56.447302], [-5.226709, 56.446261], [-5.227751, 56.446261], [-5.228793, 56.446261], [-5.229834, 56.445219], [-5.230876, 56.445219], [-5.231918, 56.445219], [-5.232959, 56.445219], [-5.234001, 56.445219], [-5.235043, 56.445219], [-5.236084, 56.445219], [-5.237126, 56.445219], [-5.238168, 56.445219], [-5.239209, 56.445219], [-5.240251, 56.445219], [-5.241293, 56.445219], [-5.242334, 56.445219], [-5.243376, 56.445219], [-5.244418, 56.445219], [-5.245459, 56.445219], [-5.246501, 56.445219], [-5.247543, 56.445219], [-5.248584, 56.445219], [-5.249626, 56.445219], [-5.250668, 56.445219], [-5.251709, 56.445219], [-5.252751, 56.446261], [-5.253793, 56.447302], [-5.254834, 56.448344], [-5.255876, 56.449386], [-5.256918, 56.450428], [-5.257959, 56.450428], [-5.259001, 56.451469], [-5.260043, 56.452511], [-5.261084, 56.453552], [-5.262126, 56.454594], [-5.263168, 56.455636], [-5.264209, 56.456678], [-5.265251, 56.457719], [-5.266293, 56.458761], [-5.267334, 56.458761], [-5.268376, 56.458761], [-5.269418, 56.458761], [-5.270459, 56.458761], [-5.271501, 56.458761], [-5.272543, 56.458761], [-5.273584, 56.458761], [-5.274626, 56.458761], [-5.275668, 56.458761], [-5.276709, 56.458761], [-5.277751, 56.458761], [-5.278793, 56.458761], [-5.279834, 56.458761], [-5.280876, 56.458761], [-5.281918, 56.458761], [-5.282959, 56.458761], [-5.284001, 56.458761], [-5.285043, 56.458761], [-5.286084, 56.458761], [-5.287126, 56.458761], [-5.288168, 56.458761], [-5.289209, 56.458761], [-5.290251, 56.458761], [-5.291293, 56.458761], [-5.292334, 56.458761], [-5.293376, 56.458761], [-5.294418, 56.458761], [-5.295459, 56.458761], [-5.296501, 56.458761], [-5.297543, 56.458761], [-5.298584, 56.458761], [-5.299626, 56.458761], [-5.300668, 56.458761], [-5.301709, 56.458761], [-5.302751, 56.458761], [-5.303793, 56.458761], [-5.304834, 56.458761], [-5.305876, 56.458761], [-5.306918, 56.458761], [-5.307959, 56.458761], [-5.309001, 56.458761], [-5.310043, 56.458761], [-5.311084, 56.458761], [-5.312126, 56.458761], [-5.313168, 56.458761], [-5.314209, 56.458761], [-5.315251, 56.458761], [-5.316293, 56.458761], [-5.317334, 56.458761], [-5.318376, 56.458761], [-5.319418, 56.458761], [-5.320459, 56.458761], [-5.321501, 56.458761], [-5.322543, 56.458761], [-5.323584, 56.458761], [-5.324626, 56.458761], [-5.325668, 56.458761], [-5.326709, 56.458761], [-5.327751, 56.458761], [-5.328793, 56.458761], [-5.329834, 56.458761], [-5.330876, 56.458761], [-5.331918, 56.458761], [-5.332959, 56.458761], [-5.334001, 56.458761], [-5.335043, 56.458761], [-5.336084, 56.458761], [-5.337126, 56.458761], [-5.338168, 56.458761], [-5.339209, 56.458761], [-5.340251, 56.458761], [-5.341293, 56.458761], [-5.342334, 56.458761], [-5.343376, 56.458761], [-5.344418, 56.458761], [-5.345459, 56.459802], [-5.346501, 56.459802], [-5.347543, 56.459802], [-5.348584, 56.459802], [-5.349626, 56.459802], [-5.350668, 56.459802], [-5.351709, 56.460844], [-5.352751, 56.460844], [-5.353793, 56.460844], [-5.354834, 56.460844], [-5.355876, 56.460844], [-5.356918, 56.460844], [-5.357959, 56.460844], [-5.359001, 56.460844], [-5.360043, 56.460844], [-5.361084, 56.459802], [-5.362126, 56.459802], [-5.363168, 56.458761], [-5.364209, 56.458761], [-5.365251, 56.457719], [-5.366293, 56.457719], [-5.367334, 56.457719], [-5.368376, 56.457719], [-5.369418, 56.456678], [-5.370459, 56.456678], [-5.371501, 56.456678], [-5.372543, 56.456678], [-5.373584, 56.456678], [-5.374626, 56.456678], [-5.375668, 56.456678], [-5.376709, 56.456678], [-5.377751, 56.456678], [-5.378793, 56.456678], [-5.379834, 56.456678], [-5.380876, 56.456678], [-5.381918, 56.456678], [-5.382959, 56.456678], [-5.384001, 56.456678], [-5.385043, 56.456678], [-5.386084, 56.456678], [-5.387126, 56.456678], [-5.388168, 56.456678], [-5.389209, 56.456678], [-5.390251, 56.456678], [-5.391293, 56.456678], [-5.392334, 56.456678], [-5.393376, 56.456678], [-5.394418, 56.456678], [-5.395459, 56.456678], [-5.396501, 56.455636]]}, "properties": {"node_id": "os:node/5B3B5FF2-536B-40BB-8A26-702B9D7CF0AE", "lat": 56.45824, "lon": -5.17145, "dist_m": 13801, "in_scope": false, "traced": true, "path_m": 16029, "straight_m": 13801, "detour": 1.16, "max_elev_crossed_m": 3.9, "min_depth_m": -136.9, "drying_px": 7, "drying_m": 517, "drying_frac": 0.032}}, {"type": "Feature", "geometry": {"type": "LineString", "coordinates": [[-5.173584, 56.457211], [-5.174626, 56.458252], [-5.175668, 56.458252], [-5.176709, 56.458252], [-5.177751, 56.458252], [-5.178793, 56.458252], [-5.179834, 56.458252], [-5.180876, 56.458252], [-5.181918, 56.458252], [-5.182959, 56.457211], [-5.184001, 56.456169], [-5.185043, 56.455127], [-5.186084, 56.454086], [-5.187126, 56.453044], [-5.188168, 56.452002], [-5.189209, 56.452002], [-5.190251, 56.452002], [-5.191293, 56.452002], [-5.192334, 56.452002], [-5.193376, 56.452002], [-5.194418, 56.452002], [-5.195459, 56.452002], [-5.196501, 56.452002], [-5.197543, 56.452002], [-5.198584, 56.452002], [-5.199626, 56.452002], [-5.200668, 56.452002], [-5.201709, 56.452002], [-5.202751, 56.452002], [-5.203793, 56.452002], [-5.204834, 56.450961], [-5.205876, 56.450961], [-5.206918, 56.450961], [-5.207959, 56.450961], [-5.209001, 56.450961], [-5.210043, 56.450961], [-5.211084, 56.450961], [-5.212126, 56.450961], [-5.213168, 56.450961], [-5.214209, 56.450961], [-5.215251, 56.450961], [-5.216293, 56.450961], [-5.217334, 56.450961], [-5.218376, 56.450961], [-5.219418, 56.449919], [-5.220459, 56.448878], [-5.221501, 56.447836], [-5.222543, 56.447836], [-5.223584, 56.447836], [-5.224626, 56.447836], [-5.225668, 56.447836], [-5.226709, 56.446794], [-5.227751, 56.446794], [-5.228793, 56.446794], [-5.229834, 56.445752], [-5.230876, 56.445752], [-5.231918, 56.445752], [-5.232959, 56.445752], [-5.234001, 56.445752], [-5.235043, 56.445752], [-5.236084, 56.445752], [-5.237126, 56.445752], [-5.238168, 56.445752], [-5.239209, 56.445752], [-5.240251, 56.445752], [-5.241293, 56.445752], [-5.242334, 56.445752], [-5.243376, 56.445752], [-5.244418, 56.445752], [-5.245459, 56.445752], [-5.246501, 56.445752], [-5.247543, 56.445752], [-5.248584, 56.445752], [-5.249626, 56.445752], [-5.250668, 56.445752], [-5.251709, 56.445752], [-5.252751, 56.446794], [-5.253793, 56.447836], [-5.254834, 56.448878], [-5.255876, 56.449919], [-5.256918, 56.450961], [-5.257959, 56.450961], [-5.259001, 56.452002], [-5.260043, 56.453044], [-5.261084, 56.454086], [-5.262126, 56.455127], [-5.263168, 56.456169], [-5.264209, 56.457211], [-5.265251, 56.458252], [-5.266293, 56.459294], [-5.267334, 56.459294], [-5.268376, 56.459294], [-5.269418, 56.459294], [-5.270459, 56.459294], [-5.271501, 56.459294], [-5.272543, 56.459294], [-5.273584, 56.459294], [-5.274626, 56.459294], [-5.275668, 56.459294], [-5.276709, 56.459294], [-5.277751, 56.459294], [-5.278793, 56.459294], [-5.279834, 56.459294], [-5.280876, 56.459294], [-5.281918, 56.459294], [-5.282959, 56.459294], [-5.284001, 56.459294], [-5.285043, 56.459294], [-5.286084, 56.459294], [-5.287126, 56.459294], [-5.288168, 56.459294], [-5.289209, 56.459294], [-5.290251, 56.459294], [-5.291293, 56.459294], [-5.292334, 56.459294], [-5.293376, 56.459294], [-5.294418, 56.459294], [-5.295459, 56.459294], [-5.296501, 56.459294], [-5.297543, 56.459294], [-5.298584, 56.459294], [-5.299626, 56.459294], [-5.300668, 56.459294], [-5.301709, 56.459294], [-5.302751, 56.459294], [-5.303793, 56.459294], [-5.304834, 56.459294], [-5.305876, 56.459294], [-5.306918, 56.459294], [-5.307959, 56.459294], [-5.309001, 56.459294], [-5.310043, 56.459294], [-5.311084, 56.459294], [-5.312126, 56.459294], [-5.313168, 56.459294], [-5.314209, 56.459294], [-5.315251, 56.459294], [-5.316293, 56.459294], [-5.317334, 56.459294], [-5.318376, 56.459294], [-5.319418, 56.459294], [-5.320459, 56.459294], [-5.321501, 56.459294], [-5.322543, 56.459294], [-5.323584, 56.459294], [-5.324626, 56.459294], [-5.325668, 56.459294], [-5.326709, 56.459294], [-5.327751, 56.459294], [-5.328793, 56.459294], [-5.329834, 56.459294], [-5.330876, 56.459294], [-5.331918, 56.459294], [-5.332959, 56.459294], [-5.334001, 56.459294], [-5.335043, 56.459294], [-5.336084, 56.459294], [-5.337126, 56.459294], [-5.338168, 56.459294], [-5.339209, 56.459294], [-5.340251, 56.459294], [-5.341293, 56.459294], [-5.342334, 56.459294], [-5.343376, 56.459294], [-5.344418, 56.459294], [-5.345459, 56.460336], [-5.346501, 56.460336], [-5.347543, 56.460336], [-5.348584, 56.460336], [-5.349626, 56.460336], [-5.350668, 56.460336], [-5.351709, 56.461378], [-5.352751, 56.461378], [-5.353793, 56.461378], [-5.354834, 56.461378], [-5.355876, 56.461378], [-5.356918, 56.461378], [-5.357959, 56.461378], [-5.359001, 56.461378], [-5.360043, 56.461378], [-5.361084, 56.460336], [-5.362126, 56.460336], [-5.363168, 56.459294], [-5.364209, 56.459294], [-5.365251, 56.458252], [-5.366293, 56.458252], [-5.367334, 56.458252], [-5.368376, 56.458252], [-5.369418, 56.457211], [-5.370459, 56.457211], [-5.371501, 56.457211], [-5.372543, 56.457211], [-5.373584, 56.457211], [-5.374626, 56.457211], [-5.375668, 56.457211], [-5.376709, 56.457211], [-5.377751, 56.457211], [-5.378793, 56.457211], [-5.379834, 56.457211], [-5.380876, 56.457211], [-5.381918, 56.457211], [-5.382959, 56.457211], [-5.384001, 56.457211], [-5.385043, 56.457211], [-5.386084, 56.457211], [-5.387126, 56.457211], [-5.388168, 56.457211], [-5.389209, 56.457211], [-5.390251, 56.457211], [-5.391293, 56.457211], [-5.392334, 56.457211], [-5.393376, 56.457211], [-5.394418, 56.457211], [-5.395459, 56.457211], [-5.396501, 56.456169]]}, "properties": {"node_id": "os:node/32F5A82D-332B-4B9F-AABC-8610BDCC8086", "lat": 56.45669, "lon": -5.17349, "dist_m": 13672, "in_scope": false, "traced": true, "path_m": 15969, "straight_m": 13672, "detour": 1.17, "max_elev_crossed_m": 3.9, "min_depth_m": -136.9, "drying_px": 6, "drying_m": 446, "drying_frac": 0.028}}, {"type": "Feature", "geometry": {"type": "LineString", "coordinates": [[-4.321676, 51.822369], [-4.320634, 51.821327], [-4.320634, 51.820286], [-4.320634, 51.819244], [-4.320634, 51.818202], [-4.320634, 51.817161], [-4.320634, 51.816119], [-4.320634, 51.815078], [-4.320634, 51.814036], [-4.320634, 51.812994], [-4.321676, 51.811952], [-4.322718, 51.810911], [-4.322718, 51.809869], [-4.323759, 51.808828], [-4.323759, 51.807786], [-4.323759, 51.806744], [-4.323759, 51.805702], [-4.323759, 51.804661], [-4.323759, 51.803619], [-4.324801, 51.802578], [-4.325843, 51.801536], [-4.326884, 51.800494], [-4.327926, 51.800494], [-4.328968, 51.799452], [-4.330009, 51.799452], [-4.331051, 51.799452], [-4.332093, 51.798411], [-4.333134, 51.798411], [-4.334176, 51.798411], [-4.335218, 51.798411], [-4.336259, 51.798411], [-4.337301, 51.798411], [-4.338343, 51.798411], [-4.339384, 51.798411], [-4.340426, 51.798411], [-4.341468, 51.798411], [-4.342509, 51.798411], [-4.343551, 51.798411], [-4.344593, 51.798411], [-4.345634, 51.797369], [-4.346676, 51.797369], [-4.347718, 51.796328], [-4.348759, 51.796328], [-4.349801, 51.796328], [-4.350843, 51.795286], [-4.351884, 51.795286], [-4.352926, 51.794244], [-4.353968, 51.794244], [-4.355009, 51.794244], [-4.356051, 51.794244], [-4.357093, 51.793202], [-4.358134, 51.793202], [-4.359176, 51.793202], [-4.360218, 51.793202], [-4.361259, 51.793202], [-4.362301, 51.792161], [-4.363343, 51.792161], [-4.364384, 51.792161], [-4.365426, 51.792161], [-4.366468, 51.791119], [-4.367509, 51.790077], [-4.368551, 51.790077], [-4.369593, 51.789036], [-4.370634, 51.787994], [-4.371676, 51.786952], [-4.371676, 51.785911], [-4.372718, 51.784869], [-4.372718, 51.783828], [-4.372718, 51.782786], [-4.372718, 51.781744], [-4.373759, 51.780702], [-4.373759, 51.779661], [-4.373759, 51.778619], [-4.373759, 51.777578], [-4.374801, 51.776536], [-4.375843, 51.775494], [-4.376884, 51.775494], [-4.377926, 51.774452], [-4.378968, 51.773411], [-4.380009, 51.773411], [-4.381051, 51.772369], [-4.382093, 51.771328], [-4.383134, 51.770286], [-4.384176, 51.770286], [-4.385218, 51.769244], [-4.386259, 51.768202], [-4.387301, 51.767161], [-4.387301, 51.766119], [-4.387301, 51.765078], [-4.388343, 51.764036], [-4.388343, 51.762994], [-4.388343, 51.761952], [-4.387301, 51.760911], [-4.387301, 51.759869], [-4.387301, 51.758827], [-4.387301, 51.757786], [-4.387301, 51.756744], [-4.387301, 51.755702], [-4.388343, 51.754661], [-4.389384, 51.753619], [-4.390426, 51.752578], [-4.391468, 51.751536], [-4.392509, 51.750494], [-4.393551, 51.749452], [-4.394593, 51.748411], [-4.394593, 51.747369], [-4.394593, 51.746328], [-4.394593, 51.745286], [-4.394593, 51.744244], [-4.395634, 51.743202], [-4.396676, 51.742161], [-4.397718, 51.741119], [-4.398759, 51.740078], [-4.399801, 51.739036], [-4.400843, 51.737994], [-4.401884, 51.736952], [-4.402926, 51.735911], [-4.403968, 51.734869], [-4.405009, 51.733828], [-4.406051, 51.732786], [-4.407093, 51.732786], [-4.408134, 51.731744], [-4.409176, 51.731744], [-4.410218, 51.731744], [-4.411259, 51.731744], [-4.412301, 51.730702], [-4.413343, 51.729661], [-4.414384, 51.728619], [-4.415426, 51.728619], [-4.416468, 51.728619], [-4.417509, 51.728619], [-4.418551, 51.727577], [-4.419593, 51.727577], [-4.420634, 51.726536], [-4.421676, 51.726536], [-4.422718, 51.725494], [-4.423759, 51.724452], [-4.424801, 51.723411], [-4.425843, 51.723411], [-4.426884, 51.723411], [-4.427926, 51.722369], [-4.428968, 51.722369], [-4.430009, 51.721328], [-4.431051, 51.720286], [-4.432093, 51.719244], [-4.433134, 51.718202], [-4.434176, 51.717161]]}, "properties": {"node_id": "os:node/A69FFCBF-0D53-473F-A05B-4951C166D51E", "lat": 51.82289, "lon": -4.32135, "dist_m": 13580, "in_scope": true, "traced": true, "path_m": 16301, "straight_m": 13580, "detour": 1.2, "max_elev_crossed_m": 4.3, "min_depth_m": -1.2, "drying_px": 85, "drying_m": 9426, "drying_frac": 0.578}}, {"type": "Feature", "geometry": {"type": "LineString", "coordinates": [[-5.193376, 56.447946], [-5.194418, 56.447946], [-5.195459, 56.447946], [-5.196501, 56.447946], [-5.197543, 56.447946], [-5.198584, 56.447946], [-5.199626, 56.447946], [-5.200668, 56.447946], [-5.201709, 56.447946], [-5.202751, 56.447946], [-5.203793, 56.447946], [-5.204834, 56.447946], [-5.205876, 56.447946], [-5.206918, 56.447946], [-5.207959, 56.447946], [-5.209001, 56.447946], [-5.210043, 56.447946], [-5.211084, 56.447946], [-5.212126, 56.447946], [-5.213168, 56.447946], [-5.214209, 56.447946], [-5.215251, 56.447946], [-5.216293, 56.447946], [-5.217334, 56.447946], [-5.218376, 56.447946], [-5.219418, 56.446904], [-5.220459, 56.446904], [-5.221501, 56.446904], [-5.222543, 56.446904], [-5.223584, 56.446904], [-5.224626, 56.446904], [-5.225668, 56.446904], [-5.226709, 56.445862], [-5.227751, 56.445862], [-5.228793, 56.445862], [-5.229834, 56.444821], [-5.230876, 56.444821], [-5.231918, 56.444821], [-5.232959, 56.444821], [-5.234001, 56.444821], [-5.235043, 56.444821], [-5.236084, 56.444821], [-5.237126, 56.444821], [-5.238168, 56.444821], [-5.239209, 56.444821], [-5.240251, 56.444821], [-5.241293, 56.444821], [-5.242334, 56.444821], [-5.243376, 56.444821], [-5.244418, 56.444821], [-5.245459, 56.444821], [-5.246501, 56.444821], [-5.247543, 56.444821], [-5.248584, 56.444821], [-5.249626, 56.444821], [-5.250668, 56.444821], [-5.251709, 56.444821], [-5.252751, 56.445862], [-5.253793, 56.446904], [-5.254834, 56.447946], [-5.255876, 56.448987], [-5.256918, 56.450029], [-5.257959, 56.450029], [-5.259001, 56.451071], [-5.260043, 56.452112], [-5.261084, 56.453154], [-5.262126, 56.454196], [-5.263168, 56.455237], [-5.264209, 56.456279], [-5.265251, 56.457321], [-5.266293, 56.458362], [-5.267334, 56.458362], [-5.268376, 56.458362], [-5.269418, 56.458362], [-5.270459, 56.458362], [-5.271501, 56.458362], [-5.272543, 56.458362], [-5.273584, 56.458362], [-5.274626, 56.458362], [-5.275668, 56.458362], [-5.276709, 56.458362], [-5.277751, 56.458362], [-5.278793, 56.458362], [-5.279834, 56.458362], [-5.280876, 56.458362], [-5.281918, 56.458362], [-5.282959, 56.458362], [-5.284001, 56.458362], [-5.285043, 56.458362], [-5.286084, 56.458362], [-5.287126, 56.458362], [-5.288168, 56.458362], [-5.289209, 56.458362], [-5.290251, 56.458362], [-5.291293, 56.458362], [-5.292334, 56.458362], [-5.293376, 56.458362], [-5.294418, 56.458362], [-5.295459, 56.458362], [-5.296501, 56.458362], [-5.297543, 56.458362], [-5.298584, 56.458362], [-5.299626, 56.458362], [-5.300668, 56.458362], [-5.301709, 56.458362], [-5.302751, 56.458362], [-5.303793, 56.458362], [-5.304834, 56.458362], [-5.305876, 56.458362], [-5.306918, 56.458362], [-5.307959, 56.458362], [-5.309001, 56.458362], [-5.310043, 56.458362], [-5.311084, 56.458362], [-5.312126, 56.458362], [-5.313168, 56.458362], [-5.314209, 56.458362], [-5.315251, 56.458362], [-5.316293, 56.458362], [-5.317334, 56.458362], [-5.318376, 56.458362], [-5.319418, 56.458362], [-5.320459, 56.458362], [-5.321501, 56.458362], [-5.322543, 56.458362], [-5.323584, 56.458362], [-5.324626, 56.458362], [-5.325668, 56.458362], [-5.326709, 56.458362], [-5.327751, 56.458362], [-5.328793, 56.458362], [-5.329834, 56.458362], [-5.330876, 56.458362], [-5.331918, 56.458362], [-5.332959, 56.458362], [-5.334001, 56.458362], [-5.335043, 56.458362], [-5.336084, 56.458362], [-5.337126, 56.458362], [-5.338168, 56.458362], [-5.339209, 56.458362], [-5.340251, 56.458362], [-5.341293, 56.458362], [-5.342334, 56.458362], [-5.343376, 56.458362], [-5.344418, 56.458362], [-5.345459, 56.459404], [-5.346501, 56.459404], [-5.347543, 56.459404], [-5.348584, 56.459404], [-5.349626, 56.459404], [-5.350668, 56.459404], [-5.351709, 56.460446], [-5.352751, 56.460446], [-5.353793, 56.460446], [-5.354834, 56.460446], [-5.355876, 56.460446], [-5.356918, 56.460446], [-5.357959, 56.460446], [-5.359001, 56.460446], [-5.360043, 56.460446], [-5.361084, 56.459404], [-5.362126, 56.459404], [-5.363168, 56.458362], [-5.364209, 56.458362], [-5.365251, 56.457321], [-5.366293, 56.457321], [-5.367334, 56.457321], [-5.368376, 56.457321], [-5.369418, 56.456279], [-5.370459, 56.456279], [-5.371501, 56.456279], [-5.372543, 56.456279], [-5.373584, 56.456279], [-5.374626, 56.456279], [-5.375668, 56.456279], [-5.376709, 56.456279], [-5.377751, 56.456279], [-5.378793, 56.456279], [-5.379834, 56.456279], [-5.380876, 56.456279], [-5.381918, 56.456279], [-5.382959, 56.456279], [-5.384001, 56.456279], [-5.385043, 56.456279], [-5.386084, 56.456279], [-5.387126, 56.456279], [-5.388168, 56.456279], [-5.389209, 56.456279], [-5.390251, 56.456279], [-5.391293, 56.456279], [-5.392334, 56.456279], [-5.393376, 56.456279], [-5.394418, 56.456279], [-5.395459, 56.456279], [-5.396501, 56.455237]]}, "properties": {"node_id": "os:node/60613624-D5D9-4734-AD24-1FFE68950BA4", "lat": 56.44772, "lon": -5.19322, "dist_m": 12484, "in_scope": false, "traced": true, "path_m": 14071, "straight_m": 12484, "detour": 1.13, "max_elev_crossed_m": 3.9, "min_depth_m": -88.0, "drying_px": 6, "drying_m": 431, "drying_frac": 0.031}}, {"type": "Feature", "geometry": {"type": "LineString", "coordinates": [[-2.557499, 51.690469], [-2.556457, 51.689427], [-2.555416, 51.688386], [-2.555416, 51.687344], [-2.555416, 51.686302], [-2.555416, 51.685261], [-2.555416, 51.684219], [-2.556457, 51.683178], [-2.557499, 51.682136], [-2.558541, 51.681094], [-2.559582, 51.680052], [-2.560624, 51.679011], [-2.561666, 51.677969], [-2.562707, 51.676928], [-2.563749, 51.675886], [-2.564791, 51.674844], [-2.565832, 51.673802], [-2.566874, 51.672761], [-2.567916, 51.671719], [-2.568957, 51.671719], [-2.569999, 51.670678], [-2.571041, 51.669636], [-2.572082, 51.668594], [-2.573124, 51.667552], [-2.574166, 51.666511], [-2.575207, 51.665469], [-2.576249, 51.664427], [-2.577291, 51.663386], [-2.578332, 51.662344], [-2.579374, 51.662344], [-2.580416, 51.661302], [-2.581457, 51.661302], [-2.582499, 51.661302], [-2.583541, 51.661302], [-2.584582, 51.661302], [-2.585624, 51.661302], [-2.586666, 51.661302], [-2.587707, 51.661302], [-2.588749, 51.660261], [-2.589791, 51.659219], [-2.590832, 51.658177], [-2.591874, 51.657136], [-2.592916, 51.656094], [-2.593957, 51.655052], [-2.594999, 51.654011], [-2.596041, 51.652969], [-2.597082, 51.651928], [-2.598124, 51.650886], [-2.599166, 51.649844], [-2.600207, 51.648802], [-2.601249, 51.647761], [-2.602291, 51.646719], [-2.603332, 51.645678], [-2.604374, 51.644636], [-2.605416, 51.643594], [-2.606457, 51.642552], [-2.607499, 51.641511], [-2.608541, 51.640469], [-2.609582, 51.639428], [-2.610624, 51.638386], [-2.611666, 51.637344], [-2.612707, 51.636302], [-2.613749, 51.635261], [-2.614791, 51.634219], [-2.615832, 51.633177], [-2.616874, 51.632136], [-2.617916, 51.631094], [-2.618957, 51.630052], [-2.619999, 51.629011], [-2.621041, 51.627969], [-2.622082, 51.626927], [-2.623124, 51.625886], [-2.624166, 51.624844], [-2.625207, 51.623802], [-2.626249, 51.622761], [-2.627291, 51.621719], [-2.628332, 51.620678], [-2.629374, 51.619636], [-2.630416, 51.618594], [-2.631457, 51.618594], [-2.632499, 51.617552], [-2.633541, 51.616511], [-2.634582, 51.615469], [-2.635624, 51.614428], [-2.636666, 51.613386], [-2.637707, 51.612344], [-2.638749, 51.611302], [-2.639791, 51.610261], [-2.640832, 51.609219], [-2.641874, 51.608178], [-2.642916, 51.607136], [-2.642916, 51.606094], [-2.643957, 51.605052], [-2.644999, 51.604011], [-2.646041, 51.602969], [-2.647082, 51.601927], [-2.647082, 51.600886], [-2.648124, 51.599844], [-2.648124, 51.598802], [-2.648124, 51.597761], [-2.649166, 51.596719], [-2.650207, 51.595677]]}, "properties": {"node_id": "os:node/F8E258F7-D032-4FD4-86C3-A2E9D47F5514", "lat": 51.69099, "lon": -2.55767, "dist_m": 11932, "in_scope": true, "traced": true, "path_m": 12970, "straight_m": 11932, "detour": 1.09, "max_elev_crossed_m": 5.0, "min_depth_m": -2.0, "drying_px": 27, "drying_m": 3433, "drying_frac": 0.265}}, {"type": "Feature", "geometry": {"type": "LineString", "coordinates": [[-5.225668, 56.444821], [-5.226709, 56.444821], [-5.227751, 56.444821], [-5.228793, 56.444821], [-5.229834, 56.444821], [-5.230876, 56.444821], [-5.231918, 56.444821], [-5.232959, 56.444821], [-5.234001, 56.444821], [-5.235043, 56.445862], [-5.236084, 56.446904], [-5.237126, 56.447946], [-5.238168, 56.448987], [-5.239209, 56.450029], [-5.240251, 56.451071], [-5.241293, 56.451071], [-5.242334, 56.451071], [-5.243376, 56.451071], [-5.244418, 56.451071], [-5.245459, 56.451071], [-5.246501, 56.451071], [-5.247543, 56.451071], [-5.248584, 56.451071], [-5.249626, 56.451071], [-5.250668, 56.451071], [-5.251709, 56.451071], [-5.252751, 56.451071], [-5.253793, 56.451071], [-5.254834, 56.451071], [-5.255876, 56.451071], [-5.256918, 56.451071], [-5.257959, 56.451071], [-5.259001, 56.451071], [-5.260043, 56.452112], [-5.261084, 56.453154], [-5.262126, 56.454196], [-5.263168, 56.455237], [-5.264209, 56.456279], [-5.265251, 56.457321], [-5.266293, 56.458362], [-5.267334, 56.458362], [-5.268376, 56.458362], [-5.269418, 56.458362], [-5.270459, 56.458362], [-5.271501, 56.458362], [-5.272543, 56.458362], [-5.273584, 56.458362], [-5.274626, 56.458362], [-5.275668, 56.458362], [-5.276709, 56.458362], [-5.277751, 56.458362], [-5.278793, 56.458362], [-5.279834, 56.458362], [-5.280876, 56.458362], [-5.281918, 56.458362], [-5.282959, 56.458362], [-5.284001, 56.458362], [-5.285043, 56.458362], [-5.286084, 56.458362], [-5.287126, 56.458362], [-5.288168, 56.458362], [-5.289209, 56.458362], [-5.290251, 56.458362], [-5.291293, 56.458362], [-5.292334, 56.458362], [-5.293376, 56.458362], [-5.294418, 56.458362], [-5.295459, 56.458362], [-5.296501, 56.458362], [-5.297543, 56.458362], [-5.298584, 56.458362], [-5.299626, 56.458362], [-5.300668, 56.458362], [-5.301709, 56.458362], [-5.302751, 56.458362], [-5.303793, 56.458362], [-5.304834, 56.458362], [-5.305876, 56.458362], [-5.306918, 56.458362], [-5.307959, 56.458362], [-5.309001, 56.458362], [-5.310043, 56.458362], [-5.311084, 56.458362], [-5.312126, 56.458362], [-5.313168, 56.458362], [-5.314209, 56.458362], [-5.315251, 56.458362], [-5.316293, 56.458362], [-5.317334, 56.458362], [-5.318376, 56.458362], [-5.319418, 56.458362], [-5.320459, 56.458362], [-5.321501, 56.458362], [-5.322543, 56.458362], [-5.323584, 56.458362], [-5.324626, 56.458362], [-5.325668, 56.458362], [-5.326709, 56.458362], [-5.327751, 56.458362], [-5.328793, 56.458362], [-5.329834, 56.458362], [-5.330876, 56.458362], [-5.331918, 56.458362], [-5.332959, 56.458362], [-5.334001, 56.458362], [-5.335043, 56.458362], [-5.336084, 56.458362], [-5.337126, 56.458362], [-5.338168, 56.458362], [-5.339209, 56.458362], [-5.340251, 56.458362], [-5.341293, 56.458362], [-5.342334, 56.458362], [-5.343376, 56.458362], [-5.344418, 56.458362], [-5.345459, 56.459404], [-5.346501, 56.459404], [-5.347543, 56.459404], [-5.348584, 56.459404], [-5.349626, 56.459404], [-5.350668, 56.459404], [-5.351709, 56.460446], [-5.352751, 56.460446], [-5.353793, 56.460446], [-5.354834, 56.460446], [-5.355876, 56.460446], [-5.356918, 56.460446], [-5.357959, 56.460446], [-5.359001, 56.460446], [-5.360043, 56.460446], [-5.361084, 56.459404], [-5.362126, 56.459404], [-5.363168, 56.458362], [-5.364209, 56.458362], [-5.365251, 56.457321], [-5.366293, 56.457321], [-5.367334, 56.457321], [-5.368376, 56.457321], [-5.369418, 56.456279], [-5.370459, 56.456279], [-5.371501, 56.456279], [-5.372543, 56.456279], [-5.373584, 56.456279], [-5.374626, 56.456279], [-5.375668, 56.456279], [-5.376709, 56.456279], [-5.377751, 56.456279], [-5.378793, 56.456279], [-5.379834, 56.456279], [-5.380876, 56.456279], [-5.381918, 56.456279], [-5.382959, 56.456279], [-5.384001, 56.456279], [-5.385043, 56.456279], [-5.386084, 56.456279], [-5.387126, 56.456279], [-5.388168, 56.456279], [-5.389209, 56.456279], [-5.390251, 56.456279], [-5.391293, 56.456279], [-5.392334, 56.456279], [-5.393376, 56.456279], [-5.394418, 56.456279], [-5.395459, 56.456279], [-5.396501, 56.455237]]}, "properties": {"node_id": "os:node/DAC99E0B-AF62-42C6-AA69-4166E5F095DF", "lat": 56.44465, "lon": -5.22556, "dist_m": 10533, "in_scope": false, "traced": true, "path_m": 11880, "straight_m": 10533, "detour": 1.13, "max_elev_crossed_m": 0.6, "min_depth_m": -63.3, "drying_px": 5, "drying_m": 360, "drying_frac": 0.03}}, {"type": "Feature", "geometry": {"type": "LineString", "coordinates": [[1.4641, 52.046798], [1.4641, 52.045756], [1.4641, 52.044714], [1.4641, 52.043673], [1.463059, 52.042631], [1.462017, 52.041589], [1.460975, 52.040548], [1.459934, 52.039506], [1.458892, 52.038464], [1.45785, 52.038464], [1.456809, 52.038464], [1.455767, 52.038464], [1.454725, 52.038464], [1.453684, 52.038464], [1.452642, 52.037423], [1.4516, 52.036381], [1.450559, 52.035339], [1.449517, 52.034298], [1.448475, 52.034298], [1.447434, 52.033256], [1.446392, 52.032214], [1.44535, 52.031173], [1.44535, 52.030131], [1.444309, 52.029089], [1.443267, 52.028048], [1.442225, 52.027006], [1.441184, 52.025964], [1.440142, 52.024923], [1.4391, 52.024923], [1.438059, 52.023881], [1.437017, 52.023881], [1.435975, 52.023881], [1.434934, 52.023881], [1.433892, 52.023881], [1.43285, 52.023881], [1.431809, 52.023881], [1.430767, 52.023881], [1.429725, 52.023881], [1.428684, 52.023881], [1.427642, 52.023881], [1.4266, 52.022839], [1.425559, 52.021798], [1.424517, 52.020756], [1.423475, 52.019714], [1.422434, 52.019714], [1.421392, 52.019714], [1.42035, 52.019714], [1.419309, 52.019714], [1.418267, 52.019714], [1.417225, 52.018673], [1.416184, 52.017631], [1.415142, 52.017631], [1.4141, 52.017631], [1.413059, 52.017631], [1.412017, 52.017631], [1.410975, 52.017631], [1.409934, 52.016589], [1.408892, 52.016589], [1.40785, 52.016589], [1.406809, 52.015548], [1.405767, 52.014506], [1.404725, 52.014506], [1.403684, 52.014506], [1.402642, 52.014506], [1.4016, 52.014506], [1.400559, 52.014506], [1.399517, 52.014506], [1.398475, 52.014506], [1.397434, 52.013464], [1.396392, 52.012423], [1.39535, 52.011381], [1.394309, 52.010339], [1.393267, 52.010339], [1.392225, 52.010339], [1.391184, 52.010339], [1.390142, 52.010339], [1.3891, 52.010339], [1.388059, 52.010339], [1.387017, 52.010339], [1.385975, 52.010339], [1.384934, 52.010339], [1.383892, 52.010339], [1.38285, 52.010339], [1.381809, 52.010339], [1.380767, 52.011381], [1.379725, 52.011381], [1.378684, 52.011381], [1.377642, 52.011381], [1.3766, 52.011381], [1.375559, 52.011381], [1.374517, 52.011381], [1.373475, 52.011381], [1.372434, 52.011381], [1.371392, 52.012423], [1.37035, 52.013464], [1.369309, 52.014506], [1.368267, 52.015548], [1.367225, 52.016589], [1.366184, 52.017631], [1.365142, 52.018673], [1.3641, 52.018673], [1.363059, 52.018673], [1.362017, 52.018673], [1.360975, 52.018673], [1.359934, 52.019714], [1.358892, 52.020756], [1.35785, 52.021798], [1.356809, 52.022839], [1.355767, 52.023881], [1.354725, 52.024923], [1.353684, 52.025964], [1.352642, 52.027006], [1.3516, 52.028048], [1.350559, 52.029089], [1.349517, 52.029089], [1.348475, 52.029089], [1.347434, 52.030131], [1.346392, 52.031173], [1.34535, 52.032214], [1.344309, 52.033256], [1.343267, 52.034298], [1.343267, 52.035339], [1.342225, 52.036381], [1.342225, 52.037423], [1.341184, 52.038464], [1.341184, 52.039506], [1.340142, 52.040548], [1.3391, 52.041589], [1.3391, 52.042631], [1.3391, 52.043673], [1.3391, 52.044714], [1.3391, 52.045756], [1.3391, 52.046798], [1.3391, 52.047839], [1.338059, 52.048881], [1.337017, 52.049923], [1.335975, 52.050964], [1.335975, 52.052006], [1.335975, 52.053048], [1.335975, 52.054089], [1.335975, 52.055131], [1.335975, 52.056173], [1.335975, 52.057214], [1.337017, 52.058256], [1.337017, 52.059298], [1.337017, 52.060339], [1.335975, 52.061381], [1.334934, 52.062423], [1.333892, 52.063464], [1.33285, 52.064506], [1.331809, 52.065548], [1.330767, 52.066589], [1.329725, 52.067631], [1.328684, 52.068673], [1.327642, 52.069714], [1.3266, 52.070756]]}, "properties": {"node_id": "os:node/C7BDECCF-62C7-4638-9085-B98D8AE865FA", "lat": 52.04668, "lon": 1.46391, "dist_m": 9845, "in_scope": true, "traced": true, "path_m": 16658, "straight_m": 9845, "detour": 1.69, "max_elev_crossed_m": 2.8, "min_depth_m": -5.0, "drying_px": 29, "drying_m": 3097, "drying_frac": 0.186}}, {"type": "Feature", "geometry": {"type": "LineString", "coordinates": [[-5.239209, 56.438571], [-5.240251, 56.439612], [-5.241293, 56.440654], [-5.242334, 56.441696], [-5.243376, 56.442737], [-5.244418, 56.443779], [-5.245459, 56.444821], [-5.246501, 56.445862], [-5.247543, 56.446904], [-5.248584, 56.447946], [-5.249626, 56.448987], [-5.250668, 56.450029], [-5.251709, 56.451071], [-5.252751, 56.451071], [-5.253793, 56.451071], [-5.254834, 56.451071], [-5.255876, 56.451071], [-5.256918, 56.451071], [-5.257959, 56.451071], [-5.259001, 56.452112], [-5.260043, 56.453154], [-5.261084, 56.454196], [-5.262126, 56.455237], [-5.263168, 56.456279], [-5.264209, 56.457321], [-5.265251, 56.458362], [-5.266293, 56.459404], [-5.267334, 56.459404], [-5.268376, 56.459404], [-5.269418, 56.459404], [-5.270459, 56.459404], [-5.271501, 56.459404], [-5.272543, 56.459404], [-5.273584, 56.459404], [-5.274626, 56.459404], [-5.275668, 56.459404], [-5.276709, 56.459404], [-5.277751, 56.459404], [-5.278793, 56.459404], [-5.279834, 56.459404], [-5.280876, 56.459404], [-5.281918, 56.459404], [-5.282959, 56.459404], [-5.284001, 56.459404], [-5.285043, 56.459404], [-5.286084, 56.459404], [-5.287126, 56.459404], [-5.288168, 56.459404], [-5.289209, 56.459404], [-5.290251, 56.459404], [-5.291293, 56.459404], [-5.292334, 56.459404], [-5.293376, 56.459404], [-5.294418, 56.459404], [-5.295459, 56.459404], [-5.296501, 56.459404], [-5.297543, 56.459404], [-5.298584, 56.459404], [-5.299626, 56.459404], [-5.300668, 56.459404], [-5.301709, 56.459404], [-5.302751, 56.459404], [-5.303793, 56.459404], [-5.304834, 56.459404], [-5.305876, 56.459404], [-5.306918, 56.459404], [-5.307959, 56.459404], [-5.309001, 56.459404], [-5.310043, 56.459404], [-5.311084, 56.459404], [-5.312126, 56.459404], [-5.313168, 56.459404], [-5.314209, 56.459404], [-5.315251, 56.459404], [-5.316293, 56.459404], [-5.317334, 56.459404], [-5.318376, 56.459404], [-5.319418, 56.459404], [-5.320459, 56.459404], [-5.321501, 56.459404], [-5.322543, 56.459404], [-5.323584, 56.459404], [-5.324626, 56.459404], [-5.325668, 56.459404], [-5.326709, 56.459404], [-5.327751, 56.459404], [-5.328793, 56.459404], [-5.329834, 56.459404], [-5.330876, 56.459404], [-5.331918, 56.459404], [-5.332959, 56.459404], [-5.334001, 56.459404], [-5.335043, 56.459404], [-5.336084, 56.459404], [-5.337126, 56.459404], [-5.338168, 56.459404], [-5.339209, 56.459404], [-5.340251, 56.459404], [-5.341293, 56.459404], [-5.342334, 56.459404], [-5.343376, 56.459404], [-5.344418, 56.459404], [-5.345459, 56.460446], [-5.346501, 56.460446], [-5.347543, 56.460446], [-5.348584, 56.460446], [-5.349626, 56.460446], [-5.350668, 56.460446], [-5.351709, 56.461487], [-5.352751, 56.461487], [-5.353793, 56.461487], [-5.354834, 56.461487], [-5.355876, 56.461487], [-5.356918, 56.461487], [-5.357959, 56.461487], [-5.359001, 56.461487], [-5.360043, 56.461487], [-5.361084, 56.460446], [-5.362126, 56.460446], [-5.363168, 56.459404], [-5.364209, 56.459404], [-5.365251, 56.458362], [-5.366293, 56.458362], [-5.367334, 56.458362], [-5.368376, 56.458362], [-5.369418, 56.457321], [-5.370459, 56.457321], [-5.371501, 56.457321], [-5.372543, 56.457321], [-5.373584, 56.457321], [-5.374626, 56.457321], [-5.375668, 56.457321], [-5.376709, 56.457321], [-5.377751, 56.457321], [-5.378793, 56.457321], [-5.379834, 56.457321], [-5.380876, 56.457321], [-5.381918, 56.457321], [-5.382959, 56.457321], [-5.384001, 56.457321], [-5.385043, 56.457321], [-5.386084, 56.457321], [-5.387126, 56.457321], [-5.388168, 56.457321], [-5.389209, 56.457321], [-5.390251, 56.457321], [-5.391293, 56.457321], [-5.392334, 56.457321], [-5.393376, 56.457321], [-5.394418, 56.457321], [-5.395459, 56.457321], [-5.396501, 56.456279]]}, "properties": {"node_id": "os:node/9816F56C-CAB2-4DB9-B200-E80A5B08C1F8", "lat": 56.43881, "lon": -5.23973, "dist_m": 9765, "in_scope": false, "traced": true, "path_m": 11526, "straight_m": 9765, "detour": 1.18, "max_elev_crossed_m": 3.9, "min_depth_m": -51.6, "drying_px": 6, "drying_m": 455, "drying_frac": 0.039}}, {"type": "Feature", "geometry": {"type": "LineString", "coordinates": [[-5.246501, 56.439612], [-5.247543, 56.440654], [-5.248584, 56.441696], [-5.249626, 56.442737], [-5.250668, 56.443779], [-5.251709, 56.444821], [-5.252751, 56.445862], [-5.253793, 56.446904], [-5.254834, 56.447946], [-5.255876, 56.448987], [-5.256918, 56.450029], [-5.257959, 56.451071], [-5.259001, 56.452112], [-5.260043, 56.452112], [-5.261084, 56.453154], [-5.262126, 56.454196], [-5.263168, 56.455237], [-5.264209, 56.456279], [-5.265251, 56.457321], [-5.266293, 56.458362], [-5.267334, 56.458362], [-5.268376, 56.458362], [-5.269418, 56.458362], [-5.270459, 56.458362], [-5.271501, 56.458362], [-5.272543, 56.458362], [-5.273584, 56.458362], [-5.274626, 56.458362], [-5.275668, 56.458362], [-5.276709, 56.458362], [-5.277751, 56.458362], [-5.278793, 56.458362], [-5.279834, 56.458362], [-5.280876, 56.458362], [-5.281918, 56.458362], [-5.282959, 56.458362], [-5.284001, 56.458362], [-5.285043, 56.458362], [-5.286084, 56.458362], [-5.287126, 56.458362], [-5.288168, 56.458362], [-5.289209, 56.458362], [-5.290251, 56.458362], [-5.291293, 56.458362], [-5.292334, 56.458362], [-5.293376, 56.458362], [-5.294418, 56.458362], [-5.295459, 56.458362], [-5.296501, 56.458362], [-5.297543, 56.458362], [-5.298584, 56.458362], [-5.299626, 56.458362], [-5.300668, 56.458362], [-5.301709, 56.458362], [-5.302751, 56.458362], [-5.303793, 56.458362], [-5.304834, 56.458362], [-5.305876, 56.458362], [-5.306918, 56.458362], [-5.307959, 56.458362], [-5.309001, 56.458362], [-5.310043, 56.458362], [-5.311084, 56.458362], [-5.312126, 56.458362], [-5.313168, 56.458362], [-5.314209, 56.458362], [-5.315251, 56.458362], [-5.316293, 56.458362], [-5.317334, 56.458362], [-5.318376, 56.458362], [-5.319418, 56.458362], [-5.320459, 56.458362], [-5.321501, 56.458362], [-5.322543, 56.458362], [-5.323584, 56.458362], [-5.324626, 56.458362], [-5.325668, 56.458362], [-5.326709, 56.458362], [-5.327751, 56.458362], [-5.328793, 56.458362], [-5.329834, 56.458362], [-5.330876, 56.458362], [-5.331918, 56.458362], [-5.332959, 56.458362], [-5.334001, 56.458362], [-5.335043, 56.458362], [-5.336084, 56.458362], [-5.337126, 56.458362], [-5.338168, 56.458362], [-5.339209, 56.458362], [-5.340251, 56.458362], [-5.341293, 56.458362], [-5.342334, 56.458362], [-5.343376, 56.458362], [-5.344418, 56.458362], [-5.345459, 56.459404], [-5.346501, 56.459404], [-5.347543, 56.459404], [-5.348584, 56.459404], [-5.349626, 56.459404], [-5.350668, 56.459404], [-5.351709, 56.460446], [-5.352751, 56.460446], [-5.353793, 56.460446], [-5.354834, 56.460446], [-5.355876, 56.460446], [-5.356918, 56.460446], [-5.357959, 56.460446], [-5.359001, 56.460446], [-5.360043, 56.460446], [-5.361084, 56.459404], [-5.362126, 56.459404], [-5.363168, 56.458362], [-5.364209, 56.458362], [-5.365251, 56.457321], [-5.366293, 56.457321], [-5.367334, 56.457321], [-5.368376, 56.457321], [-5.369418, 56.456279], [-5.370459, 56.456279], [-5.371501, 56.456279], [-5.372543, 56.456279], [-5.373584, 56.456279], [-5.374626, 56.456279], [-5.375668, 56.456279], [-5.376709, 56.456279], [-5.377751, 56.456279], [-5.378793, 56.456279], [-5.379834, 56.456279], [-5.380876, 56.456279], [-5.381918, 56.456279], [-5.382959, 56.456279], [-5.384001, 56.456279], [-5.385043, 56.456279], [-5.386084, 56.456279], [-5.387126, 56.456279], [-5.388168, 56.456279], [-5.389209, 56.456279], [-5.390251, 56.456279], [-5.391293, 56.456279], [-5.392334, 56.456279], [-5.393376, 56.456279], [-5.394418, 56.456279], [-5.395459, 56.456279], [-5.396501, 56.455237]]}, "properties": {"node_id": "os:node/23C331F8-212E-40E4-88B4-5648643BA95C", "lat": 56.43923, "lon": -5.24626, "dist_m": 9362, "in_scope": false, "traced": true, "path_m": 10941, "straight_m": 9362, "detour": 1.17, "max_elev_crossed_m": 0.6, "min_depth_m": -51.6, "drying_px": 5, "drying_m": 377, "drying_frac": 0.034}}, {"type": "Feature", "geometry": {"type": "LineString", "coordinates": [[-4.392193, 55.889075], [-4.393234, 55.890117], [-4.394276, 55.890117], [-4.395318, 55.890117], [-4.396359, 55.890117], [-4.397401, 55.890117], [-4.398443, 55.890117], [-4.399484, 55.891158], [-4.400526, 55.891158], [-4.401568, 55.891158], [-4.402609, 55.891158], [-4.403651, 55.8922], [-4.404693, 55.8922], [-4.405734, 55.8922], [-4.406776, 55.893242], [-4.407818, 55.894283], [-4.408859, 55.894283], [-4.409901, 55.895325], [-4.410943, 55.896367], [-4.411984, 55.896367], [-4.413026, 55.897408], [-4.414068, 55.89845], [-4.415109, 55.89845], [-4.416151, 55.899492], [-4.417193, 55.899492], [-4.418234, 55.900533], [-4.419276, 55.900533], [-4.420318, 55.901575], [-4.421359, 55.902617], [-4.422401, 55.902617], [-4.423443, 55.902617], [-4.424484, 55.902617], [-4.425526, 55.902617], [-4.426568, 55.903658], [-4.427609, 55.903658], [-4.428651, 55.902617], [-4.429693, 55.902617], [-4.430734, 55.903658], [-4.431776, 55.903658], [-4.432818, 55.903658], [-4.433859, 55.903658], [-4.434901, 55.903658], [-4.435943, 55.903658], [-4.436984, 55.9047], [-4.438026, 55.9047], [-4.439068, 55.9047], [-4.440109, 55.9047], [-4.441151, 55.905742], [-4.442193, 55.905742], [-4.443234, 55.905742], [-4.444276, 55.906783], [-4.445318, 55.906783], [-4.446359, 55.906783], [-4.447401, 55.907825], [-4.448443, 55.908867], [-4.449484, 55.909908], [-4.450526, 55.909908], [-4.451568, 55.91095], [-4.452609, 55.911992], [-4.453651, 55.913033], [-4.454693, 55.913033], [-4.455734, 55.914075], [-4.456776, 55.915117], [-4.457818, 55.916158], [-4.458859, 55.916158], [-4.459901, 55.9172], [-4.460943, 55.918242], [-4.461984, 55.919283], [-4.463026, 55.920325], [-4.464068, 55.921367], [-4.465109, 55.921367], [-4.466151, 55.922408], [-4.467193, 55.922408], [-4.468234, 55.922408], [-4.469276, 55.92345], [-4.470318, 55.92345], [-4.471359, 55.92345], [-4.472401, 55.924492], [-4.473443, 55.924492], [-4.474484, 55.924492], [-4.475526, 55.924492], [-4.476568, 55.924492], [-4.477609, 55.924492], [-4.478651, 55.925533], [-4.479693, 55.926575], [-4.480734, 55.926575], [-4.481776, 55.926575], [-4.482818, 55.926575], [-4.483859, 55.927617], [-4.484901, 55.927617], [-4.485943, 55.926575], [-4.486984, 55.926575], [-4.488026, 55.926575], [-4.489068, 55.926575], [-4.490109, 55.926575], [-4.491151, 55.926575], [-4.492193, 55.926575], [-4.493234, 55.925533], [-4.494276, 55.925533], [-4.495318, 55.925533], [-4.496359, 55.925533], [-4.497401, 55.924492], [-4.498443, 55.92345], [-4.499484, 55.92345], [-4.500526, 55.92345], [-4.501568, 55.92345], [-4.502609, 55.924492], [-4.503651, 55.924492], [-4.504693, 55.924492], [-4.505734, 55.924492], [-4.506776, 55.925533], [-4.507818, 55.926575], [-4.508859, 55.926575], [-4.509901, 55.926575], [-4.510943, 55.926575], [-4.511984, 55.926575], [-4.513026, 55.926575], [-4.514068, 55.925533], [-4.515109, 55.925533], [-4.516151, 55.925533], [-4.517193, 55.926575], [-4.518234, 55.927617], [-4.519276, 55.928658], [-4.519276, 55.9297]]}, "properties": {"node_id": "os:node/0BB20F10-9A5A-4C17-9559-D7CBFE339EC0", "lat": 55.88952, "lon": -4.39183, "dist_m": 9191, "in_scope": false, "traced": true, "path_m": 11445, "straight_m": 9191, "detour": 1.25, "max_elev_crossed_m": 2.4, "min_depth_m": -7.4, "drying_px": 80, "drying_m": 7384, "drying_frac": 0.645}}, {"type": "Feature", "geometry": {"type": "LineString", "coordinates": [[-4.386319, 57.478465], [-4.386319, 57.479506], [-4.386319, 57.480548], [-4.385278, 57.48159], [-4.385278, 57.482631], [-4.384236, 57.483673], [-4.383194, 57.484715], [-4.382153, 57.485756], [-4.381111, 57.485756], [-4.380069, 57.485756], [-4.379028, 57.485756], [-4.377986, 57.485756], [-4.376944, 57.485756], [-4.375903, 57.485756], [-4.374861, 57.485756], [-4.373819, 57.485756], [-4.372778, 57.485756], [-4.371736, 57.485756], [-4.370694, 57.485756], [-4.369653, 57.485756], [-4.368611, 57.485756], [-4.367569, 57.485756], [-4.366528, 57.485756], [-4.365486, 57.485756], [-4.364444, 57.485756], [-4.363403, 57.485756], [-4.362361, 57.485756], [-4.361319, 57.485756], [-4.360278, 57.485756], [-4.359236, 57.485756], [-4.358194, 57.485756], [-4.357153, 57.485756], [-4.356111, 57.485756], [-4.355069, 57.485756], [-4.354028, 57.485756], [-4.352986, 57.485756], [-4.351944, 57.485756], [-4.350903, 57.485756], [-4.349861, 57.485756], [-4.348819, 57.485756], [-4.347778, 57.485756], [-4.346736, 57.485756], [-4.345694, 57.485756], [-4.344653, 57.485756], [-4.343611, 57.485756], [-4.342569, 57.486798], [-4.341528, 57.486798], [-4.340486, 57.486798], [-4.339444, 57.48784], [-4.338403, 57.48784], [-4.337361, 57.48784], [-4.336319, 57.48784], [-4.335278, 57.48784], [-4.334236, 57.48784], [-4.333194, 57.488881], [-4.332153, 57.488881], [-4.331111, 57.488881], [-4.330069, 57.488881], [-4.329028, 57.488881], [-4.327986, 57.488881], [-4.326944, 57.488881], [-4.325903, 57.488881], [-4.324861, 57.488881], [-4.323819, 57.488881], [-4.322778, 57.488881], [-4.321736, 57.488881], [-4.320694, 57.488881], [-4.319653, 57.488881], [-4.318611, 57.488881], [-4.317569, 57.488881], [-4.316528, 57.488881], [-4.315486, 57.488881], [-4.314444, 57.488881], [-4.313403, 57.488881], [-4.312361, 57.488881], [-4.311319, 57.488881], [-4.310278, 57.488881], [-4.309236, 57.488881], [-4.308194, 57.488881], [-4.307153, 57.488881], [-4.306111, 57.488881], [-4.305069, 57.488881], [-4.304028, 57.488881], [-4.302986, 57.488881], [-4.301944, 57.488881], [-4.300903, 57.488881], [-4.299861, 57.488881], [-4.298819, 57.488881], [-4.297778, 57.488881], [-4.296736, 57.488881], [-4.295694, 57.488881], [-4.294653, 57.488881], [-4.293611, 57.488881], [-4.292569, 57.488881], [-4.291528, 57.488881], [-4.290486, 57.488881], [-4.289444, 57.488881], [-4.288403, 57.488881], [-4.287361, 57.488881], [-4.286319, 57.488881], [-4.285278, 57.488881], [-4.284236, 57.488881], [-4.283194, 57.488881], [-4.282153, 57.488881], [-4.281111, 57.488881], [-4.280069, 57.488881], [-4.279028, 57.488881], [-4.277986, 57.488881], [-4.276944, 57.488881], [-4.275903, 57.488881], [-4.274861, 57.488881], [-4.273819, 57.488881], [-4.272778, 57.488881], [-4.271736, 57.488881], [-4.270694, 57.488881], [-4.269653, 57.488881], [-4.268611, 57.489923], [-4.267569, 57.489923], [-4.266528, 57.490965], [-4.265486, 57.492006], [-4.264444, 57.492006], [-4.263403, 57.493048], [-4.262361, 57.493048], [-4.261319, 57.493048], [-4.260278, 57.493048], [-4.259236, 57.493048], [-4.258194, 57.493048], [-4.257153, 57.493048], [-4.256111, 57.493048], [-4.255069, 57.493048], [-4.254028, 57.493048], [-4.252986, 57.49409], [-4.251944, 57.49409], [-4.250903, 57.49409], [-4.249861, 57.495131], [-4.248819, 57.495131], [-4.247778, 57.495131], [-4.246736, 57.496173], [-4.245694, 57.495131], [-4.244653, 57.496173], [-4.243611, 57.496173], [-4.242569, 57.497215], [-4.241528, 57.497215], [-4.240486, 57.497215], [-4.239444, 57.497215], [-4.238403, 57.497215]]}, "properties": {"node_id": "os:node/A80F1ECD-7811-4D39-BEBA-DD2DC33B1692", "lat": 57.47796, "lon": -4.38684, "dist_m": 9008, "in_scope": false, "traced": true, "path_m": 10379, "straight_m": 9008, "detour": 1.15, "max_elev_crossed_m": 4.5, "min_depth_m": -22.7, "drying_px": 15, "drying_m": 1066, "drying_frac": 0.103}}, {"type": "Feature", "geometry": {"type": "LineString", "coordinates": [[-4.334419, 57.868949], [-4.333378, 57.868949], [-4.332336, 57.868949], [-4.331294, 57.868949], [-4.330253, 57.868949], [-4.329211, 57.868949], [-4.328169, 57.868949], [-4.327128, 57.868949], [-4.326086, 57.868949], [-4.325044, 57.868949], [-4.324003, 57.868949], [-4.322961, 57.868949], [-4.321919, 57.868949], [-4.320878, 57.868949], [-4.319836, 57.868949], [-4.318794, 57.867908], [-4.317753, 57.866866], [-4.316711, 57.866866], [-4.315669, 57.866866], [-4.314628, 57.866866], [-4.313586, 57.866866], [-4.312544, 57.866866], [-4.311502, 57.866866], [-4.310461, 57.866866], [-4.309419, 57.866866], [-4.308378, 57.866866], [-4.307336, 57.866866], [-4.306294, 57.866866], [-4.305253, 57.866866], [-4.304211, 57.866866], [-4.303169, 57.866866], [-4.302128, 57.866866], [-4.301086, 57.865824], [-4.300044, 57.865824], [-4.299003, 57.865824], [-4.297961, 57.864783], [-4.296919, 57.863741], [-4.295878, 57.863741], [-4.294836, 57.862699], [-4.293794, 57.861658], [-4.292753, 57.860616], [-4.291711, 57.860616], [-4.290669, 57.859574], [-4.289628, 57.859574], [-4.288586, 57.859574], [-4.287544, 57.859574], [-4.286503, 57.859574], [-4.285461, 57.859574], [-4.284419, 57.859574], [-4.283378, 57.859574], [-4.282336, 57.859574], [-4.281294, 57.859574], [-4.280252, 57.859574], [-4.279211, 57.859574], [-4.278169, 57.859574], [-4.277128, 57.859574], [-4.276086, 57.859574], [-4.275044, 57.859574], [-4.274003, 57.859574], [-4.272961, 57.859574], [-4.271919, 57.859574], [-4.270878, 57.859574], [-4.269836, 57.859574], [-4.268794, 57.859574], [-4.267753, 57.859574], [-4.266711, 57.859574], [-4.265669, 57.859574], [-4.264628, 57.859574], [-4.263586, 57.859574], [-4.262544, 57.859574], [-4.261503, 57.859574], [-4.260461, 57.859574], [-4.259419, 57.859574], [-4.258378, 57.859574], [-4.257336, 57.859574], [-4.256294, 57.859574], [-4.255253, 57.859574], [-4.254211, 57.859574], [-4.253169, 57.859574], [-4.252128, 57.859574], [-4.251086, 57.859574], [-4.250044, 57.859574], [-4.249002, 57.859574], [-4.247961, 57.859574], [-4.246919, 57.859574], [-4.245878, 57.859574], [-4.244836, 57.859574], [-4.243794, 57.859574], [-4.242753, 57.859574], [-4.241711, 57.859574], [-4.240669, 57.859574], [-4.239628, 57.859574], [-4.238586, 57.859574], [-4.237544, 57.859574], [-4.236503, 57.859574], [-4.235461, 57.859574], [-4.234419, 57.859574], [-4.233378, 57.859574], [-4.232336, 57.859574], [-4.231294, 57.859574], [-4.230253, 57.859574], [-4.229211, 57.859574], [-4.228169, 57.859574], [-4.227128, 57.859574], [-4.226086, 57.859574], [-4.225044, 57.859574], [-4.224003, 57.859574], [-4.222961, 57.859574], [-4.221919, 57.859574], [-4.220878, 57.859574], [-4.219836, 57.859574], [-4.218794, 57.860616], [-4.217752, 57.860616], [-4.216711, 57.860616], [-4.215669, 57.860616], [-4.214628, 57.860616], [-4.213586, 57.860616], [-4.212544, 57.860616], [-4.211503, 57.860616], [-4.210461, 57.860616], [-4.209419, 57.861658], [-4.208378, 57.861658], [-4.207336, 57.861658], [-4.206294, 57.862699], [-4.205253, 57.862699], [-4.204211, 57.862699], [-4.203169, 57.862699], [-4.202128, 57.862699], [-4.201086, 57.862699], [-4.200044, 57.862699], [-4.199003, 57.862699], [-4.197961, 57.862699], [-4.196919, 57.862699], [-4.195878, 57.862699], [-4.194836, 57.862699], [-4.193794, 57.862699], [-4.192753, 57.862699], [-4.191711, 57.862699], [-4.190669, 57.862699], [-4.189628, 57.862699], [-4.188586, 57.862699], [-4.187544, 57.862699], [-4.186503, 57.861658]]}, "properties": {"node_id": "os:node/257D71B6-7B82-4033-AC5D-81462CE9077D", "lat": 57.86947, "lon": -4.33494, "dist_m": 8934, "in_scope": false, "traced": true, "path_m": 9663, "straight_m": 8934, "detour": 1.08, "max_elev_crossed_m": 1.7, "min_depth_m": -0.2, "drying_px": 141, "drying_m": 9528, "drying_frac": 0.986}}, {"type": "Feature", "geometry": {"type": "LineString", "coordinates": [[-5.275549, 56.852579], [-5.274508, 56.852579], [-5.273466, 56.852579], [-5.272424, 56.852579], [-5.271383, 56.852579], [-5.270341, 56.852579], [-5.269299, 56.852579], [-5.268258, 56.852579], [-5.267216, 56.852579], [-5.266174, 56.852579], [-5.265133, 56.852579], [-5.264091, 56.852579], [-5.263049, 56.851537], [-5.262008, 56.851537], [-5.260966, 56.851537], [-5.259924, 56.851537], [-5.258883, 56.851537], [-5.257841, 56.851537], [-5.256799, 56.851537], [-5.255758, 56.851537], [-5.254716, 56.851537], [-5.253674, 56.851537], [-5.252633, 56.851537], [-5.251591, 56.851537], [-5.250549, 56.851537], [-5.249508, 56.851537], [-5.248466, 56.851537], [-5.247424, 56.851537], [-5.246383, 56.851537], [-5.245341, 56.851537], [-5.244299, 56.851537], [-5.243258, 56.851537], [-5.242216, 56.851537], [-5.241174, 56.851537], [-5.240133, 56.851537], [-5.239091, 56.851537], [-5.238049, 56.851537], [-5.237008, 56.851537], [-5.235966, 56.851537], [-5.234924, 56.851537], [-5.233883, 56.851537], [-5.232841, 56.851537], [-5.231799, 56.851537], [-5.230758, 56.851537], [-5.229716, 56.851537], [-5.228674, 56.851537], [-5.227633, 56.851537], [-5.226591, 56.851537], [-5.225549, 56.851537], [-5.224508, 56.851537], [-5.223466, 56.851537], [-5.222424, 56.851537], [-5.221383, 56.851537], [-5.220341, 56.851537], [-5.219299, 56.851537], [-5.218258, 56.851537], [-5.217216, 56.851537], [-5.216174, 56.851537], [-5.215133, 56.851537], [-5.214091, 56.851537], [-5.213049, 56.851537], [-5.212008, 56.851537], [-5.210966, 56.851537], [-5.209924, 56.851537], [-5.208883, 56.851537], [-5.207841, 56.851537], [-5.206799, 56.851537], [-5.205758, 56.851537], [-5.204716, 56.851537], [-5.203674, 56.851537], [-5.202633, 56.851537], [-5.201591, 56.851537], [-5.200549, 56.851537], [-5.199508, 56.851537], [-5.198466, 56.851537], [-5.197424, 56.851537], [-5.196383, 56.851537], [-5.195341, 56.851537], [-5.194299, 56.851537], [-5.193258, 56.851537], [-5.192216, 56.851537], [-5.191174, 56.851537], [-5.190133, 56.851537], [-5.189091, 56.851537], [-5.188049, 56.851537], [-5.187008, 56.851537], [-5.185966, 56.851537], [-5.184924, 56.851537], [-5.183883, 56.851537], [-5.182841, 56.851537], [-5.181799, 56.851537], [-5.180758, 56.851537], [-5.179716, 56.851537], [-5.178674, 56.851537], [-5.177633, 56.851537], [-5.176591, 56.851537], [-5.175549, 56.851537], [-5.174508, 56.851537], [-5.173466, 56.850496], [-5.172424, 56.850496], [-5.171383, 56.849454], [-5.170341, 56.849454], [-5.169299, 56.848412], [-5.168258, 56.848412], [-5.167216, 56.847371], [-5.166174, 56.846329], [-5.165133, 56.845288], [-5.164091, 56.844246], [-5.163049, 56.843204], [-5.162008, 56.843204], [-5.160966, 56.842162], [-5.159924, 56.841121], [-5.158883, 56.842162], [-5.157841, 56.842162], [-5.156799, 56.841121], [-5.155758, 56.841121], [-5.154716, 56.841121], [-5.153674, 56.840079], [-5.152633, 56.840079], [-5.151591, 56.839038], [-5.150549, 56.839038], [-5.149508, 56.837996], [-5.148466, 56.837996], [-5.147424, 56.837996], [-5.146383, 56.837996], [-5.145341, 56.837996], [-5.144299, 56.837996], [-5.143258, 56.837996], [-5.142216, 56.839038], [-5.141174, 56.839038], [-5.140133, 56.839038], [-5.139091, 56.839038], [-5.138049, 56.839038], [-5.137008, 56.839038], [-5.135966, 56.839038], [-5.134924, 56.837996]]}, "properties": {"node_id": "os:node/D7DEE27D-97F3-431E-8245-545B0FB2A5E1", "lat": 56.8531, "lon": -5.27607, "dist_m": 8862, "in_scope": false, "traced": true, "path_m": 9797, "straight_m": 8862, "detour": 1.11, "max_elev_crossed_m": 5.0, "min_depth_m": -43.6, "drying_px": 68, "drying_m": 4899, "drying_frac": 0.5}}, {"type": "Feature", "geometry": {"type": "LineString", "coordinates": [[-5.259001, 56.462329], [-5.260043, 56.462329], [-5.261084, 56.461288], [-5.262126, 56.461288], [-5.263168, 56.461288], [-5.264209, 56.461288], [-5.265251, 56.461288], [-5.266293, 56.461288], [-5.267334, 56.461288], [-5.268376, 56.461288], [-5.269418, 56.461288], [-5.270459, 56.461288], [-5.271501, 56.461288], [-5.272543, 56.461288], [-5.273584, 56.461288], [-5.274626, 56.460246], [-5.275668, 56.459204], [-5.276709, 56.459204], [-5.277751, 56.459204], [-5.278793, 56.459204], [-5.279834, 56.459204], [-5.280876, 56.459204], [-5.281918, 56.459204], [-5.282959, 56.459204], [-5.284001, 56.459204], [-5.285043, 56.459204], [-5.286084, 56.459204], [-5.287126, 56.459204], [-5.288168, 56.459204], [-5.289209, 56.459204], [-5.290251, 56.459204], [-5.291293, 56.459204], [-5.292334, 56.459204], [-5.293376, 56.459204], [-5.294418, 56.459204], [-5.295459, 56.459204], [-5.296501, 56.459204], [-5.297543, 56.459204], [-5.298584, 56.459204], [-5.299626, 56.459204], [-5.300668, 56.459204], [-5.301709, 56.459204], [-5.302751, 56.459204], [-5.303793, 56.459204], [-5.304834, 56.459204], [-5.305876, 56.459204], [-5.306918, 56.459204], [-5.307959, 56.459204], [-5.309001, 56.459204], [-5.310043, 56.459204], [-5.311084, 56.459204], [-5.312126, 56.459204], [-5.313168, 56.459204], [-5.314209, 56.459204], [-5.315251, 56.459204], [-5.316293, 56.459204], [-5.317334, 56.459204], [-5.318376, 56.459204], [-5.319418, 56.459204], [-5.320459, 56.459204], [-5.321501, 56.459204], [-5.322543, 56.459204], [-5.323584, 56.459204], [-5.324626, 56.459204], [-5.325668, 56.459204], [-5.326709, 56.459204], [-5.327751, 56.459204], [-5.328793, 56.459204], [-5.329834, 56.459204], [-5.330876, 56.459204], [-5.331918, 56.459204], [-5.332959, 56.459204], [-5.334001, 56.459204], [-5.335043, 56.459204], [-5.336084, 56.459204], [-5.337126, 56.459204], [-5.338168, 56.459204], [-5.339209, 56.459204], [-5.340251, 56.459204], [-5.341293, 56.459204], [-5.342334, 56.459204], [-5.343376, 56.459204], [-5.344418, 56.459204], [-5.345459, 56.460246], [-5.346501, 56.460246], [-5.347543, 56.460246], [-5.348584, 56.460246], [-5.349626, 56.460246], [-5.350668, 56.460246], [-5.351709, 56.461288], [-5.352751, 56.461288], [-5.353793, 56.461288], [-5.354834, 56.461288], [-5.355876, 56.461288], [-5.356918, 56.461288], [-5.357959, 56.461288], [-5.359001, 56.461288], [-5.360043, 56.461288], [-5.361084, 56.460246], [-5.362126, 56.460246], [-5.363168, 56.459204], [-5.364209, 56.459204], [-5.365251, 56.458162], [-5.366293, 56.458162], [-5.367334, 56.458162], [-5.368376, 56.458162], [-5.369418, 56.457121], [-5.370459, 56.457121], [-5.371501, 56.457121], [-5.372543, 56.457121], [-5.373584, 56.457121], [-5.374626, 56.457121], [-5.375668, 56.457121], [-5.376709, 56.457121], [-5.377751, 56.457121], [-5.378793, 56.457121], [-5.379834, 56.457121], [-5.380876, 56.457121], [-5.381918, 56.457121], [-5.382959, 56.457121], [-5.384001, 56.457121], [-5.385043, 56.457121], [-5.386084, 56.457121], [-5.387126, 56.457121], [-5.388168, 56.457121], [-5.389209, 56.457121], [-5.390251, 56.457121], [-5.391293, 56.457121], [-5.392334, 56.457121], [-5.393376, 56.457121], [-5.394418, 56.457121], [-5.395459, 56.457121], [-5.396501, 56.456079]]}, "properties": {"node_id": "os:node/03680BF7-7AB7-42D1-98DD-66A0EC29713F", "lat": 56.46285, "lon": -5.25929, "dist_m": 8447, "in_scope": false, "traced": true, "path_m": 9141, "straight_m": 8447, "detour": 1.08, "max_elev_crossed_m": 0.6, "min_depth_m": -65.3, "drying_px": 5, "drying_m": 344, "drying_frac": 0.038}}, {"type": "Feature", "geometry": {"type": "LineString", "coordinates": [[-5.051862, 56.702909], [-5.051862, 56.703951], [-5.052904, 56.704992], [-5.053945, 56.704992], [-5.054987, 56.704992], [-5.056029, 56.704992], [-5.05707, 56.704992], [-5.058112, 56.704992], [-5.059154, 56.704992], [-5.060195, 56.703951], [-5.061237, 56.703951], [-5.062279, 56.702909], [-5.06332, 56.702909], [-5.064362, 56.702909], [-5.065404, 56.702909], [-5.066445, 56.702909], [-5.067487, 56.701867], [-5.068529, 56.701867], [-5.06957, 56.701867], [-5.070612, 56.700826], [-5.071654, 56.700826], [-5.072695, 56.700826], [-5.073737, 56.700826], [-5.074779, 56.700826], [-5.07582, 56.699784], [-5.076862, 56.699784], [-5.077904, 56.699784], [-5.078945, 56.698742], [-5.079987, 56.698742], [-5.081029, 56.698742], [-5.08207, 56.698742], [-5.083112, 56.698742], [-5.084154, 56.699784], [-5.085195, 56.699784], [-5.086237, 56.698742], [-5.087279, 56.698742], [-5.08832, 56.699784], [-5.089362, 56.699784], [-5.090404, 56.699784], [-5.091445, 56.698742], [-5.092487, 56.697701], [-5.093529, 56.697701], [-5.09457, 56.697701], [-5.095612, 56.697701], [-5.096654, 56.697701], [-5.097695, 56.697701], [-5.098737, 56.697701], [-5.099779, 56.696659], [-5.10082, 56.696659], [-5.101862, 56.696659], [-5.102904, 56.696659], [-5.103945, 56.695618], [-5.104987, 56.695618], [-5.106029, 56.694576], [-5.10707, 56.693534], [-5.108112, 56.692492], [-5.109154, 56.692492], [-5.110195, 56.691451], [-5.111237, 56.691451], [-5.112279, 56.691451], [-5.11332, 56.691451], [-5.114362, 56.691451], [-5.115404, 56.691451], [-5.116445, 56.691451], [-5.117487, 56.691451], [-5.118529, 56.691451], [-5.11957, 56.691451], [-5.120612, 56.691451], [-5.121654, 56.690409], [-5.122695, 56.689367], [-5.123737, 56.690409], [-5.124779, 56.689367], [-5.12582, 56.689367], [-5.126862, 56.689367], [-5.127904, 56.689367], [-5.128945, 56.689367], [-5.129987, 56.689367], [-5.131029, 56.689367], [-5.13207, 56.688326], [-5.133112, 56.688326], [-5.134154, 56.688326], [-5.135195, 56.688326], [-5.136237, 56.688326], [-5.137279, 56.687284], [-5.13832, 56.687284], [-5.139362, 56.687284], [-5.140404, 56.686242], [-5.141445, 56.686242], [-5.142487, 56.685201], [-5.143529, 56.685201], [-5.14457, 56.685201], [-5.145612, 56.684159], [-5.146654, 56.684159], [-5.147695, 56.684159], [-5.148737, 56.684159], [-5.149779, 56.684159], [-5.15082, 56.683117], [-5.151862, 56.682076], [-5.152904, 56.681034], [-5.153945, 56.681034], [-5.154987, 56.681034], [-5.156029, 56.681034], [-5.15707, 56.682076], [-5.158112, 56.683117], [-5.159154, 56.684159], [-5.160195, 56.685201], [-5.161237, 56.685201], [-5.162279, 56.685201], [-5.16332, 56.684159], [-5.164362, 56.684159], [-5.165404, 56.685201], [-5.166445, 56.685201], [-5.167487, 56.686242], [-5.168529, 56.687284], [-5.16957, 56.687284], [-5.170612, 56.687284], [-5.171654, 56.687284], [-5.172695, 56.688326], [-5.173737, 56.688326], [-5.174779, 56.688326], [-5.17582, 56.688326], [-5.176862, 56.689367], [-5.177904, 56.688326], [-5.178945, 56.688326], [-5.179987, 56.688326], [-5.181029, 56.688326], [-5.18207, 56.689367], [-5.183112, 56.689367], [-5.184154, 56.690409], [-5.185195, 56.690409], [-5.186237, 56.691451], [-5.187279, 56.690409], [-5.18832, 56.690409], [-5.189362, 56.690409], [-5.190404, 56.690409]]}, "properties": {"node_id": "os:node/089485B0-55C4-4B57-8EBC-659539F410C5", "lat": 56.70343, "lon": -5.05158, "dist_m": 8259, "in_scope": false, "traced": true, "path_m": 11671, "straight_m": 8259, "detour": 1.41, "max_elev_crossed_m": 9.4, "min_depth_m": -76.8, "drying_px": 53, "drying_m": 4582, "drying_frac": 0.393}}, {"type": "Feature", "geometry": {"type": "LineString", "coordinates": [[-5.263168, 56.461979], [-5.264209, 56.460938], [-5.265251, 56.460938], [-5.266293, 56.460938], [-5.267334, 56.460938], [-5.268376, 56.460938], [-5.269418, 56.460938], [-5.270459, 56.460938], [-5.271501, 56.460938], [-5.272543, 56.460938], [-5.273584, 56.460938], [-5.274626, 56.460938], [-5.275668, 56.460938], [-5.276709, 56.460938], [-5.277751, 56.460938], [-5.278793, 56.459896], [-5.279834, 56.458854], [-5.280876, 56.458854], [-5.281918, 56.458854], [-5.282959, 56.458854], [-5.284001, 56.458854], [-5.285043, 56.458854], [-5.286084, 56.458854], [-5.287126, 56.458854], [-5.288168, 56.458854], [-5.289209, 56.458854], [-5.290251, 56.458854], [-5.291293, 56.458854], [-5.292334, 56.458854], [-5.293376, 56.458854], [-5.294418, 56.458854], [-5.295459, 56.458854], [-5.296501, 56.458854], [-5.297543, 56.458854], [-5.298584, 56.458854], [-5.299626, 56.458854], [-5.300668, 56.458854], [-5.301709, 56.458854], [-5.302751, 56.458854], [-5.303793, 56.458854], [-5.304834, 56.458854], [-5.305876, 56.458854], [-5.306918, 56.458854], [-5.307959, 56.458854], [-5.309001, 56.458854], [-5.310043, 56.458854], [-5.311084, 56.458854], [-5.312126, 56.458854], [-5.313168, 56.458854], [-5.314209, 56.458854], [-5.315251, 56.458854], [-5.316293, 56.458854], [-5.317334, 56.458854], [-5.318376, 56.458854], [-5.319418, 56.458854], [-5.320459, 56.458854], [-5.321501, 56.458854], [-5.322543, 56.458854], [-5.323584, 56.458854], [-5.324626, 56.458854], [-5.325668, 56.458854], [-5.326709, 56.458854], [-5.327751, 56.458854], [-5.328793, 56.458854], [-5.329834, 56.458854], [-5.330876, 56.458854], [-5.331918, 56.458854], [-5.332959, 56.458854], [-5.334001, 56.458854], [-5.335043, 56.458854], [-5.336084, 56.458854], [-5.337126, 56.458854], [-5.338168, 56.458854], [-5.339209, 56.458854], [-5.340251, 56.458854], [-5.341293, 56.458854], [-5.342334, 56.458854], [-5.343376, 56.458854], [-5.344418, 56.458854], [-5.345459, 56.459896], [-5.346501, 56.459896], [-5.347543, 56.459896], [-5.348584, 56.459896], [-5.349626, 56.459896], [-5.350668, 56.459896], [-5.351709, 56.460938], [-5.352751, 56.460938], [-5.353793, 56.460938], [-5.354834, 56.460938], [-5.355876, 56.460938], [-5.356918, 56.460938], [-5.357959, 56.460938], [-5.359001, 56.460938], [-5.360043, 56.460938], [-5.361084, 56.459896], [-5.362126, 56.459896], [-5.363168, 56.458854], [-5.364209, 56.458854], [-5.365251, 56.457812], [-5.366293, 56.457812], [-5.367334, 56.457812], [-5.368376, 56.457812], [-5.369418, 56.456771], [-5.370459, 56.456771], [-5.371501, 56.456771], [-5.372543, 56.456771], [-5.373584, 56.456771], [-5.374626, 56.456771], [-5.375668, 56.456771], [-5.376709, 56.456771], [-5.377751, 56.456771], [-5.378793, 56.456771], [-5.379834, 56.456771], [-5.380876, 56.456771], [-5.381918, 56.456771], [-5.382959, 56.456771], [-5.384001, 56.456771], [-5.385043, 56.456771], [-5.386084, 56.456771], [-5.387126, 56.456771], [-5.388168, 56.456771], [-5.389209, 56.456771], [-5.390251, 56.456771], [-5.391293, 56.456771], [-5.392334, 56.456771], [-5.393376, 56.456771], [-5.394418, 56.456771], [-5.395459, 56.456771], [-5.396501, 56.455729]]}, "properties": {"node_id": "os:node/B2D91411-E8FD-483C-93BB-CD8CED51674C", "lat": 56.4625, "lon": -5.26345, "dist_m": 8188, "in_scope": false, "traced": true, "path_m": 8884, "straight_m": 8188, "detour": 1.09, "max_elev_crossed_m": 0.6, "min_depth_m": -63.7, "drying_px": 6, "drying_m": 413, "drying_frac": 0.047}}, {"type": "Feature", "geometry": {"type": "LineString", "coordinates": [[-5.390084, 57.109731], [-5.391125, 57.108689], [-5.392167, 57.108689], [-5.393209, 57.108689], [-5.39425, 57.108689], [-5.395292, 57.108689], [-5.396334, 57.108689], [-5.397375, 57.108689], [-5.398417, 57.108689], [-5.399459, 57.108689], [-5.4005, 57.108689], [-5.401542, 57.108689], [-5.402584, 57.108689], [-5.403625, 57.108689], [-5.404667, 57.108689], [-5.405709, 57.108689], [-5.40675, 57.108689], [-5.407792, 57.109731], [-5.408834, 57.109731], [-5.409875, 57.109731], [-5.410917, 57.109731], [-5.411959, 57.110772], [-5.413, 57.110772], [-5.414042, 57.110772], [-5.415084, 57.110772], [-5.416125, 57.110772], [-5.417167, 57.110772], [-5.418209, 57.110772], [-5.41925, 57.110772], [-5.420292, 57.110772], [-5.421334, 57.110772], [-5.422375, 57.110772], [-5.423417, 57.110772], [-5.424459, 57.110772], [-5.4255, 57.110772], [-5.426542, 57.110772], [-5.427584, 57.110772], [-5.428625, 57.110772], [-5.429667, 57.110772], [-5.430709, 57.110772], [-5.43175, 57.110772], [-5.432792, 57.110772], [-5.433834, 57.110772], [-5.434875, 57.110772], [-5.435917, 57.110772], [-5.436959, 57.110772], [-5.438, 57.109731], [-5.439042, 57.109731], [-5.440084, 57.109731], [-5.441125, 57.109731], [-5.442167, 57.109731], [-5.443209, 57.109731], [-5.44425, 57.109731], [-5.445292, 57.109731], [-5.446334, 57.109731], [-5.447375, 57.109731], [-5.448417, 57.109731], [-5.449459, 57.109731], [-5.4505, 57.109731], [-5.451542, 57.109731], [-5.452584, 57.108689], [-5.453625, 57.107647], [-5.454667, 57.106606], [-5.455709, 57.105564], [-5.45675, 57.105564], [-5.457792, 57.105564], [-5.458834, 57.105564], [-5.459875, 57.105564], [-5.460917, 57.105564], [-5.461959, 57.105564], [-5.463, 57.105564], [-5.464042, 57.105564], [-5.465084, 57.105564], [-5.466125, 57.105564], [-5.467167, 57.105564], [-5.468209, 57.104522], [-5.46925, 57.104522], [-5.470292, 57.104522], [-5.471334, 57.104522], [-5.472375, 57.104522], [-5.473417, 57.104522], [-5.474459, 57.103481], [-5.4755, 57.103481], [-5.476542, 57.103481], [-5.477584, 57.103481], [-5.478625, 57.103481], [-5.479667, 57.103481], [-5.480709, 57.103481], [-5.48175, 57.103481], [-5.482792, 57.102439], [-5.483834, 57.101398], [-5.484875, 57.100356], [-5.485917, 57.100356], [-5.486959, 57.099314], [-5.488, 57.099314], [-5.489042, 57.099314], [-5.490084, 57.099314], [-5.491125, 57.099314], [-5.492167, 57.099314], [-5.493209, 57.099314], [-5.49425, 57.099314], [-5.495292, 57.099314], [-5.496334, 57.099314], [-5.497375, 57.099314], [-5.498417, 57.099314], [-5.499459, 57.099314], [-5.5005, 57.099314], [-5.501542, 57.099314], [-5.502584, 57.099314], [-5.503625, 57.099314], [-5.504667, 57.099314], [-5.505709, 57.099314], [-5.50675, 57.099314], [-5.507792, 57.099314], [-5.508834, 57.099314], [-5.509875, 57.099314], [-5.510917, 57.099314], [-5.511959, 57.099314], [-5.513, 57.099314], [-5.514042, 57.098272], [-5.515084, 57.097231], [-5.516125, 57.096189], [-5.517167, 57.095147]]}, "properties": {"node_id": "os:node/3FDCCFAF-4C08-4A25-97CF-E28E0BD1841A", "lat": 57.10921, "lon": -5.39044, "dist_m": 7950, "in_scope": false, "traced": true, "path_m": 8924, "straight_m": 7950, "detour": 1.12, "max_elev_crossed_m": 18.7, "min_depth_m": -1.2, "drying_px": 110, "drying_m": 7981, "drying_frac": 0.894}}, {"type": "Feature", "geometry": {"type": "LineString", "coordinates": [[-5.261424, 56.553435], [-5.262466, 56.552394], [-5.263507, 56.552394], [-5.264549, 56.552394], [-5.265591, 56.551352], [-5.266632, 56.551352], [-5.267674, 56.551352], [-5.268716, 56.551352], [-5.269757, 56.551352], [-5.270799, 56.55031], [-5.271841, 56.55031], [-5.272882, 56.55031], [-5.273924, 56.55031], [-5.274966, 56.549269], [-5.276007, 56.549269], [-5.277049, 56.548227], [-5.278091, 56.548227], [-5.279132, 56.548227], [-5.280174, 56.548227], [-5.281216, 56.548227], [-5.282257, 56.547185], [-5.283299, 56.547185], [-5.284341, 56.547185], [-5.285382, 56.547185], [-5.286424, 56.547185], [-5.287466, 56.546144], [-5.288507, 56.546144], [-5.289549, 56.546144], [-5.290591, 56.547185], [-5.291632, 56.547185], [-5.292674, 56.547185], [-5.293716, 56.547185], [-5.294757, 56.547185], [-5.295799, 56.546144], [-5.296841, 56.545102], [-5.297882, 56.545102], [-5.298924, 56.545102], [-5.299966, 56.545102], [-5.301007, 56.545102], [-5.302049, 56.545102], [-5.303091, 56.545102], [-5.304132, 56.545102], [-5.305174, 56.545102], [-5.306216, 56.545102], [-5.307257, 56.545102], [-5.308299, 56.545102], [-5.309341, 56.545102], [-5.310382, 56.545102], [-5.311424, 56.545102], [-5.312466, 56.545102], [-5.313507, 56.545102], [-5.314549, 56.545102], [-5.315591, 56.545102], [-5.316632, 56.545102], [-5.317674, 56.54406], [-5.318716, 56.54406], [-5.319757, 56.54406], [-5.320799, 56.54406], [-5.321841, 56.54406], [-5.322882, 56.54406], [-5.323924, 56.543019], [-5.324966, 56.543019], [-5.326007, 56.543019], [-5.327049, 56.541977], [-5.328091, 56.540935], [-5.329132, 56.540935], [-5.330174, 56.539894], [-5.331216, 56.538852], [-5.332257, 56.538852], [-5.333299, 56.53781], [-5.334341, 56.536769], [-5.335382, 56.535727], [-5.336424, 56.534685], [-5.337466, 56.534685], [-5.338507, 56.534685], [-5.339549, 56.534685], [-5.340591, 56.534685], [-5.341632, 56.534685], [-5.342674, 56.533644], [-5.343716, 56.533644], [-5.344757, 56.532602], [-5.345799, 56.53156], [-5.346841, 56.530519], [-5.347882, 56.530519], [-5.348924, 56.529477], [-5.349966, 56.528435], [-5.351007, 56.528435], [-5.352049, 56.528435], [-5.353091, 56.528435], [-5.354132, 56.527394], [-5.355174, 56.527394], [-5.356216, 56.526352], [-5.357257, 56.526352], [-5.358299, 56.526352], [-5.359341, 56.52531], [-5.360382, 56.52531], [-5.361424, 56.524269], [-5.362466, 56.524269], [-5.363507, 56.523227], [-5.364549, 56.522185], [-5.365591, 56.521144], [-5.366632, 56.521144], [-5.367674, 56.521144], [-5.368716, 56.521144], [-5.369757, 56.521144], [-5.370799, 56.521144], [-5.371841, 56.521144], [-5.372882, 56.521144], [-5.373924, 56.521144], [-5.374966, 56.521144], [-5.376007, 56.521144], [-5.377049, 56.521144], [-5.378091, 56.521144], [-5.379132, 56.521144], [-5.380174, 56.521144], [-5.381216, 56.521144], [-5.382257, 56.521144], [-5.383299, 56.521144], [-5.384341, 56.521144], [-5.385382, 56.522185], [-5.386424, 56.523227], [-5.387466, 56.524269], [-5.388507, 56.52531], [-5.389549, 56.526352], [-5.390591, 56.527394], [-5.391632, 56.528435], [-5.392674, 56.529477], [-5.393716, 56.530519], [-5.394757, 56.53156], [-5.395799, 56.532602], [-5.396841, 56.533644], [-5.397882, 56.534685], [-5.398924, 56.535727], [-5.399966, 56.536769], [-5.401007, 56.53781], [-5.402049, 56.53781], [-5.403091, 56.53781], [-5.404132, 56.53781], [-5.405174, 56.53781], [-5.406216, 56.538852], [-5.407257, 56.539894], [-5.408299, 56.539894], [-5.409341, 56.539894], [-5.410382, 56.539894], [-5.411424, 56.538852]]}, "properties": {"node_id": "os:node/E8EE7627-875E-4699-9014-6B020A4CB375", "lat": 56.55381, "lon": -5.26159, "dist_m": 7871, "in_scope": false, "traced": true, "path_m": 12765, "straight_m": 7871, "detour": 1.62, "max_elev_crossed_m": 3.1, "min_depth_m": -42.3, "drying_px": 61, "drying_m": 5370, "drying_frac": 0.421}}, {"type": "Feature", "geometry": {"type": "LineString", "coordinates": [[-5.260839, 56.846581], [-5.259798, 56.846581], [-5.258756, 56.846581], [-5.257714, 56.846581], [-5.256673, 56.846581], [-5.255631, 56.846581], [-5.254589, 56.846581], [-5.253548, 56.846581], [-5.252506, 56.846581], [-5.251464, 56.846581], [-5.250423, 56.846581], [-5.249381, 56.846581], [-5.248339, 56.846581], [-5.247298, 56.846581], [-5.246256, 56.846581], [-5.245214, 56.846581], [-5.244173, 56.846581], [-5.243131, 56.846581], [-5.242089, 56.846581], [-5.241048, 56.846581], [-5.240006, 56.846581], [-5.238964, 56.846581], [-5.237923, 56.846581], [-5.236881, 56.846581], [-5.235839, 56.846581], [-5.234798, 56.846581], [-5.233756, 56.846581], [-5.232714, 56.846581], [-5.231673, 56.846581], [-5.230631, 56.846581], [-5.229589, 56.846581], [-5.228548, 56.846581], [-5.227506, 56.846581], [-5.226464, 56.846581], [-5.225423, 56.846581], [-5.224381, 56.846581], [-5.223339, 56.846581], [-5.222298, 56.846581], [-5.221256, 56.846581], [-5.220214, 56.846581], [-5.219173, 56.846581], [-5.218131, 56.846581], [-5.217089, 56.846581], [-5.216048, 56.846581], [-5.215006, 56.846581], [-5.213964, 56.846581], [-5.212923, 56.846581], [-5.211881, 56.846581], [-5.210839, 56.846581], [-5.209798, 56.846581], [-5.208756, 56.846581], [-5.207714, 56.846581], [-5.206673, 56.846581], [-5.205631, 56.846581], [-5.204589, 56.846581], [-5.203548, 56.846581], [-5.202506, 56.846581], [-5.201464, 56.846581], [-5.200423, 56.846581], [-5.199381, 56.846581], [-5.198339, 56.846581], [-5.197298, 56.846581], [-5.196256, 56.846581], [-5.195214, 56.846581], [-5.194173, 56.846581], [-5.193131, 56.846581], [-5.192089, 56.846581], [-5.191048, 56.846581], [-5.190006, 56.846581], [-5.188964, 56.846581], [-5.187923, 56.846581], [-5.186881, 56.846581], [-5.185839, 56.846581], [-5.184798, 56.846581], [-5.183756, 56.846581], [-5.182714, 56.846581], [-5.181673, 56.846581], [-5.180631, 56.846581], [-5.179589, 56.846581], [-5.178548, 56.846581], [-5.177506, 56.846581], [-5.176464, 56.846581], [-5.175423, 56.846581], [-5.174381, 56.846581], [-5.173339, 56.846581], [-5.172298, 56.846581], [-5.171256, 56.846581], [-5.170214, 56.846581], [-5.169173, 56.846581], [-5.168131, 56.846581], [-5.167089, 56.846581], [-5.166048, 56.846581], [-5.165006, 56.845539], [-5.163964, 56.844497], [-5.162923, 56.843456], [-5.161881, 56.843456], [-5.160839, 56.842414], [-5.159798, 56.841372], [-5.158756, 56.842414], [-5.157714, 56.842414], [-5.156673, 56.841372], [-5.155631, 56.841372], [-5.154589, 56.841372], [-5.153548, 56.840331], [-5.152506, 56.840331], [-5.151464, 56.839289], [-5.150423, 56.839289], [-5.149381, 56.838248], [-5.148339, 56.838248], [-5.147298, 56.838248], [-5.146256, 56.838248], [-5.145214, 56.838248], [-5.144173, 56.838248], [-5.143131, 56.838248], [-5.142089, 56.839289], [-5.141048, 56.839289], [-5.140006, 56.839289], [-5.138964, 56.839289], [-5.137923, 56.839289], [-5.136881, 56.839289], [-5.135839, 56.838248]]}, "properties": {"node_id": "os:node/3556230B-7E28-410C-A464-62A6CF3F534B", "lat": 56.84606, "lon": -5.26136, "dist_m": 7857, "in_scope": false, "traced": true, "path_m": 8435, "straight_m": 7857, "detour": 1.07, "max_elev_crossed_m": 5.0, "min_depth_m": -32.3, "drying_px": 53, "drying_m": 3695, "drying_frac": 0.438}}, {"type": "Feature", "geometry": {"type": "LineString", "coordinates": [[-3.80599, 53.234878], [-3.807032, 53.235919], [-3.807032, 53.236961], [-3.807032, 53.238003], [-3.807032, 53.239044], [-3.807032, 53.240086], [-3.808074, 53.241128], [-3.809115, 53.242169], [-3.810157, 53.243211], [-3.811199, 53.243211], [-3.81224, 53.244253], [-3.813282, 53.244253], [-3.814324, 53.244253], [-3.815365, 53.245294], [-3.816407, 53.246336], [-3.817449, 53.246336], [-3.81849, 53.246336], [-3.819532, 53.247378], [-3.820574, 53.248419], [-3.821615, 53.249461], [-3.822657, 53.250503], [-3.822657, 53.251544], [-3.822657, 53.252586], [-3.821615, 53.253628], [-3.820574, 53.254669], [-3.819532, 53.255711], [-3.81849, 53.256753], [-3.817449, 53.257794], [-3.816407, 53.257794], [-3.815365, 53.257794], [-3.814324, 53.258836], [-3.813282, 53.259878], [-3.81224, 53.260919], [-3.811199, 53.261961], [-3.810157, 53.263003], [-3.809115, 53.264044], [-3.809115, 53.265086], [-3.809115, 53.266128], [-3.809115, 53.267169], [-3.809115, 53.268211], [-3.809115, 53.269253], [-3.809115, 53.270294], [-3.810157, 53.271336], [-3.811199, 53.272378], [-3.81224, 53.273419], [-3.813282, 53.274461], [-3.814324, 53.275503], [-3.815365, 53.276544], [-3.816407, 53.277586], [-3.817449, 53.278628], [-3.81849, 53.279669], [-3.819532, 53.280711], [-3.820574, 53.281753], [-3.821615, 53.282794], [-3.822657, 53.283836], [-3.823699, 53.284878], [-3.822657, 53.285919], [-3.823699, 53.286961], [-3.82474, 53.288003], [-3.825782, 53.288003], [-3.826824, 53.289044], [-3.827865, 53.290086], [-3.828907, 53.291128], [-3.829949, 53.291128], [-3.83099, 53.290086], [-3.832032, 53.290086], [-3.833074, 53.291128], [-3.834115, 53.291128], [-3.835157, 53.290086], [-3.836199, 53.290086], [-3.83724, 53.291128], [-3.836199, 53.292169], [-3.836199, 53.293211], [-3.83724, 53.294253], [-3.838282, 53.294253], [-3.839324, 53.295294], [-3.840365, 53.296336], [-3.841407, 53.297378], [-3.842449, 53.298419], [-3.84349, 53.299461], [-3.844532, 53.300503], [-3.844532, 53.301544], [-3.844532, 53.302586]]}, "properties": {"node_id": "os:node/E1F9CEE6-8083-4E50-B365-E7BA363FF7B9", "lat": 53.23527, "lon": -3.80649, "dist_m": 7822, "in_scope": true, "traced": true, "path_m": 9939, "straight_m": 7822, "detour": 1.27, "max_elev_crossed_m": 5.0, "min_depth_m": -6.7, "drying_px": 59, "drying_m": 7065, "drying_frac": 0.711}}, {"type": "Feature", "geometry": {"type": "LineString", "coordinates": [[-6.565259, 58.080195], [-6.565259, 58.081236], [-6.566301, 58.082278], [-6.567343, 58.08332], [-6.567343, 58.084361], [-6.566301, 58.085403], [-6.565259, 58.086445], [-6.564218, 58.087486], [-6.563176, 58.087486], [-6.562134, 58.087486], [-6.561093, 58.087486], [-6.560051, 58.088528], [-6.559009, 58.088528], [-6.557968, 58.088528], [-6.556926, 58.088528], [-6.555884, 58.088528], [-6.554843, 58.088528], [-6.553801, 58.088528], [-6.552759, 58.088528], [-6.551718, 58.088528], [-6.550676, 58.088528], [-6.549634, 58.088528], [-6.548593, 58.088528], [-6.547551, 58.088528], [-6.546509, 58.088528], [-6.545468, 58.088528], [-6.544426, 58.088528], [-6.543384, 58.088528], [-6.542343, 58.088528], [-6.541301, 58.088528], [-6.540259, 58.088528], [-6.539218, 58.088528], [-6.538176, 58.088528], [-6.537134, 58.088528], [-6.536093, 58.088528], [-6.535051, 58.088528], [-6.534009, 58.088528], [-6.532968, 58.088528], [-6.531926, 58.088528], [-6.530884, 58.088528], [-6.529843, 58.088528], [-6.528801, 58.088528], [-6.527759, 58.088528], [-6.526718, 58.088528], [-6.525676, 58.088528], [-6.524634, 58.088528], [-6.523593, 58.088528], [-6.522551, 58.088528], [-6.521509, 58.088528], [-6.520468, 58.088528], [-6.519426, 58.088528], [-6.518384, 58.08957], [-6.517343, 58.090611], [-6.516301, 58.090611], [-6.515259, 58.091653], [-6.514218, 58.092695], [-6.513176, 58.092695], [-6.512134, 58.092695], [-6.511093, 58.093736], [-6.510051, 58.093736], [-6.509009, 58.093736], [-6.507968, 58.093736], [-6.506926, 58.093736], [-6.505884, 58.093736], [-6.504843, 58.093736], [-6.503801, 58.093736], [-6.502759, 58.093736], [-6.501718, 58.093736], [-6.500676, 58.093736], [-6.499634, 58.093736], [-6.498593, 58.093736], [-6.497551, 58.093736], [-6.496509, 58.093736], [-6.495468, 58.093736], [-6.494426, 58.093736], [-6.493384, 58.093736], [-6.492343, 58.093736], [-6.491301, 58.093736], [-6.490259, 58.093736], [-6.489218, 58.093736], [-6.488176, 58.093736], [-6.487134, 58.093736], [-6.486093, 58.093736], [-6.485051, 58.093736], [-6.484009, 58.093736], [-6.482968, 58.093736], [-6.481926, 58.093736], [-6.480884, 58.093736], [-6.479843, 58.093736], [-6.478801, 58.093736], [-6.477759, 58.093736], [-6.476718, 58.093736], [-6.475676, 58.093736], [-6.474634, 58.094778], [-6.473593, 58.09582], [-6.472551, 58.09582], [-6.471509, 58.09582], [-6.470468, 58.09582], [-6.469426, 58.09582], [-6.468384, 58.09582], [-6.467343, 58.096861], [-6.466301, 58.096861], [-6.465259, 58.096861], [-6.464218, 58.096861], [-6.463176, 58.096861], [-6.462134, 58.096861], [-6.461093, 58.096861], [-6.460051, 58.096861], [-6.459009, 58.096861], [-6.457968, 58.096861], [-6.456926, 58.097903], [-6.455884, 58.098945], [-6.454843, 58.099986], [-6.453801, 58.101028], [-6.452759, 58.10207], [-6.451718, 58.10207], [-6.450676, 58.103111], [-6.449634, 58.104153], [-6.448593, 58.105195], [-6.447551, 58.106236], [-6.446509, 58.107278], [-6.445468, 58.10832]]}, "properties": {"node_id": "os:node/C6D904AE-871C-452B-A4E0-0E2B42408764", "lat": 58.07979, "lon": -6.56578, "dist_m": 7818, "in_scope": false, "traced": true, "path_m": 9274, "straight_m": 7818, "detour": 1.19, "max_elev_crossed_m": 4.4, "min_depth_m": -31.3, "drying_px": 91, "drying_m": 6918, "drying_frac": 0.746}}, {"type": "Feature", "geometry": {"type": "LineString", "coordinates": [[-6.572419, 58.090611], [-6.571378, 58.090611], [-6.570336, 58.090611], [-6.569294, 58.090611], [-6.568253, 58.090611], [-6.567211, 58.090611], [-6.566169, 58.090611], [-6.565128, 58.090611], [-6.564086, 58.090611], [-6.563044, 58.090611], [-6.562002, 58.090611], [-6.560961, 58.090611], [-6.559919, 58.090611], [-6.558878, 58.090611], [-6.557836, 58.090611], [-6.556794, 58.090611], [-6.555753, 58.090611], [-6.554711, 58.091653], [-6.553669, 58.091653], [-6.552628, 58.091653], [-6.551586, 58.091653], [-6.550544, 58.091653], [-6.549502, 58.091653], [-6.548461, 58.091653], [-6.547419, 58.091653], [-6.546378, 58.091653], [-6.545336, 58.091653], [-6.544294, 58.091653], [-6.543252, 58.091653], [-6.542211, 58.091653], [-6.541169, 58.091653], [-6.540128, 58.091653], [-6.539086, 58.091653], [-6.538044, 58.091653], [-6.537003, 58.092695], [-6.535961, 58.092695], [-6.534919, 58.092695], [-6.533878, 58.092695], [-6.532836, 58.092695], [-6.531794, 58.092695], [-6.530752, 58.092695], [-6.529711, 58.092695], [-6.528669, 58.092695], [-6.527628, 58.092695], [-6.526586, 58.092695], [-6.525544, 58.092695], [-6.524503, 58.092695], [-6.523461, 58.092695], [-6.522419, 58.092695], [-6.521378, 58.092695], [-6.520336, 58.092695], [-6.519294, 58.092695], [-6.518252, 58.092695], [-6.517211, 58.092695], [-6.516169, 58.092695], [-6.515128, 58.092695], [-6.514086, 58.093736], [-6.513044, 58.093736], [-6.512002, 58.093736], [-6.510961, 58.094778], [-6.509919, 58.094778], [-6.508878, 58.094778], [-6.507836, 58.094778], [-6.506794, 58.094778], [-6.505753, 58.094778], [-6.504711, 58.094778], [-6.503669, 58.094778], [-6.502628, 58.094778], [-6.501586, 58.094778], [-6.500544, 58.094778], [-6.499502, 58.094778], [-6.498461, 58.094778], [-6.497419, 58.094778], [-6.496378, 58.094778], [-6.495336, 58.094778], [-6.494294, 58.094778], [-6.493253, 58.094778], [-6.492211, 58.094778], [-6.491169, 58.094778], [-6.490128, 58.094778], [-6.489086, 58.094778], [-6.488044, 58.094778], [-6.487002, 58.094778], [-6.485961, 58.094778], [-6.484919, 58.094778], [-6.483878, 58.094778], [-6.482836, 58.094778], [-6.481794, 58.094778], [-6.480752, 58.094778], [-6.479711, 58.094778], [-6.478669, 58.094778], [-6.477628, 58.094778], [-6.476586, 58.094778], [-6.475544, 58.094778], [-6.474503, 58.09582], [-6.473461, 58.096861], [-6.472419, 58.096861], [-6.471378, 58.096861], [-6.470336, 58.096861], [-6.469294, 58.096861], [-6.468252, 58.096861], [-6.467211, 58.097903], [-6.466169, 58.097903], [-6.465128, 58.097903], [-6.464086, 58.097903], [-6.463044, 58.098945], [-6.462003, 58.099986], [-6.460961, 58.101028], [-6.459919, 58.10207], [-6.458878, 58.103111], [-6.457836, 58.104153], [-6.456794, 58.105195], [-6.455752, 58.106236], [-6.454711, 58.107278], [-6.453669, 58.10832], [-6.452628, 58.109361], [-6.451586, 58.110403], [-6.450544, 58.111445], [-6.449502, 58.112486], [-6.448461, 58.113528]]}, "properties": {"node_id": "os:node/0AFCED51-A2BA-48C2-8219-B46EB0D72134", "lat": 58.09093, "lon": -6.57294, "dist_m": 7797, "in_scope": false, "traced": true, "path_m": 8831, "straight_m": 7797, "detour": 1.13, "max_elev_crossed_m": 0.3, "min_depth_m": -26.9, "drying_px": 80, "drying_m": 5887, "drying_frac": 0.667}}, {"type": "Feature", "geometry": {"type": "LineString", "coordinates": [[-5.393209, 57.108249], [-5.39425, 57.108249], [-5.395292, 57.108249], [-5.396334, 57.108249], [-5.397375, 57.109291], [-5.398417, 57.109291], [-5.399459, 57.109291], [-5.4005, 57.109291], [-5.401542, 57.109291], [-5.402584, 57.109291], [-5.403625, 57.109291], [-5.404667, 57.109291], [-5.405709, 57.109291], [-5.40675, 57.109291], [-5.407792, 57.110332], [-5.408834, 57.110332], [-5.409875, 57.110332], [-5.410917, 57.110332], [-5.411959, 57.111374], [-5.413, 57.111374], [-5.414042, 57.111374], [-5.415084, 57.111374], [-5.416125, 57.111374], [-5.417167, 57.111374], [-5.418209, 57.111374], [-5.41925, 57.111374], [-5.420292, 57.111374], [-5.421334, 57.111374], [-5.422375, 57.111374], [-5.423417, 57.111374], [-5.424459, 57.111374], [-5.4255, 57.111374], [-5.426542, 57.111374], [-5.427584, 57.111374], [-5.428625, 57.111374], [-5.429667, 57.111374], [-5.430709, 57.111374], [-5.43175, 57.111374], [-5.432792, 57.111374], [-5.433834, 57.111374], [-5.434875, 57.111374], [-5.435917, 57.111374], [-5.436959, 57.111374], [-5.438, 57.110332], [-5.439042, 57.110332], [-5.440084, 57.110332], [-5.441125, 57.110332], [-5.442167, 57.110332], [-5.443209, 57.110332], [-5.44425, 57.110332], [-5.445292, 57.110332], [-5.446334, 57.110332], [-5.447375, 57.110332], [-5.448417, 57.110332], [-5.449459, 57.110332], [-5.4505, 57.110332], [-5.451542, 57.110332], [-5.452584, 57.109291], [-5.453625, 57.108249], [-5.454667, 57.107207], [-5.455709, 57.106166], [-5.45675, 57.106166], [-5.457792, 57.106166], [-5.458834, 57.106166], [-5.459875, 57.106166], [-5.460917, 57.106166], [-5.461959, 57.106166], [-5.463, 57.106166], [-5.464042, 57.106166], [-5.465084, 57.106166], [-5.466125, 57.106166], [-5.467167, 57.106166], [-5.468209, 57.105124], [-5.46925, 57.105124], [-5.470292, 57.105124], [-5.471334, 57.105124], [-5.472375, 57.105124], [-5.473417, 57.105124], [-5.474459, 57.104082], [-5.4755, 57.104082], [-5.476542, 57.104082], [-5.477584, 57.104082], [-5.478625, 57.104082], [-5.479667, 57.104082], [-5.480709, 57.104082], [-5.48175, 57.104082], [-5.482792, 57.103041], [-5.483834, 57.101999], [-5.484875, 57.100958], [-5.485917, 57.100958], [-5.486959, 57.099916], [-5.488, 57.099916], [-5.489042, 57.099916], [-5.490084, 57.099916], [-5.491125, 57.099916], [-5.492167, 57.099916], [-5.493209, 57.099916], [-5.49425, 57.099916], [-5.495292, 57.099916], [-5.496334, 57.099916], [-5.497375, 57.099916], [-5.498417, 57.099916], [-5.499459, 57.099916], [-5.5005, 57.099916], [-5.501542, 57.099916], [-5.502584, 57.099916], [-5.503625, 57.099916], [-5.504667, 57.099916], [-5.505709, 57.099916], [-5.50675, 57.099916], [-5.507792, 57.099916], [-5.508834, 57.099916], [-5.509875, 57.099916], [-5.510917, 57.099916], [-5.511959, 57.099916], [-5.513, 57.099916], [-5.514042, 57.098874], [-5.515084, 57.097832], [-5.516125, 57.096791], [-5.517167, 57.095749]]}, "properties": {"node_id": "os:node/E31ADEB4-C45A-40A8-AD40-B29AEDB929F5", "lat": 57.10877, "lon": -5.39347, "dist_m": 7761, "in_scope": false, "traced": true, "path_m": 8735, "straight_m": 7761, "detour": 1.13, "max_elev_crossed_m": 0.0, "min_depth_m": -1.2, "drying_px": 108, "drying_m": 7862, "drying_frac": 0.9}}, {"type": "Feature", "geometry": {"type": "LineString", "coordinates": [[-6.563699, 58.081236], [-6.564741, 58.081236], [-6.565783, 58.082278], [-6.566824, 58.08332], [-6.566824, 58.084361], [-6.565783, 58.085403], [-6.564741, 58.086445], [-6.563699, 58.087486], [-6.562658, 58.087486], [-6.561616, 58.087486], [-6.560574, 58.087486], [-6.559533, 58.088528], [-6.558491, 58.088528], [-6.557449, 58.088528], [-6.556408, 58.088528], [-6.555366, 58.088528], [-6.554324, 58.088528], [-6.553283, 58.088528], [-6.552241, 58.088528], [-6.551199, 58.088528], [-6.550158, 58.088528], [-6.549116, 58.088528], [-6.548074, 58.088528], [-6.547033, 58.088528], [-6.545991, 58.088528], [-6.544949, 58.088528], [-6.543908, 58.088528], [-6.542866, 58.088528], [-6.541824, 58.088528], [-6.540783, 58.088528], [-6.539741, 58.088528], [-6.538699, 58.088528], [-6.537658, 58.088528], [-6.536616, 58.088528], [-6.535574, 58.088528], [-6.534533, 58.088528], [-6.533491, 58.088528], [-6.532449, 58.088528], [-6.531408, 58.088528], [-6.530366, 58.088528], [-6.529324, 58.088528], [-6.528283, 58.088528], [-6.527241, 58.088528], [-6.526199, 58.088528], [-6.525158, 58.088528], [-6.524116, 58.088528], [-6.523074, 58.088528], [-6.522033, 58.088528], [-6.520991, 58.088528], [-6.519949, 58.088528], [-6.518908, 58.088528], [-6.517866, 58.08957], [-6.516824, 58.090611], [-6.515783, 58.090611], [-6.514741, 58.091653], [-6.513699, 58.092695], [-6.512658, 58.092695], [-6.511616, 58.092695], [-6.510574, 58.093736], [-6.509533, 58.093736], [-6.508491, 58.093736], [-6.507449, 58.093736], [-6.506408, 58.093736], [-6.505366, 58.093736], [-6.504324, 58.093736], [-6.503283, 58.093736], [-6.502241, 58.093736], [-6.501199, 58.093736], [-6.500158, 58.093736], [-6.499116, 58.093736], [-6.498074, 58.093736], [-6.497033, 58.093736], [-6.495991, 58.093736], [-6.494949, 58.093736], [-6.493908, 58.093736], [-6.492866, 58.093736], [-6.491824, 58.093736], [-6.490783, 58.093736], [-6.489741, 58.093736], [-6.488699, 58.093736], [-6.487658, 58.093736], [-6.486616, 58.093736], [-6.485574, 58.093736], [-6.484533, 58.093736], [-6.483491, 58.093736], [-6.482449, 58.093736], [-6.481408, 58.093736], [-6.480366, 58.093736], [-6.479324, 58.093736], [-6.478283, 58.093736], [-6.477241, 58.093736], [-6.476199, 58.093736], [-6.475158, 58.093736], [-6.474116, 58.094778], [-6.473074, 58.09582], [-6.472033, 58.09582], [-6.470991, 58.09582], [-6.469949, 58.09582], [-6.468908, 58.09582], [-6.467866, 58.09582], [-6.466824, 58.096861], [-6.465783, 58.096861], [-6.464741, 58.096861], [-6.463699, 58.096861], [-6.462658, 58.096861], [-6.461616, 58.096861], [-6.460574, 58.096861], [-6.459533, 58.096861], [-6.458491, 58.096861], [-6.457449, 58.096861], [-6.456408, 58.097903], [-6.455366, 58.098945], [-6.454324, 58.099986], [-6.453283, 58.101028], [-6.452241, 58.10207], [-6.451199, 58.10207], [-6.450158, 58.103111], [-6.449116, 58.104153], [-6.448074, 58.105195], [-6.447033, 58.106236], [-6.445991, 58.107278], [-6.444949, 58.10832]]}, "properties": {"node_id": "os:node/1D409C3B-FDD4-4849-83E0-988B6EEDC096", "lat": 58.08107, "lon": -6.56422, "dist_m": 7676, "in_scope": false, "traced": true, "path_m": 9220, "straight_m": 7676, "detour": 1.2, "max_elev_crossed_m": 8.4, "min_depth_m": -31.3, "drying_px": 91, "drying_m": 6877, "drying_frac": 0.746}}, {"type": "Feature", "geometry": {"type": "LineString", "coordinates": [[-6.667263, 58.057459], [-6.667263, 58.056417], [-6.667263, 58.055376], [-6.667263, 58.054334], [-6.667263, 58.053292], [-6.667263, 58.052251], [-6.667263, 58.051209], [-6.667263, 58.050168], [-6.667263, 58.049126], [-6.668305, 58.048084], [-6.668305, 58.047042], [-6.668305, 58.046001], [-6.669346, 58.044959], [-6.670388, 58.043918], [-6.67143, 58.042876], [-6.672471, 58.041834], [-6.673513, 58.040792], [-6.674555, 58.039751], [-6.675596, 58.039751], [-6.676638, 58.038709], [-6.67768, 58.038709], [-6.678721, 58.038709], [-6.679763, 58.038709], [-6.680805, 58.038709], [-6.681846, 58.038709], [-6.682888, 58.037668], [-6.68393, 58.037668], [-6.684971, 58.037668], [-6.686013, 58.036626], [-6.687055, 58.035584], [-6.688096, 58.035584], [-6.689138, 58.034542], [-6.69018, 58.033501], [-6.691221, 58.033501], [-6.692263, 58.032459], [-6.693305, 58.031418], [-6.694346, 58.031418], [-6.695388, 58.030376], [-6.69643, 58.029334], [-6.697471, 58.029334], [-6.698513, 58.028292], [-6.699555, 58.027251], [-6.700596, 58.026209], [-6.701638, 58.025167], [-6.70268, 58.024126], [-6.703721, 58.023084], [-6.704763, 58.022042], [-6.705805, 58.021001], [-6.706846, 58.019959], [-6.707888, 58.018918], [-6.70893, 58.017876], [-6.709971, 58.016834], [-6.711013, 58.015792], [-6.711013, 58.014751], [-6.712055, 58.013709], [-6.713096, 58.012668], [-6.713096, 58.011626], [-6.713096, 58.010584], [-6.713096, 58.009542], [-6.713096, 58.008501], [-6.714138, 58.007459], [-6.714138, 58.006418], [-6.714138, 58.005376], [-6.714138, 58.004334], [-6.714138, 58.003292], [-6.714138, 58.002251], [-6.714138, 58.001209], [-6.714138, 58.000168], [-6.714138, 57.999126], [-6.714138, 57.998084], [-6.713096, 57.997042], [-6.712055, 57.996001], [-6.711013, 57.994959], [-6.709971, 57.993917]]}, "properties": {"node_id": "os:node/590D88DB-A755-42BA-9779-D635CA290D5A", "lat": 58.05798, "lon": -6.66689, "dist_m": 7607, "in_scope": false, "traced": true, "path_m": 8373, "straight_m": 7607, "detour": 1.1, "max_elev_crossed_m": 4.1, "min_depth_m": -21.5, "drying_px": 58, "drying_m": 6563, "drying_frac": 0.784}}, {"type": "Feature", "geometry": {"type": "LineString", "coordinates": [[-4.0785, 51.666859], [-4.0785, 51.665817], [-4.0785, 51.664776], [-4.079542, 51.663734], [-4.080584, 51.662692], [-4.081625, 51.661651], [-4.082667, 51.661651], [-4.083709, 51.660609], [-4.08475, 51.660609], [-4.085792, 51.660609], [-4.086834, 51.661651], [-4.087875, 51.661651], [-4.088917, 51.661651], [-4.089959, 51.661651], [-4.091, 51.661651], [-4.092042, 51.661651], [-4.093084, 51.661651], [-4.094125, 51.661651], [-4.095167, 51.661651], [-4.096209, 51.661651], [-4.09725, 51.660609], [-4.098292, 51.659568], [-4.099334, 51.659568], [-4.100375, 51.659568], [-4.101417, 51.659568], [-4.102459, 51.659568], [-4.1035, 51.659568], [-4.104542, 51.659568], [-4.105584, 51.659568], [-4.106625, 51.659568], [-4.107667, 51.659568], [-4.108709, 51.659568], [-4.10975, 51.658526], [-4.110792, 51.657484], [-4.111834, 51.657484], [-4.112875, 51.657484], [-4.113917, 51.657484], [-4.114959, 51.657484], [-4.116, 51.657484], [-4.117042, 51.657484], [-4.118084, 51.657484], [-4.119125, 51.657484], [-4.120167, 51.657484], [-4.121209, 51.657484], [-4.12225, 51.657484], [-4.123292, 51.657484], [-4.124334, 51.657484], [-4.125375, 51.657484], [-4.126417, 51.657484], [-4.127459, 51.657484], [-4.1285, 51.657484], [-4.129542, 51.657484], [-4.130584, 51.657484], [-4.131625, 51.657484], [-4.132667, 51.657484], [-4.133709, 51.657484], [-4.13475, 51.657484], [-4.135792, 51.657484], [-4.136834, 51.657484], [-4.137875, 51.657484], [-4.138917, 51.657484], [-4.139959, 51.657484], [-4.141, 51.656442], [-4.142042, 51.655401], [-4.143084, 51.654359], [-4.144125, 51.653318], [-4.145167, 51.653318], [-4.146209, 51.653318], [-4.14725, 51.653318], [-4.148292, 51.653318], [-4.149334, 51.653318], [-4.150375, 51.653318], [-4.151417, 51.653318], [-4.152459, 51.653318], [-4.152459, 51.652276], [-4.1535, 51.651234], [-4.154542, 51.650192], [-4.155584, 51.649151], [-4.156625, 51.648109], [-4.157667, 51.647068], [-4.158709, 51.646026], [-4.15975, 51.644984], [-4.160792, 51.644984], [-4.161834, 51.644984], [-4.162875, 51.644984], [-4.163917, 51.644984], [-4.164959, 51.644984], [-4.166, 51.644984], [-4.167042, 51.644984], [-4.168084, 51.644984], [-4.169125, 51.646026], [-4.170167, 51.647068], [-4.171209, 51.648109], [-4.17225, 51.648109], [-4.173292, 51.649151], [-4.174334, 51.649151], [-4.175375, 51.649151], [-4.176417, 51.649151], [-4.177459, 51.649151], [-4.1785, 51.650192], [-4.179542, 51.650192], [-4.180584, 51.650192], [-4.181625, 51.650192], [-4.182667, 51.650192], [-4.183709, 51.651234]]}, "properties": {"node_id": "os:node/9FEB3912-A6C8-4857-AE7F-256E24E2C3CE", "lat": 51.66738, "lon": -4.07816, "dist_m": 7579, "in_scope": true, "traced": true, "path_m": 9290, "straight_m": 7579, "detour": 1.23, "max_elev_crossed_m": 4.1, "min_depth_m": -2.6, "drying_px": 84, "drying_m": 7432, "drying_frac": 0.8}}, {"type": "Feature", "geometry": {"type": "LineString", "coordinates": [[-5.544769, 56.687411], [-5.545811, 56.686369], [-5.546853, 56.686369], [-5.547894, 56.686369], [-5.548936, 56.686369], [-5.549978, 56.686369], [-5.551019, 56.687411], [-5.552061, 56.687411], [-5.553103, 56.687411], [-5.554144, 56.687411], [-5.555186, 56.687411], [-5.556228, 56.687411], [-5.557269, 56.687411], [-5.558311, 56.687411], [-5.559353, 56.687411], [-5.560394, 56.687411], [-5.561436, 56.687411], [-5.562478, 56.687411], [-5.563519, 56.688452], [-5.564561, 56.688452], [-5.565603, 56.689494], [-5.566644, 56.689494], [-5.567686, 56.690536], [-5.568728, 56.690536], [-5.569769, 56.690536], [-5.570811, 56.689494], [-5.571853, 56.689494], [-5.572894, 56.689494], [-5.573936, 56.689494], [-5.574978, 56.690536], [-5.576019, 56.690536], [-5.577061, 56.690536], [-5.578103, 56.690536], [-5.579144, 56.690536], [-5.580186, 56.689494], [-5.581228, 56.689494], [-5.582269, 56.689494], [-5.583311, 56.689494], [-5.584353, 56.688452], [-5.585394, 56.688452], [-5.586436, 56.688452], [-5.587478, 56.688452], [-5.588519, 56.688452], [-5.589561, 56.688452], [-5.590603, 56.688452], [-5.591644, 56.688452], [-5.592686, 56.687411], [-5.593728, 56.687411], [-5.594769, 56.687411], [-5.595811, 56.686369], [-5.596853, 56.686369], [-5.597894, 56.686369], [-5.598936, 56.687411], [-5.599978, 56.688452], [-5.601019, 56.689494], [-5.602061, 56.689494], [-5.603103, 56.689494], [-5.604144, 56.689494], [-5.605186, 56.688452], [-5.606228, 56.688452], [-5.607269, 56.688452], [-5.608311, 56.688452], [-5.609353, 56.688452], [-5.610394, 56.688452], [-5.611436, 56.688452], [-5.612478, 56.688452], [-5.613519, 56.687411], [-5.614561, 56.686369], [-5.615603, 56.685327], [-5.616644, 56.684286], [-5.617686, 56.683244], [-5.618728, 56.684286], [-5.619769, 56.684286], [-5.620811, 56.685327], [-5.621853, 56.685327], [-5.622894, 56.685327], [-5.623936, 56.686369], [-5.624978, 56.686369], [-5.626019, 56.686369], [-5.627061, 56.685327], [-5.628103, 56.685327], [-5.629144, 56.685327], [-5.630186, 56.685327], [-5.631228, 56.684286], [-5.632269, 56.684286], [-5.633311, 56.684286], [-5.634353, 56.684286], [-5.635394, 56.684286], [-5.636436, 56.684286], [-5.637478, 56.684286], [-5.638519, 56.684286], [-5.639561, 56.684286], [-5.640603, 56.684286], [-5.641644, 56.684286], [-5.642686, 56.684286], [-5.643728, 56.683244], [-5.644769, 56.683244], [-5.645811, 56.683244], [-5.646853, 56.683244], [-5.647894, 56.682202], [-5.648936, 56.681161], [-5.649978, 56.680119], [-5.651019, 56.680119], [-5.652061, 56.680119], [-5.653103, 56.680119], [-5.654144, 56.680119], [-5.655186, 56.680119], [-5.656228, 56.679078], [-5.657269, 56.679078], [-5.658311, 56.679078], [-5.659353, 56.680119], [-5.660394, 56.680119], [-5.661436, 56.680119], [-5.662478, 56.680119], [-5.663519, 56.680119], [-5.664561, 56.680119]]}, "properties": {"node_id": "os:node/9B7D8E31-39A3-403C-AE13-DC8DB06E5390", "lat": 56.68689, "lon": -5.54483, "dist_m": 7391, "in_scope": false, "traced": true, "path_m": 9451, "straight_m": 7391, "detour": 1.28, "max_elev_crossed_m": 4.8, "min_depth_m": -19.3, "drying_px": 76, "drying_m": 6192, "drying_frac": 0.655}}, {"type": "Feature", "geometry": {"type": "LineString", "coordinates": [[-5.546853, 56.684809], [-5.547894, 56.685851], [-5.548936, 56.685851], [-5.549978, 56.686892], [-5.551019, 56.686892], [-5.552061, 56.686892], [-5.553103, 56.686892], [-5.554144, 56.686892], [-5.555186, 56.686892], [-5.556228, 56.686892], [-5.557269, 56.686892], [-5.558311, 56.686892], [-5.559353, 56.686892], [-5.560394, 56.686892], [-5.561436, 56.686892], [-5.562478, 56.687934], [-5.563519, 56.687934], [-5.564561, 56.688976], [-5.565603, 56.688976], [-5.566644, 56.690017], [-5.567686, 56.690017], [-5.568728, 56.690017], [-5.569769, 56.688976], [-5.570811, 56.688976], [-5.571853, 56.688976], [-5.572894, 56.688976], [-5.573936, 56.690017], [-5.574978, 56.690017], [-5.576019, 56.690017], [-5.577061, 56.690017], [-5.578103, 56.690017], [-5.579144, 56.688976], [-5.580186, 56.688976], [-5.581228, 56.688976], [-5.582269, 56.688976], [-5.583311, 56.687934], [-5.584353, 56.687934], [-5.585394, 56.687934], [-5.586436, 56.687934], [-5.587478, 56.687934], [-5.588519, 56.687934], [-5.589561, 56.687934], [-5.590603, 56.687934], [-5.591644, 56.687934], [-5.592686, 56.686892], [-5.593728, 56.686892], [-5.594769, 56.686892], [-5.595811, 56.685851], [-5.596853, 56.685851], [-5.597894, 56.685851], [-5.598936, 56.686892], [-5.599978, 56.687934], [-5.601019, 56.688976], [-5.602061, 56.688976], [-5.603103, 56.688976], [-5.604144, 56.688976], [-5.605186, 56.687934], [-5.606228, 56.687934], [-5.607269, 56.687934], [-5.608311, 56.687934], [-5.609353, 56.687934], [-5.610394, 56.687934], [-5.611436, 56.687934], [-5.612478, 56.687934], [-5.613519, 56.686892], [-5.614561, 56.685851], [-5.615603, 56.684809], [-5.616644, 56.683767], [-5.617686, 56.682726], [-5.618728, 56.683767], [-5.619769, 56.683767], [-5.620811, 56.684809], [-5.621853, 56.684809], [-5.622894, 56.684809], [-5.623936, 56.685851], [-5.624978, 56.685851], [-5.626019, 56.685851], [-5.627061, 56.684809], [-5.628103, 56.684809], [-5.629144, 56.684809], [-5.630186, 56.684809], [-5.631228, 56.683767], [-5.632269, 56.683767], [-5.633311, 56.683767], [-5.634353, 56.683767], [-5.635394, 56.683767], [-5.636436, 56.683767], [-5.637478, 56.683767], [-5.638519, 56.683767], [-5.639561, 56.683767], [-5.640603, 56.683767], [-5.641644, 56.683767], [-5.642686, 56.683767], [-5.643728, 56.682726], [-5.644769, 56.682726], [-5.645811, 56.682726], [-5.646853, 56.682726], [-5.647894, 56.681684], [-5.648936, 56.680642], [-5.649978, 56.679601], [-5.651019, 56.679601], [-5.652061, 56.679601], [-5.653103, 56.679601], [-5.654144, 56.679601], [-5.655186, 56.679601], [-5.656228, 56.678559], [-5.657269, 56.678559], [-5.658311, 56.678559], [-5.659353, 56.679601], [-5.660394, 56.679601], [-5.661436, 56.679601], [-5.662478, 56.679601], [-5.663519, 56.679601], [-5.664561, 56.679601]]}, "properties": {"node_id": "os:node/6B548C28-58D4-4B0A-BB82-9C0F6816D241", "lat": 56.68533, "lon": -5.54637, "dist_m": 7280, "in_scope": false, "traced": true, "path_m": 9324, "straight_m": 7280, "detour": 1.28, "max_elev_crossed_m": 5.2, "min_depth_m": -19.3, "drying_px": 75, "drying_m": 6134, "drying_frac": 0.658}}, {"type": "Feature", "geometry": {"type": "LineString", "coordinates": [[-4.359209, 57.485756], [-4.358168, 57.485756], [-4.357126, 57.485756], [-4.356084, 57.485756], [-4.355043, 57.485756], [-4.354001, 57.485756], [-4.352959, 57.485756], [-4.351918, 57.485756], [-4.350876, 57.485756], [-4.349834, 57.485756], [-4.348792, 57.485756], [-4.347751, 57.485756], [-4.346709, 57.486798], [-4.345668, 57.48784], [-4.344626, 57.488881], [-4.343584, 57.488881], [-4.342542, 57.488881], [-4.341501, 57.488881], [-4.340459, 57.488881], [-4.339418, 57.488881], [-4.338376, 57.488881], [-4.337334, 57.488881], [-4.336292, 57.488881], [-4.335251, 57.488881], [-4.334209, 57.488881], [-4.333168, 57.488881], [-4.332126, 57.488881], [-4.331084, 57.488881], [-4.330042, 57.488881], [-4.329001, 57.488881], [-4.327959, 57.488881], [-4.326918, 57.488881], [-4.325876, 57.488881], [-4.324834, 57.488881], [-4.323793, 57.488881], [-4.322751, 57.488881], [-4.321709, 57.488881], [-4.320668, 57.488881], [-4.319626, 57.488881], [-4.318584, 57.488881], [-4.317542, 57.488881], [-4.316501, 57.488881], [-4.315459, 57.488881], [-4.314418, 57.488881], [-4.313376, 57.488881], [-4.312334, 57.488881], [-4.311292, 57.488881], [-4.310251, 57.488881], [-4.309209, 57.488881], [-4.308168, 57.488881], [-4.307126, 57.488881], [-4.306084, 57.488881], [-4.305042, 57.488881], [-4.304001, 57.488881], [-4.302959, 57.488881], [-4.301918, 57.488881], [-4.300876, 57.488881], [-4.299834, 57.488881], [-4.298792, 57.488881], [-4.297751, 57.488881], [-4.296709, 57.488881], [-4.295668, 57.488881], [-4.294626, 57.488881], [-4.293584, 57.488881], [-4.292543, 57.488881], [-4.291501, 57.488881], [-4.290459, 57.488881], [-4.289418, 57.488881], [-4.288376, 57.488881], [-4.287334, 57.488881], [-4.286292, 57.488881], [-4.285251, 57.488881], [-4.284209, 57.488881], [-4.283168, 57.488881], [-4.282126, 57.488881], [-4.281084, 57.488881], [-4.280042, 57.488881], [-4.279001, 57.488881], [-4.277959, 57.488881], [-4.276918, 57.488881], [-4.275876, 57.488881], [-4.274834, 57.488881], [-4.273792, 57.488881], [-4.272751, 57.488881], [-4.271709, 57.488881], [-4.270668, 57.488881], [-4.269626, 57.488881], [-4.268584, 57.489923], [-4.267542, 57.489923], [-4.266501, 57.490965], [-4.265459, 57.492006], [-4.264418, 57.492006], [-4.263376, 57.493048], [-4.262334, 57.493048], [-4.261293, 57.493048], [-4.260251, 57.493048], [-4.259209, 57.493048], [-4.258168, 57.493048], [-4.257126, 57.493048], [-4.256084, 57.493048], [-4.255042, 57.493048], [-4.254001, 57.493048], [-4.252959, 57.49409], [-4.251918, 57.49409], [-4.250876, 57.49409], [-4.249834, 57.495131], [-4.248792, 57.495131], [-4.247751, 57.495131], [-4.246709, 57.496173], [-4.245668, 57.495131], [-4.244626, 57.496173], [-4.243584, 57.496173], [-4.242542, 57.497215], [-4.241501, 57.497215], [-4.240459, 57.497215], [-4.239418, 57.497215], [-4.238376, 57.497215]]}, "properties": {"node_id": "os:node/E414B01D-57F2-4E6E-B501-B5016A14137E", "lat": 57.48619, "lon": -4.35973, "dist_m": 7264, "in_scope": false, "traced": true, "path_m": 8131, "straight_m": 7264, "detour": 1.12, "max_elev_crossed_m": 3.1, "min_depth_m": -22.7, "drying_px": 8, "drying_m": 556, "drying_frac": 0.068}}, {"type": "Feature", "geometry": {"type": "LineString", "coordinates": [[-6.689138, 58.057189], [-6.688096, 58.056147], [-6.687055, 58.056147], [-6.686013, 58.056147], [-6.684971, 58.056147], [-6.68393, 58.056147], [-6.682888, 58.056147], [-6.681846, 58.056147], [-6.680805, 58.056147], [-6.679763, 58.056147], [-6.678721, 58.056147], [-6.67768, 58.056147], [-6.676638, 58.056147], [-6.675596, 58.056147], [-6.674555, 58.056147], [-6.673513, 58.056147], [-6.672471, 58.056147], [-6.67143, 58.056147], [-6.670388, 58.055106], [-6.669346, 58.054064], [-6.668305, 58.053022], [-6.668305, 58.051981], [-6.668305, 58.050939], [-6.668305, 58.049898], [-6.668305, 58.048856], [-6.668305, 58.047814], [-6.668305, 58.046772], [-6.669346, 58.045731], [-6.670388, 58.044689], [-6.67143, 58.043648], [-6.672471, 58.042606], [-6.673513, 58.041564], [-6.674555, 58.040522], [-6.675596, 58.040522], [-6.676638, 58.039481], [-6.67768, 58.039481], [-6.678721, 58.039481], [-6.679763, 58.039481], [-6.680805, 58.039481], [-6.681846, 58.039481], [-6.682888, 58.038439], [-6.68393, 58.038439], [-6.684971, 58.038439], [-6.686013, 58.037398], [-6.687055, 58.036356], [-6.688096, 58.036356], [-6.689138, 58.035314], [-6.69018, 58.034272], [-6.691221, 58.034272], [-6.692263, 58.033231], [-6.693305, 58.032189], [-6.694346, 58.032189], [-6.695388, 58.031147], [-6.69643, 58.030106], [-6.697471, 58.030106], [-6.698513, 58.029064], [-6.699555, 58.028022], [-6.700596, 58.026981], [-6.701638, 58.025939], [-6.70268, 58.024897], [-6.703721, 58.023856], [-6.704763, 58.022814], [-6.705805, 58.021772], [-6.706846, 58.020731], [-6.707888, 58.019689], [-6.70893, 58.018648], [-6.709971, 58.017606], [-6.711013, 58.016564], [-6.711013, 58.015522], [-6.712055, 58.014481], [-6.713096, 58.013439], [-6.713096, 58.012398], [-6.713096, 58.011356], [-6.713096, 58.010314], [-6.713096, 58.009272], [-6.714138, 58.008231], [-6.714138, 58.007189], [-6.714138, 58.006148], [-6.714138, 58.005106], [-6.714138, 58.004064], [-6.714138, 58.003022], [-6.714138, 58.001981], [-6.714138, 58.000939], [-6.714138, 57.999897], [-6.713096, 57.998856], [-6.712055, 57.997814], [-6.711013, 57.996772], [-6.709971, 57.995731], [-6.70893, 57.994689]]}, "properties": {"node_id": "os:node/3ABD7CA0-8E5F-4AE1-AA5A-10022098DC6F", "lat": 58.05771, "lon": -6.68939, "dist_m": 7260, "in_scope": false, "traced": true, "path_m": 9300, "straight_m": 7260, "detour": 1.28, "max_elev_crossed_m": 2.0, "min_depth_m": -16.6, "drying_px": 71, "drying_m": 7419, "drying_frac": 0.798}}, {"type": "Feature", "geometry": {"type": "LineString", "coordinates": [[-5.248229, 56.854021], [-5.247188, 56.852979], [-5.246146, 56.851937], [-5.245104, 56.851937], [-5.244063, 56.851937], [-5.243021, 56.851937], [-5.241979, 56.851937], [-5.240938, 56.851937], [-5.239896, 56.851937], [-5.238854, 56.851937], [-5.237812, 56.851937], [-5.236771, 56.851937], [-5.235729, 56.851937], [-5.234688, 56.851937], [-5.233646, 56.851937], [-5.232604, 56.851937], [-5.231563, 56.851937], [-5.230521, 56.851937], [-5.229479, 56.851937], [-5.228438, 56.851937], [-5.227396, 56.851937], [-5.226354, 56.851937], [-5.225312, 56.851937], [-5.224271, 56.851937], [-5.223229, 56.851937], [-5.222188, 56.851937], [-5.221146, 56.851937], [-5.220104, 56.851937], [-5.219063, 56.851937], [-5.218021, 56.851937], [-5.216979, 56.851937], [-5.215938, 56.851937], [-5.214896, 56.851937], [-5.213854, 56.851937], [-5.212813, 56.851937], [-5.211771, 56.851937], [-5.210729, 56.851937], [-5.209688, 56.851937], [-5.208646, 56.851937], [-5.207604, 56.851937], [-5.206562, 56.851937], [-5.205521, 56.851937], [-5.204479, 56.851937], [-5.203438, 56.851937], [-5.202396, 56.851937], [-5.201354, 56.851937], [-5.200313, 56.851937], [-5.199271, 56.851937], [-5.198229, 56.851937], [-5.197188, 56.851937], [-5.196146, 56.851937], [-5.195104, 56.851937], [-5.194062, 56.851937], [-5.193021, 56.851937], [-5.191979, 56.851937], [-5.190938, 56.851937], [-5.189896, 56.851937], [-5.188854, 56.851937], [-5.187813, 56.851937], [-5.186771, 56.851937], [-5.185729, 56.851937], [-5.184688, 56.851937], [-5.183646, 56.851937], [-5.182604, 56.851937], [-5.181563, 56.851937], [-5.180521, 56.851937], [-5.179479, 56.851937], [-5.178438, 56.851937], [-5.177396, 56.851937], [-5.176354, 56.851937], [-5.175312, 56.851937], [-5.174271, 56.851937], [-5.173229, 56.850896], [-5.172188, 56.850896], [-5.171146, 56.849854], [-5.170104, 56.849854], [-5.169063, 56.848812], [-5.168021, 56.848812], [-5.166979, 56.847771], [-5.165938, 56.846729], [-5.164896, 56.845688], [-5.163854, 56.844646], [-5.162812, 56.843604], [-5.161771, 56.843604], [-5.160729, 56.842562], [-5.159688, 56.841521], [-5.158646, 56.842562], [-5.157604, 56.842562], [-5.156563, 56.841521], [-5.155521, 56.841521], [-5.154479, 56.841521], [-5.153438, 56.840479], [-5.152396, 56.840479], [-5.151354, 56.839437], [-5.150313, 56.839437], [-5.149271, 56.838396], [-5.148229, 56.838396], [-5.147188, 56.838396], [-5.146146, 56.838396], [-5.145104, 56.838396], [-5.144062, 56.838396], [-5.143021, 56.838396], [-5.141979, 56.839437], [-5.140938, 56.839437], [-5.139896, 56.839437], [-5.138854, 56.839437], [-5.137813, 56.839437], [-5.136771, 56.839437], [-5.135729, 56.838396]]}, "properties": {"node_id": "os:node/767488AD-239F-43E4-844B-CC64B8AE934F", "lat": 56.8535, "lon": -5.24875, "dist_m": 7249, "in_scope": false, "traced": true, "path_m": 8154, "straight_m": 7249, "detour": 1.12, "max_elev_crossed_m": 5.0, "min_depth_m": -43.6, "drying_px": 47, "drying_m": 3516, "drying_frac": 0.431}}, {"type": "Feature", "geometry": {"type": "LineString", "coordinates": [[-4.356659, 57.501419], [-4.355618, 57.501419], [-4.354576, 57.501419], [-4.353534, 57.501419], [-4.352492, 57.501419], [-4.351451, 57.501419], [-4.350409, 57.501419], [-4.349368, 57.501419], [-4.348326, 57.501419], [-4.347284, 57.501419], [-4.346242, 57.501419], [-4.345201, 57.501419], [-4.344159, 57.500377], [-4.343118, 57.499336], [-4.342076, 57.498294], [-4.341034, 57.498294], [-4.339992, 57.498294], [-4.338951, 57.498294], [-4.337909, 57.498294], [-4.336868, 57.498294], [-4.335826, 57.498294], [-4.334784, 57.498294], [-4.333742, 57.498294], [-4.332701, 57.497252], [-4.331659, 57.497252], [-4.330618, 57.497252], [-4.329576, 57.497252], [-4.328534, 57.497252], [-4.327492, 57.497252], [-4.326451, 57.497252], [-4.325409, 57.497252], [-4.324368, 57.497252], [-4.323326, 57.497252], [-4.322284, 57.497252], [-4.321242, 57.497252], [-4.320201, 57.497252], [-4.319159, 57.497252], [-4.318118, 57.497252], [-4.317076, 57.497252], [-4.316034, 57.497252], [-4.314992, 57.497252], [-4.313951, 57.497252], [-4.312909, 57.497252], [-4.311868, 57.497252], [-4.310826, 57.497252], [-4.309784, 57.497252], [-4.308742, 57.497252], [-4.307701, 57.497252], [-4.306659, 57.497252], [-4.305618, 57.497252], [-4.304576, 57.497252], [-4.303534, 57.497252], [-4.302492, 57.497252], [-4.301451, 57.497252], [-4.300409, 57.497252], [-4.299368, 57.497252], [-4.298326, 57.497252], [-4.297284, 57.497252], [-4.296242, 57.497252], [-4.295201, 57.497252], [-4.294159, 57.497252], [-4.293118, 57.497252], [-4.292076, 57.497252], [-4.291034, 57.497252], [-4.289992, 57.497252], [-4.288951, 57.497252], [-4.287909, 57.497252], [-4.286868, 57.497252], [-4.285826, 57.497252], [-4.284784, 57.497252], [-4.283742, 57.497252], [-4.282701, 57.497252], [-4.281659, 57.497252], [-4.280618, 57.497252], [-4.279576, 57.497252], [-4.278534, 57.497252], [-4.277492, 57.497252], [-4.276451, 57.497252], [-4.275409, 57.497252], [-4.274368, 57.497252], [-4.273326, 57.497252], [-4.272284, 57.497252], [-4.271242, 57.497252], [-4.270201, 57.497252], [-4.269159, 57.497252], [-4.268118, 57.497252], [-4.267076, 57.497252], [-4.266034, 57.497252], [-4.264992, 57.497252], [-4.263951, 57.497252], [-4.262909, 57.497252], [-4.261868, 57.497252], [-4.260826, 57.497252], [-4.259784, 57.497252], [-4.258742, 57.497252], [-4.257701, 57.497252], [-4.256659, 57.497252], [-4.255618, 57.497252], [-4.254576, 57.497252], [-4.253534, 57.497252], [-4.252492, 57.497252], [-4.251451, 57.497252], [-4.250409, 57.497252], [-4.249368, 57.497252], [-4.248326, 57.496211], [-4.247284, 57.496211], [-4.246242, 57.496211], [-4.245201, 57.495169], [-4.244159, 57.496211], [-4.243118, 57.496211], [-4.242076, 57.497252], [-4.241034, 57.497252], [-4.239992, 57.496211], [-4.238951, 57.496211]]}, "properties": {"node_id": "os:node/3FD9B28C-BD46-428A-8E4D-68D812B9EC61", "lat": 57.50194, "lon": -4.35718, "dist_m": 7125, "in_scope": false, "traced": true, "path_m": 7664, "straight_m": 7125, "detour": 1.08, "max_elev_crossed_m": 3.1, "min_depth_m": -25.6, "drying_px": 7, "drying_m": 471, "drying_frac": 0.061}}, {"type": "Feature", "geometry": {"type": "LineString", "coordinates": [[-5.285043, 56.451071], [-5.285043, 56.452112], [-5.286084, 56.453154], [-5.287126, 56.454196], [-5.288168, 56.454196], [-5.289209, 56.454196], [-5.290251, 56.455237], [-5.291293, 56.455237], [-5.292334, 56.455237], [-5.293376, 56.455237], [-5.294418, 56.455237], [-5.295459, 56.456279], [-5.296501, 56.457321], [-5.297543, 56.458362], [-5.298584, 56.459404], [-5.299626, 56.459404], [-5.300668, 56.459404], [-5.301709, 56.459404], [-5.302751, 56.459404], [-5.303793, 56.459404], [-5.304834, 56.459404], [-5.305876, 56.459404], [-5.306918, 56.459404], [-5.307959, 56.459404], [-5.309001, 56.459404], [-5.310043, 56.459404], [-5.311084, 56.459404], [-5.312126, 56.459404], [-5.313168, 56.459404], [-5.314209, 56.459404], [-5.315251, 56.460446], [-5.316293, 56.460446], [-5.317334, 56.460446], [-5.318376, 56.460446], [-5.319418, 56.460446], [-5.320459, 56.460446], [-5.321501, 56.460446], [-5.322543, 56.460446], [-5.323584, 56.460446], [-5.324626, 56.460446], [-5.325668, 56.460446], [-5.326709, 56.460446], [-5.327751, 56.460446], [-5.328793, 56.460446], [-5.329834, 56.460446], [-5.330876, 56.460446], [-5.331918, 56.460446], [-5.332959, 56.460446], [-5.334001, 56.460446], [-5.335043, 56.460446], [-5.336084, 56.460446], [-5.337126, 56.460446], [-5.338168, 56.460446], [-5.339209, 56.460446], [-5.340251, 56.460446], [-5.341293, 56.460446], [-5.342334, 56.460446], [-5.343376, 56.460446], [-5.344418, 56.460446], [-5.345459, 56.460446], [-5.346501, 56.460446], [-5.347543, 56.460446], [-5.348584, 56.460446], [-5.349626, 56.460446], [-5.350668, 56.460446], [-5.351709, 56.461487], [-5.352751, 56.461487], [-5.353793, 56.461487], [-5.354834, 56.461487], [-5.355876, 56.461487], [-5.356918, 56.461487], [-5.357959, 56.461487], [-5.359001, 56.461487], [-5.360043, 56.461487], [-5.361084, 56.460446], [-5.362126, 56.460446], [-5.363168, 56.459404], [-5.364209, 56.459404], [-5.365251, 56.458362], [-5.366293, 56.458362], [-5.367334, 56.458362], [-5.368376, 56.458362], [-5.369418, 56.457321], [-5.370459, 56.457321], [-5.371501, 56.457321], [-5.372543, 56.457321], [-5.373584, 56.457321], [-5.374626, 56.457321], [-5.375668, 56.457321], [-5.376709, 56.457321], [-5.377751, 56.457321], [-5.378793, 56.457321], [-5.379834, 56.457321], [-5.380876, 56.457321], [-5.381918, 56.457321], [-5.382959, 56.457321], [-5.384001, 56.457321], [-5.385043, 56.457321], [-5.386084, 56.457321], [-5.387126, 56.457321], [-5.388168, 56.457321], [-5.389209, 56.457321], [-5.390251, 56.457321], [-5.391293, 56.457321], [-5.392334, 56.457321], [-5.393376, 56.457321], [-5.394418, 56.457321], [-5.395459, 56.457321], [-5.396501, 56.456279]]}, "properties": {"node_id": "os:node/DC0B8CA1-43CE-477C-A432-08CC1BAA14F5", "lat": 56.45144, "lon": -5.28553, "dist_m": 6797, "in_scope": false, "traced": true, "path_m": 7931, "straight_m": 6797, "detour": 1.17, "max_elev_crossed_m": 3.9, "min_depth_m": -42.9, "drying_px": 8, "drying_m": 582, "drying_frac": 0.073}}, {"type": "Feature", "geometry": {"type": "LineString", "coordinates": [[-5.07582, 56.703301], [-5.07582, 56.702259], [-5.076862, 56.701217], [-5.07582, 56.700176], [-5.076862, 56.699134], [-5.077904, 56.698092], [-5.078945, 56.698092], [-5.079987, 56.698092], [-5.081029, 56.698092], [-5.08207, 56.698092], [-5.083112, 56.699134], [-5.084154, 56.699134], [-5.085195, 56.698092], [-5.086237, 56.698092], [-5.087279, 56.699134], [-5.08832, 56.699134], [-5.089362, 56.699134], [-5.090404, 56.698092], [-5.091445, 56.697051], [-5.092487, 56.697051], [-5.093529, 56.697051], [-5.09457, 56.697051], [-5.095612, 56.697051], [-5.096654, 56.697051], [-5.097695, 56.697051], [-5.098737, 56.696009], [-5.099779, 56.696009], [-5.10082, 56.696009], [-5.101862, 56.696009], [-5.102904, 56.696009], [-5.103945, 56.694968], [-5.104987, 56.694968], [-5.106029, 56.693926], [-5.10707, 56.692884], [-5.108112, 56.691842], [-5.109154, 56.691842], [-5.110195, 56.690801], [-5.111237, 56.690801], [-5.112279, 56.690801], [-5.11332, 56.690801], [-5.114362, 56.690801], [-5.115404, 56.690801], [-5.116445, 56.690801], [-5.117487, 56.690801], [-5.118529, 56.690801], [-5.11957, 56.690801], [-5.120612, 56.690801], [-5.121654, 56.689759], [-5.122695, 56.688717], [-5.123737, 56.689759], [-5.124779, 56.688717], [-5.12582, 56.688717], [-5.126862, 56.688717], [-5.127904, 56.688717], [-5.128945, 56.688717], [-5.129987, 56.688717], [-5.131029, 56.688717], [-5.13207, 56.687676], [-5.133112, 56.687676], [-5.134154, 56.687676], [-5.135195, 56.687676], [-5.136237, 56.687676], [-5.137279, 56.686634], [-5.13832, 56.686634], [-5.139362, 56.686634], [-5.140404, 56.685592], [-5.141445, 56.685592], [-5.142487, 56.684551], [-5.143529, 56.684551], [-5.14457, 56.684551], [-5.145612, 56.683509], [-5.146654, 56.683509], [-5.147695, 56.683509], [-5.148737, 56.683509], [-5.149779, 56.683509], [-5.15082, 56.682467], [-5.151862, 56.681426], [-5.152904, 56.680384], [-5.153945, 56.680384], [-5.154987, 56.680384], [-5.156029, 56.680384], [-5.15707, 56.681426], [-5.158112, 56.682467], [-5.159154, 56.683509], [-5.160195, 56.684551], [-5.161237, 56.684551], [-5.162279, 56.684551], [-5.16332, 56.683509], [-5.164362, 56.683509], [-5.165404, 56.684551], [-5.166445, 56.684551], [-5.167487, 56.685592], [-5.168529, 56.686634], [-5.16957, 56.686634], [-5.170612, 56.686634], [-5.171654, 56.686634], [-5.172695, 56.687676], [-5.173737, 56.687676], [-5.174779, 56.687676], [-5.17582, 56.687676], [-5.176862, 56.688717], [-5.177904, 56.687676], [-5.178945, 56.687676], [-5.179987, 56.687676], [-5.181029, 56.687676], [-5.18207, 56.688717], [-5.183112, 56.688717], [-5.184154, 56.689759], [-5.185195, 56.689759], [-5.186237, 56.690801], [-5.187279, 56.689759], [-5.18832, 56.689759], [-5.189362, 56.689759], [-5.190404, 56.690801]]}, "properties": {"node_id": "os:node/F7BC370E-ACB5-4431-A6A2-72CF9AF3E542", "lat": 56.70278, "lon": -5.07564, "dist_m": 6795, "in_scope": false, "traced": true, "path_m": 10197, "straight_m": 6795, "detour": 1.5, "max_elev_crossed_m": 13.1, "min_depth_m": -76.8, "drying_px": 42, "drying_m": 3757, "drying_frac": 0.368}}, {"type": "Feature", "geometry": {"type": "LineString", "coordinates": [[-4.298369, 57.864771], [-4.297328, 57.863729], [-4.296286, 57.862687], [-4.295244, 57.862687], [-4.294203, 57.861646], [-4.293161, 57.861646], [-4.292119, 57.860604], [-4.291078, 57.860604], [-4.290036, 57.859562], [-4.288994, 57.859562], [-4.287952, 57.859562], [-4.286911, 57.859562], [-4.285869, 57.859562], [-4.284828, 57.859562], [-4.283786, 57.859562], [-4.282744, 57.859562], [-4.281703, 57.859562], [-4.280661, 57.859562], [-4.279619, 57.859562], [-4.278578, 57.859562], [-4.277536, 57.859562], [-4.276494, 57.859562], [-4.275452, 57.859562], [-4.274411, 57.859562], [-4.273369, 57.859562], [-4.272328, 57.859562], [-4.271286, 57.859562], [-4.270244, 57.859562], [-4.269202, 57.859562], [-4.268161, 57.859562], [-4.267119, 57.859562], [-4.266078, 57.859562], [-4.265036, 57.859562], [-4.263994, 57.859562], [-4.262953, 57.859562], [-4.261911, 57.859562], [-4.260869, 57.859562], [-4.259828, 57.859562], [-4.258786, 57.859562], [-4.257744, 57.859562], [-4.256702, 57.859562], [-4.255661, 57.859562], [-4.254619, 57.859562], [-4.253578, 57.859562], [-4.252536, 57.859562], [-4.251494, 57.859562], [-4.250453, 57.859562], [-4.249411, 57.859562], [-4.248369, 57.859562], [-4.247328, 57.859562], [-4.246286, 57.859562], [-4.245244, 57.859562], [-4.244202, 57.859562], [-4.243161, 57.859562], [-4.242119, 57.859562], [-4.241078, 57.859562], [-4.240036, 57.859562], [-4.238994, 57.859562], [-4.237952, 57.859562], [-4.236911, 57.859562], [-4.235869, 57.859562], [-4.234828, 57.859562], [-4.233786, 57.859562], [-4.232744, 57.859562], [-4.231703, 57.859562], [-4.230661, 57.859562], [-4.229619, 57.859562], [-4.228578, 57.859562], [-4.227536, 57.859562], [-4.226494, 57.859562], [-4.225452, 57.859562], [-4.224411, 57.859562], [-4.223369, 57.859562], [-4.222328, 57.859562], [-4.221286, 57.859562], [-4.220244, 57.859562], [-4.219203, 57.859562], [-4.218161, 57.860604], [-4.217119, 57.860604], [-4.216078, 57.860604], [-4.215036, 57.860604], [-4.213994, 57.860604], [-4.212952, 57.860604], [-4.211911, 57.860604], [-4.210869, 57.860604], [-4.209828, 57.860604], [-4.208786, 57.861646], [-4.207744, 57.861646], [-4.206702, 57.861646], [-4.205661, 57.862687], [-4.204619, 57.862687], [-4.203578, 57.862687], [-4.202536, 57.862687], [-4.201494, 57.862687], [-4.200453, 57.862687], [-4.199411, 57.862687], [-4.198369, 57.862687], [-4.197328, 57.862687], [-4.196286, 57.862687], [-4.195244, 57.862687], [-4.194203, 57.862687], [-4.193161, 57.862687], [-4.192119, 57.862687], [-4.191078, 57.862687], [-4.190036, 57.862687], [-4.188994, 57.862687], [-4.187953, 57.862687], [-4.186911, 57.861646]]}, "properties": {"node_id": "os:node/D1924DAF-F439-43E5-9D27-186A4B0B7E82", "lat": 57.86425, "lon": -4.29889, "dist_m": 6765, "in_scope": false, "traced": true, "path_m": 7227, "straight_m": 6765, "detour": 1.07, "max_elev_crossed_m": 0.0, "min_depth_m": -0.1, "drying_px": 107, "drying_m": 7160, "drying_frac": 0.991}}, {"type": "Feature", "geometry": {"type": "LineString", "coordinates": [[-5.239559, 56.853129], [-5.238518, 56.852087], [-5.237476, 56.852087], [-5.236434, 56.852087], [-5.235393, 56.852087], [-5.234351, 56.852087], [-5.233309, 56.852087], [-5.232268, 56.852087], [-5.231226, 56.852087], [-5.230184, 56.852087], [-5.229143, 56.852087], [-5.228101, 56.852087], [-5.227059, 56.852087], [-5.226018, 56.852087], [-5.224976, 56.852087], [-5.223934, 56.852087], [-5.222893, 56.852087], [-5.221851, 56.852087], [-5.220809, 56.852087], [-5.219768, 56.852087], [-5.218726, 56.852087], [-5.217684, 56.852087], [-5.216643, 56.852087], [-5.215601, 56.852087], [-5.214559, 56.852087], [-5.213518, 56.852087], [-5.212476, 56.852087], [-5.211434, 56.852087], [-5.210393, 56.852087], [-5.209351, 56.852087], [-5.208309, 56.852087], [-5.207268, 56.852087], [-5.206226, 56.852087], [-5.205184, 56.852087], [-5.204143, 56.852087], [-5.203101, 56.852087], [-5.202059, 56.852087], [-5.201018, 56.852087], [-5.199976, 56.852087], [-5.198934, 56.852087], [-5.197893, 56.852087], [-5.196851, 56.852087], [-5.195809, 56.852087], [-5.194768, 56.852087], [-5.193726, 56.852087], [-5.192684, 56.852087], [-5.191643, 56.852087], [-5.190601, 56.852087], [-5.189559, 56.852087], [-5.188518, 56.852087], [-5.187476, 56.852087], [-5.186434, 56.852087], [-5.185393, 56.852087], [-5.184351, 56.852087], [-5.183309, 56.852087], [-5.182268, 56.852087], [-5.181226, 56.852087], [-5.180184, 56.852087], [-5.179143, 56.852087], [-5.178101, 56.852087], [-5.177059, 56.852087], [-5.176018, 56.852087], [-5.174976, 56.852087], [-5.173934, 56.852087], [-5.172893, 56.851046], [-5.171851, 56.851046], [-5.170809, 56.850004], [-5.169768, 56.850004], [-5.168726, 56.848962], [-5.167684, 56.848962], [-5.166643, 56.847921], [-5.165601, 56.846879], [-5.164559, 56.845838], [-5.163518, 56.844796], [-5.162476, 56.843754], [-5.161434, 56.843754], [-5.160393, 56.842712], [-5.159351, 56.841671], [-5.158309, 56.842712], [-5.157268, 56.842712], [-5.156226, 56.841671], [-5.155184, 56.841671], [-5.154143, 56.841671], [-5.153101, 56.840629], [-5.152059, 56.840629], [-5.151018, 56.839588], [-5.149976, 56.839588], [-5.148934, 56.838546], [-5.147893, 56.838546], [-5.146851, 56.838546], [-5.145809, 56.838546], [-5.144768, 56.838546], [-5.143726, 56.838546], [-5.142684, 56.838546], [-5.141643, 56.839588], [-5.140601, 56.839588], [-5.139559, 56.839588], [-5.138518, 56.839588], [-5.137476, 56.839588], [-5.136434, 56.839588], [-5.135393, 56.838546]]}, "properties": {"node_id": "os:node/09D790B4-CC35-450D-8B36-E2837763095B", "lat": 56.85365, "lon": -5.24008, "dist_m": 6743, "in_scope": false, "traced": true, "path_m": 7578, "straight_m": 6743, "detour": 1.12, "max_elev_crossed_m": 5.0, "min_depth_m": -43.6, "drying_px": 39, "drying_m": 2926, "drying_frac": 0.386}}, {"type": "Feature", "geometry": {"type": "LineString", "coordinates": [[-5.415084, 57.113561], [-5.416125, 57.113561], [-5.417167, 57.113561], [-5.418209, 57.113561], [-5.41925, 57.113561], [-5.420292, 57.113561], [-5.421334, 57.113561], [-5.422375, 57.113561], [-5.423417, 57.113561], [-5.424459, 57.113561], [-5.4255, 57.113561], [-5.426542, 57.113561], [-5.427584, 57.112519], [-5.428625, 57.111477], [-5.429667, 57.110436], [-5.430709, 57.110436], [-5.43175, 57.110436], [-5.432792, 57.110436], [-5.433834, 57.110436], [-5.434875, 57.110436], [-5.435917, 57.110436], [-5.436959, 57.110436], [-5.438, 57.110436], [-5.439042, 57.110436], [-5.440084, 57.110436], [-5.441125, 57.110436], [-5.442167, 57.110436], [-5.443209, 57.110436], [-5.44425, 57.110436], [-5.445292, 57.110436], [-5.446334, 57.110436], [-5.447375, 57.110436], [-5.448417, 57.110436], [-5.449459, 57.110436], [-5.4505, 57.110436], [-5.451542, 57.110436], [-5.452584, 57.109394], [-5.453625, 57.108352], [-5.454667, 57.107311], [-5.455709, 57.106269], [-5.45675, 57.106269], [-5.457792, 57.106269], [-5.458834, 57.106269], [-5.459875, 57.106269], [-5.460917, 57.106269], [-5.461959, 57.106269], [-5.463, 57.106269], [-5.464042, 57.106269], [-5.465084, 57.106269], [-5.466125, 57.106269], [-5.467167, 57.106269], [-5.468209, 57.105228], [-5.46925, 57.105228], [-5.470292, 57.105228], [-5.471334, 57.105228], [-5.472375, 57.105228], [-5.473417, 57.105228], [-5.474459, 57.104186], [-5.4755, 57.104186], [-5.476542, 57.104186], [-5.477584, 57.104186], [-5.478625, 57.104186], [-5.479667, 57.104186], [-5.480709, 57.104186], [-5.48175, 57.104186], [-5.482792, 57.103144], [-5.483834, 57.102102], [-5.484875, 57.101061], [-5.485917, 57.101061], [-5.486959, 57.100019], [-5.488, 57.100019], [-5.489042, 57.100019], [-5.490084, 57.100019], [-5.491125, 57.100019], [-5.492167, 57.100019], [-5.493209, 57.100019], [-5.49425, 57.100019], [-5.495292, 57.100019], [-5.496334, 57.100019], [-5.497375, 57.100019], [-5.498417, 57.100019], [-5.499459, 57.100019], [-5.5005, 57.100019], [-5.501542, 57.100019], [-5.502584, 57.100019], [-5.503625, 57.100019], [-5.504667, 57.100019], [-5.505709, 57.100019], [-5.50675, 57.100019], [-5.507792, 57.100019], [-5.508834, 57.100019], [-5.509875, 57.100019], [-5.510917, 57.100019], [-5.511959, 57.100019], [-5.513, 57.100019], [-5.514042, 57.098978], [-5.515084, 57.097936], [-5.516125, 57.096894], [-5.517167, 57.095852]]}, "properties": {"node_id": "os:node/8A647803-FA49-41E5-9EE9-31C274C8C2B3", "lat": 57.11304, "lon": -5.41526, "dist_m": 6594, "in_scope": false, "traced": true, "path_m": 7343, "straight_m": 6594, "detour": 1.11, "max_elev_crossed_m": 1.4, "min_depth_m": -1.2, "drying_px": 86, "drying_m": 6379, "drying_frac": 0.869}}, {"type": "Feature", "geometry": {"type": "LineString", "coordinates": [[-2.58141, 51.633239], [-2.58141, 51.634281], [-2.582452, 51.635322], [-2.583493, 51.636364], [-2.584535, 51.637406], [-2.585577, 51.637406], [-2.586618, 51.637406], [-2.58766, 51.637406], [-2.588702, 51.637406], [-2.589743, 51.637406], [-2.590785, 51.636364], [-2.591827, 51.636364], [-2.592868, 51.636364], [-2.59391, 51.636364], [-2.594952, 51.636364], [-2.595993, 51.636364], [-2.597035, 51.636364], [-2.598077, 51.636364], [-2.599118, 51.636364], [-2.60016, 51.636364], [-2.601202, 51.636364], [-2.602243, 51.636364], [-2.603285, 51.636364], [-2.604327, 51.636364], [-2.605368, 51.636364], [-2.60641, 51.636364], [-2.607452, 51.635322], [-2.608493, 51.635322], [-2.609535, 51.635322], [-2.610577, 51.635322], [-2.611618, 51.635322], [-2.61266, 51.635322], [-2.613702, 51.635322], [-2.614743, 51.635322], [-2.615785, 51.634281], [-2.616827, 51.633239], [-2.617868, 51.632198], [-2.61891, 51.631156], [-2.619952, 51.630114], [-2.620993, 51.629072], [-2.622035, 51.628031], [-2.623077, 51.626989], [-2.624118, 51.625948], [-2.62516, 51.624906], [-2.626202, 51.623864], [-2.627243, 51.622822], [-2.628285, 51.621781], [-2.629327, 51.620739], [-2.630368, 51.619698], [-2.63141, 51.619698], [-2.632452, 51.618656], [-2.633493, 51.617614], [-2.634535, 51.616572], [-2.635577, 51.615531], [-2.636618, 51.614489], [-2.63766, 51.613448], [-2.638702, 51.612406], [-2.639743, 51.611364], [-2.640785, 51.610322], [-2.641827, 51.609281], [-2.642868, 51.608239], [-2.642868, 51.607198], [-2.64391, 51.606156], [-2.644952, 51.605114], [-2.645993, 51.604072], [-2.647035, 51.603031], [-2.647035, 51.601989], [-2.648077, 51.600948], [-2.648077, 51.599906], [-2.648077, 51.598864], [-2.648077, 51.597822], [-2.648077, 51.596781], [-2.648077, 51.595739]]}, "properties": {"node_id": "os:node/B79C89F6-6916-4D62-B043-A262C7C597AE", "lat": 51.63376, "lon": -2.58129, "dist_m": 6401, "in_scope": true, "traced": true, "path_m": 7856, "straight_m": 6401, "detour": 1.23, "max_elev_crossed_m": 8.3, "min_depth_m": -2.2, "drying_px": 27, "drying_m": 2906, "drying_frac": 0.37}}, {"type": "Feature", "geometry": {"type": "LineString", "coordinates": [[-7.242749, 57.554779], [-7.242749, 57.553738], [-7.241708, 57.552696], [-7.240666, 57.552696], [-7.239624, 57.552696], [-7.238583, 57.552696], [-7.237541, 57.552696], [-7.236499, 57.552696], [-7.235458, 57.552696], [-7.234416, 57.552696], [-7.233374, 57.552696], [-7.232332, 57.552696], [-7.231291, 57.552696], [-7.230249, 57.552696], [-7.229208, 57.552696], [-7.228166, 57.552696], [-7.227124, 57.552696], [-7.226082, 57.552696], [-7.225041, 57.552696], [-7.223999, 57.552696], [-7.222958, 57.552696], [-7.221916, 57.552696], [-7.220874, 57.552696], [-7.219832, 57.552696], [-7.218791, 57.552696], [-7.217749, 57.552696], [-7.216708, 57.552696], [-7.215666, 57.552696], [-7.214624, 57.552696], [-7.213582, 57.552696], [-7.212541, 57.552696], [-7.211499, 57.553738], [-7.210458, 57.553738], [-7.209416, 57.553738], [-7.208374, 57.553738], [-7.207333, 57.553738], [-7.206291, 57.553738], [-7.205249, 57.553738], [-7.204208, 57.553738], [-7.203166, 57.553738], [-7.202124, 57.553738], [-7.201082, 57.553738], [-7.200041, 57.553738], [-7.198999, 57.553738], [-7.197958, 57.553738], [-7.196916, 57.553738], [-7.195874, 57.553738], [-7.194832, 57.553738], [-7.193791, 57.553738], [-7.192749, 57.553738], [-7.191708, 57.553738], [-7.190666, 57.553738], [-7.189624, 57.553738], [-7.188582, 57.553738], [-7.187541, 57.553738], [-7.186499, 57.553738], [-7.185458, 57.553738], [-7.184416, 57.553738], [-7.183374, 57.553738], [-7.182332, 57.553738], [-7.181291, 57.553738], [-7.180249, 57.553738], [-7.179208, 57.554779], [-7.178166, 57.554779], [-7.177124, 57.554779], [-7.176083, 57.554779], [-7.175041, 57.555821], [-7.173999, 57.555821], [-7.172958, 57.555821], [-7.171916, 57.555821], [-7.170874, 57.555821], [-7.169832, 57.555821], [-7.168791, 57.555821], [-7.167749, 57.555821], [-7.166708, 57.555821], [-7.165666, 57.555821], [-7.164624, 57.555821], [-7.163582, 57.555821], [-7.162541, 57.555821], [-7.161499, 57.555821], [-7.160458, 57.555821], [-7.159416, 57.555821], [-7.158374, 57.556863], [-7.157332, 57.556863], [-7.156291, 57.556863], [-7.155249, 57.556863], [-7.154208, 57.556863], [-7.153166, 57.556863], [-7.152124, 57.556863], [-7.151082, 57.556863], [-7.150041, 57.556863], [-7.148999, 57.556863], [-7.147958, 57.556863], [-7.146916, 57.556863], [-7.145874, 57.555821], [-7.144833, 57.555821], [-7.143791, 57.555821], [-7.142749, 57.556863], [-7.141708, 57.557904], [-7.140666, 57.557904], [-7.139624, 57.557904], [-7.138582, 57.557904], [-7.137541, 57.557904], [-7.136499, 57.557904], [-7.135458, 57.557904], [-7.134416, 57.558946], [-7.133374, 57.558946], [-7.132332, 57.557904], [-7.132332, 57.556863], [-7.131291, 57.555821]]}, "properties": {"node_id": "os:node/1ADA19F1-7393-4445-85AD-A893040AC204", "lat": 57.5553, "lon": -7.24327, "dist_m": 6392, "in_scope": false, "traced": true, "path_m": 7652, "straight_m": 6392, "detour": 1.2, "max_elev_crossed_m": 4.0, "min_depth_m": -1.5, "drying_px": 92, "drying_m": 6400, "drying_frac": 0.836}}, {"type": "Feature", "geometry": {"type": "LineString", "coordinates": [[-5.075535, 57.831338], [-5.075535, 57.832379], [-5.076576, 57.833421], [-5.077618, 57.834463], [-5.07866, 57.834463], [-5.079701, 57.835504], [-5.080743, 57.835504], [-5.081785, 57.836546], [-5.082826, 57.837588], [-5.083868, 57.838629], [-5.08491, 57.839671], [-5.085951, 57.840713], [-5.086993, 57.841754], [-5.088035, 57.842796], [-5.089076, 57.843838], [-5.090118, 57.844879], [-5.09116, 57.845921], [-5.092201, 57.846963], [-5.093243, 57.848004], [-5.094285, 57.849046], [-5.095326, 57.850088], [-5.096368, 57.851129], [-5.09741, 57.852171], [-5.098451, 57.853213], [-5.099493, 57.854254], [-5.100535, 57.855296], [-5.101576, 57.856338], [-5.102618, 57.857379], [-5.10366, 57.858421], [-5.104701, 57.859463], [-5.105743, 57.860504], [-5.106785, 57.861546], [-5.107826, 57.862588], [-5.108868, 57.863629], [-5.10991, 57.864671], [-5.110951, 57.865713], [-5.111993, 57.866754], [-5.113035, 57.867796], [-5.114076, 57.868838], [-5.115118, 57.869879], [-5.11616, 57.870921], [-5.117201, 57.871963], [-5.118243, 57.873004], [-5.119285, 57.874046], [-5.120326, 57.875088], [-5.121368, 57.876129], [-5.12241, 57.877171], [-5.123451, 57.877171], [-5.124493, 57.877171], [-5.125535, 57.877171], [-5.126576, 57.877171], [-5.127618, 57.878213], [-5.12866, 57.878213], [-5.129701, 57.878213], [-5.130743, 57.878213], [-5.131785, 57.878213], [-5.132826, 57.877171], [-5.133868, 57.877171], [-5.13491, 57.878213], [-5.135951, 57.878213], [-5.136993, 57.878213]]}, "properties": {"node_id": "os:node/876753AE-2FE4-4B9D-90F7-AB7D4016791B", "lat": 57.83127, "lon": -5.07528, "dist_m": 6357, "in_scope": false, "traced": true, "path_m": 6962, "straight_m": 6357, "detour": 1.1, "max_elev_crossed_m": 3.4, "min_depth_m": -48.2, "drying_px": 17, "drying_m": 1940, "drying_frac": 0.279}}, {"type": "Feature", "geometry": {"type": "LineString", "coordinates": [[-5.082826, 57.828213], [-5.083868, 57.829254], [-5.08491, 57.830296], [-5.08491, 57.831338], [-5.08491, 57.832379], [-5.08491, 57.833421], [-5.08491, 57.834463], [-5.085951, 57.835504], [-5.086993, 57.836546], [-5.088035, 57.837588], [-5.089076, 57.838629], [-5.090118, 57.839671], [-5.09116, 57.840713], [-5.09116, 57.841754], [-5.09116, 57.842796], [-5.09116, 57.843838], [-5.09116, 57.844879], [-5.09116, 57.845921], [-5.092201, 57.846963], [-5.093243, 57.848004], [-5.094285, 57.849046], [-5.095326, 57.850088], [-5.096368, 57.851129], [-5.09741, 57.852171], [-5.098451, 57.853213], [-5.099493, 57.854254], [-5.100535, 57.855296], [-5.101576, 57.856338], [-5.102618, 57.857379], [-5.10366, 57.858421], [-5.104701, 57.859463], [-5.105743, 57.860504], [-5.106785, 57.861546], [-5.107826, 57.862588], [-5.108868, 57.863629], [-5.10991, 57.864671], [-5.110951, 57.865713], [-5.111993, 57.866754], [-5.113035, 57.867796], [-5.114076, 57.868838], [-5.115118, 57.869879], [-5.11616, 57.870921], [-5.117201, 57.871963], [-5.118243, 57.873004], [-5.119285, 57.874046], [-5.120326, 57.875088], [-5.121368, 57.876129], [-5.12241, 57.877171], [-5.123451, 57.877171], [-5.124493, 57.877171], [-5.125535, 57.877171], [-5.126576, 57.877171], [-5.127618, 57.878213], [-5.12866, 57.878213], [-5.129701, 57.878213], [-5.130743, 57.878213], [-5.131785, 57.878213], [-5.132826, 57.877171], [-5.133868, 57.877171], [-5.13491, 57.878213], [-5.135951, 57.878213], [-5.136993, 57.878213]]}, "properties": {"node_id": "os:node/4950CB90-6486-4CB2-9C3B-5F4E94A0FF6D", "lat": 57.82871, "lon": -5.08329, "dist_m": 6319, "in_scope": false, "traced": true, "path_m": 7109, "straight_m": 6319, "detour": 1.13, "max_elev_crossed_m": 5.8, "min_depth_m": -48.2, "drying_px": 17, "drying_m": 1949, "drying_frac": 0.274}}, {"type": "Feature", "geometry": {"type": "LineString", "coordinates": [[-7.269489, 57.515919], [-7.270531, 57.514878], [-7.270531, 57.513836], [-7.269489, 57.512794], [-7.268448, 57.511753], [-7.267406, 57.511753], [-7.266364, 57.511753], [-7.265323, 57.510711], [-7.264281, 57.509669], [-7.263239, 57.509669], [-7.262198, 57.508628], [-7.261156, 57.508628], [-7.260114, 57.507586], [-7.259072, 57.507586], [-7.258031, 57.506544], [-7.256989, 57.506544], [-7.255948, 57.506544], [-7.254906, 57.506544], [-7.253864, 57.506544], [-7.252823, 57.506544], [-7.251781, 57.506544], [-7.250739, 57.506544], [-7.249698, 57.506544], [-7.248656, 57.506544], [-7.247614, 57.506544], [-7.246572, 57.506544], [-7.245531, 57.506544], [-7.244489, 57.506544], [-7.243448, 57.506544], [-7.242406, 57.505503], [-7.241364, 57.505503], [-7.240322, 57.505503], [-7.239281, 57.505503], [-7.238239, 57.505503], [-7.237198, 57.505503], [-7.236156, 57.505503], [-7.235114, 57.505503], [-7.234073, 57.505503], [-7.233031, 57.505503], [-7.231989, 57.505503], [-7.230948, 57.505503], [-7.229906, 57.505503], [-7.228864, 57.505503], [-7.227822, 57.505503], [-7.226781, 57.505503], [-7.225739, 57.505503], [-7.224698, 57.505503], [-7.223656, 57.505503], [-7.222614, 57.505503], [-7.221573, 57.505503], [-7.220531, 57.505503], [-7.219489, 57.505503], [-7.218448, 57.505503], [-7.217406, 57.504461], [-7.216364, 57.503419], [-7.215322, 57.502378], [-7.214281, 57.501336], [-7.214281, 57.500294], [-7.214281, 57.499253], [-7.214281, 57.498211], [-7.214281, 57.497169], [-7.214281, 57.496128], [-7.214281, 57.495086], [-7.213239, 57.494044], [-7.212198, 57.493003], [-7.211156, 57.491961], [-7.210114, 57.490919], [-7.209072, 57.489878], [-7.208031, 57.488836], [-7.206989, 57.487794], [-7.205948, 57.486753], [-7.204906, 57.485711], [-7.203864, 57.484669], [-7.202823, 57.483628], [-7.202823, 57.482586], [-7.203864, 57.481544], [-7.202823, 57.480503], [-7.201781, 57.480503], [-7.200739, 57.479461], [-7.199698, 57.478419], [-7.198656, 57.477378], [-7.199698, 57.476336], [-7.200739, 57.475294], [-7.201781, 57.474253], [-7.202823, 57.473211]]}, "properties": {"node_id": "os:node/501CBB7D-8033-4B53-9B7C-EC8BF47BBD68", "lat": 57.51644, "lon": -7.27001, "dist_m": 6253, "in_scope": false, "traced": true, "path_m": 7949, "straight_m": 6253, "detour": 1.27, "max_elev_crossed_m": 1.3, "min_depth_m": -0.1, "drying_px": 81, "drying_m": 7575, "drying_frac": 0.953}}, {"type": "Feature", "geometry": {"type": "LineString", "coordinates": [[-0.786744, 60.824709], [-0.785703, 60.825751], [-0.784661, 60.825751], [-0.783619, 60.825751], [-0.782578, 60.825751], [-0.781536, 60.825751], [-0.780494, 60.825751], [-0.779453, 60.825751], [-0.778411, 60.825751], [-0.777369, 60.825751], [-0.776328, 60.825751], [-0.775286, 60.825751], [-0.774244, 60.824709], [-0.773203, 60.823667], [-0.772161, 60.822626], [-0.771119, 60.822626], [-0.770078, 60.822626], [-0.769036, 60.822626], [-0.767994, 60.821584], [-0.766953, 60.820542], [-0.765911, 60.819501], [-0.765911, 60.818459], [-0.765911, 60.817418], [-0.766953, 60.816376], [-0.766953, 60.815334], [-0.766953, 60.814292], [-0.766953, 60.813251], [-0.766953, 60.812209], [-0.766953, 60.811167], [-0.766953, 60.810126], [-0.766953, 60.809084], [-0.766953, 60.808042], [-0.766953, 60.807001], [-0.766953, 60.805959], [-0.766953, 60.804917], [-0.766953, 60.803876], [-0.766953, 60.802834], [-0.766953, 60.801792], [-0.766953, 60.800751], [-0.766953, 60.799709], [-0.766953, 60.798667], [-0.766953, 60.797626], [-0.766953, 60.796584], [-0.766953, 60.795542], [-0.766953, 60.794501], [-0.766953, 60.793459], [-0.766953, 60.792417], [-0.766953, 60.791376], [-0.766953, 60.790334], [-0.766953, 60.789292], [-0.766953, 60.788251], [-0.766953, 60.787209], [-0.766953, 60.786168], [-0.766953, 60.785126], [-0.766953, 60.784084], [-0.767994, 60.783042], [-0.769036, 60.782001], [-0.770078, 60.780959], [-0.771119, 60.779917], [-0.772161, 60.778876], [-0.773203, 60.777834], [-0.774244, 60.776792], [-0.775286, 60.775751], [-0.776328, 60.774709], [-0.777369, 60.773667], [-0.778411, 60.772626], [-0.779453, 60.771584], [-0.780494, 60.770542], [-0.781536, 60.769501], [-0.782578, 60.768459], [-0.783619, 60.767417], [-0.784661, 60.766376], [-0.785703, 60.765334]]}, "properties": {"node_id": "os:node/5C41EFFD-D3F1-46C4-A973-51A41396095E", "lat": 60.82523, "lon": -0.78702, "dist_m": 6242, "in_scope": false, "traced": true, "path_m": 7916, "straight_m": 6242, "detour": 1.27, "max_elev_crossed_m": 15.0, "min_depth_m": -65.6, "drying_px": 3, "drying_m": 325, "drying_frac": 0.041}}, {"type": "Feature", "geometry": {"type": "LineString", "coordinates": [[-4.289059, 57.857954], [-4.288018, 57.857954], [-4.286976, 57.857954], [-4.285934, 57.857954], [-4.284893, 57.857954], [-4.283851, 57.857954], [-4.282809, 57.857954], [-4.281768, 57.857954], [-4.280726, 57.857954], [-4.279684, 57.857954], [-4.278642, 57.857954], [-4.277601, 57.857954], [-4.276559, 57.857954], [-4.275518, 57.857954], [-4.274476, 57.857954], [-4.273434, 57.857954], [-4.272393, 57.857954], [-4.271351, 57.857954], [-4.270309, 57.857954], [-4.269268, 57.857954], [-4.268226, 57.857954], [-4.267184, 57.857954], [-4.266142, 57.857954], [-4.265101, 57.857954], [-4.264059, 57.857954], [-4.263018, 57.857954], [-4.261976, 57.857954], [-4.260934, 57.857954], [-4.259892, 57.857954], [-4.258851, 57.857954], [-4.257809, 57.857954], [-4.256768, 57.857954], [-4.255726, 57.857954], [-4.254684, 57.857954], [-4.253643, 57.857954], [-4.252601, 57.857954], [-4.251559, 57.857954], [-4.250518, 57.857954], [-4.249476, 57.857954], [-4.248434, 57.857954], [-4.247392, 57.857954], [-4.246351, 57.857954], [-4.245309, 57.857954], [-4.244268, 57.857954], [-4.243226, 57.858995], [-4.242184, 57.858995], [-4.241143, 57.858995], [-4.240101, 57.858995], [-4.239059, 57.858995], [-4.238018, 57.860037], [-4.236976, 57.860037], [-4.235934, 57.860037], [-4.234892, 57.860037], [-4.233851, 57.860037], [-4.232809, 57.860037], [-4.231768, 57.860037], [-4.230726, 57.860037], [-4.229684, 57.860037], [-4.228642, 57.860037], [-4.227601, 57.860037], [-4.226559, 57.860037], [-4.225518, 57.860037], [-4.224476, 57.860037], [-4.223434, 57.860037], [-4.222393, 57.860037], [-4.221351, 57.860037], [-4.220309, 57.860037], [-4.219268, 57.860037], [-4.218226, 57.861079], [-4.217184, 57.861079], [-4.216142, 57.861079], [-4.215101, 57.861079], [-4.214059, 57.861079], [-4.213018, 57.861079], [-4.211976, 57.861079], [-4.210934, 57.861079], [-4.209893, 57.861079], [-4.208851, 57.86212], [-4.207809, 57.86212], [-4.206768, 57.86212], [-4.205726, 57.863162], [-4.204684, 57.863162], [-4.203642, 57.863162], [-4.202601, 57.863162], [-4.201559, 57.863162], [-4.200518, 57.863162], [-4.199476, 57.863162], [-4.198434, 57.863162], [-4.197392, 57.863162], [-4.196351, 57.863162], [-4.195309, 57.863162], [-4.194268, 57.863162], [-4.193226, 57.863162], [-4.192184, 57.863162], [-4.191143, 57.863162], [-4.190101, 57.863162], [-4.189059, 57.863162], [-4.188018, 57.863162], [-4.186976, 57.86212]]}, "properties": {"node_id": "os:node/5AFD7BA7-112E-4A1E-ABB3-040C8589D33D", "lat": 57.85784, "lon": -4.28958, "dist_m": 6223, "in_scope": false, "traced": true, "path_m": 6464, "straight_m": 6223, "detour": 1.04, "max_elev_crossed_m": 0.0, "min_depth_m": -0.1, "drying_px": 98, "drying_m": 6398, "drying_frac": 0.99}}, {"type": "Feature", "geometry": {"type": "LineString", "coordinates": [[-5.310509, 56.534001], [-5.311551, 56.534001], [-5.312592, 56.534001], [-5.313634, 56.534001], [-5.314676, 56.534001], [-5.315717, 56.534001], [-5.316759, 56.534001], [-5.317801, 56.534001], [-5.318842, 56.534001], [-5.319884, 56.532959], [-5.320926, 56.531917], [-5.321967, 56.530876], [-5.323009, 56.529834], [-5.324051, 56.528792], [-5.325092, 56.527751], [-5.326134, 56.527751], [-5.327176, 56.527751], [-5.328217, 56.527751], [-5.329259, 56.527751], [-5.330301, 56.527751], [-5.331342, 56.527751], [-5.332384, 56.527751], [-5.333426, 56.527751], [-5.334467, 56.527751], [-5.335509, 56.527751], [-5.336551, 56.527751], [-5.337592, 56.527751], [-5.338634, 56.527751], [-5.339676, 56.527751], [-5.340717, 56.527751], [-5.341759, 56.527751], [-5.342801, 56.527751], [-5.343842, 56.527751], [-5.344884, 56.527751], [-5.345926, 56.527751], [-5.346967, 56.527751], [-5.348009, 56.526709], [-5.349051, 56.526709], [-5.350092, 56.526709], [-5.351134, 56.526709], [-5.352176, 56.526709], [-5.353217, 56.526709], [-5.354259, 56.526709], [-5.355301, 56.526709], [-5.356342, 56.526709], [-5.357384, 56.526709], [-5.358426, 56.525667], [-5.359467, 56.525667], [-5.360509, 56.524626], [-5.361551, 56.524626], [-5.362592, 56.523584], [-5.363634, 56.522542], [-5.364676, 56.521501], [-5.365717, 56.521501], [-5.366759, 56.521501], [-5.367801, 56.521501], [-5.368842, 56.521501], [-5.369884, 56.521501], [-5.370926, 56.521501], [-5.371967, 56.521501], [-5.373009, 56.521501], [-5.374051, 56.521501], [-5.375092, 56.521501], [-5.376134, 56.521501], [-5.377176, 56.521501], [-5.378217, 56.521501], [-5.379259, 56.521501], [-5.380301, 56.521501], [-5.381342, 56.521501], [-5.382384, 56.521501], [-5.383426, 56.521501], [-5.384467, 56.522542], [-5.385509, 56.523584], [-5.386551, 56.524626], [-5.387592, 56.525667], [-5.388634, 56.526709], [-5.389676, 56.527751], [-5.390717, 56.528792], [-5.391759, 56.529834], [-5.392801, 56.530876], [-5.393842, 56.531917], [-5.394884, 56.532959], [-5.395926, 56.534001], [-5.396967, 56.535042], [-5.398009, 56.536084], [-5.399051, 56.537126], [-5.400092, 56.538167], [-5.401134, 56.538167], [-5.402176, 56.538167], [-5.403217, 56.538167], [-5.404259, 56.538167], [-5.405301, 56.539209], [-5.406342, 56.540251], [-5.407384, 56.540251], [-5.408426, 56.540251], [-5.409467, 56.540251], [-5.410509, 56.539209]]}, "properties": {"node_id": "os:node/0D345125-7E01-4C6F-BCAB-513635C01BE4", "lat": 56.53367, "lon": -5.31, "dist_m": 6219, "in_scope": false, "traced": true, "path_m": 8261, "straight_m": 6219, "detour": 1.33, "max_elev_crossed_m": 2.4, "min_depth_m": -21.5, "drying_px": 16, "drying_m": 1363, "drying_frac": 0.165}}, {"type": "Feature", "geometry": {"type": "LineString", "coordinates": [[-6.666221, 58.042789], [-6.667263, 58.042789], [-6.668305, 58.042789], [-6.669346, 58.042789], [-6.670388, 58.041747], [-6.67143, 58.040706], [-6.672471, 58.040706], [-6.673513, 58.040706], [-6.674555, 58.039664], [-6.675596, 58.039664], [-6.676638, 58.038622], [-6.67768, 58.038622], [-6.678721, 58.038622], [-6.679763, 58.038622], [-6.680805, 58.038622], [-6.681846, 58.038622], [-6.682888, 58.037581], [-6.68393, 58.037581], [-6.684971, 58.037581], [-6.686013, 58.036539], [-6.687055, 58.035498], [-6.688096, 58.035498], [-6.689138, 58.034456], [-6.69018, 58.033414], [-6.691221, 58.033414], [-6.692263, 58.032372], [-6.693305, 58.031331], [-6.694346, 58.031331], [-6.695388, 58.030289], [-6.69643, 58.029248], [-6.697471, 58.029248], [-6.698513, 58.028206], [-6.699555, 58.027164], [-6.700596, 58.026122], [-6.701638, 58.025081], [-6.70268, 58.024039], [-6.703721, 58.022997], [-6.704763, 58.021956], [-6.705805, 58.020914], [-6.706846, 58.019872], [-6.707888, 58.018831], [-6.70893, 58.017789], [-6.709971, 58.016747], [-6.711013, 58.015706], [-6.711013, 58.014664], [-6.712055, 58.013622], [-6.713096, 58.012581], [-6.713096, 58.011539], [-6.713096, 58.010497], [-6.713096, 58.009456], [-6.713096, 58.008414], [-6.714138, 58.007372], [-6.714138, 58.006331], [-6.714138, 58.005289], [-6.714138, 58.004248], [-6.714138, 58.003206], [-6.714138, 58.002164], [-6.714138, 58.001122], [-6.714138, 58.000081], [-6.714138, 57.999039], [-6.714138, 57.997998], [-6.713096, 57.996956], [-6.712055, 57.995914], [-6.711013, 57.994872], [-6.709971, 57.993831]]}, "properties": {"node_id": "os:node/29568DB0-3AED-48C8-8CC6-D8347C8927B1", "lat": 58.04331, "lon": -6.66625, "dist_m": 6100, "in_scope": false, "traced": true, "path_m": 6996, "straight_m": 6100, "detour": 1.15, "max_elev_crossed_m": 0.0, "min_depth_m": -21.5, "drying_px": 48, "drying_m": 5167, "drying_frac": 0.738}}, {"type": "Feature", "geometry": {"type": "LineString", "coordinates": [[-2.83618, 54.008872], [-2.83618, 54.00783], [-2.83618, 54.006788], [-2.837222, 54.005747], [-2.838264, 54.004705], [-2.839305, 54.003663], [-2.840347, 54.003663], [-2.841389, 54.003663], [-2.84243, 54.003663], [-2.843472, 54.003663], [-2.844514, 54.003663], [-2.845555, 54.003663], [-2.846597, 54.003663], [-2.847639, 54.003663], [-2.84868, 54.002622], [-2.849722, 54.002622], [-2.850764, 54.002622], [-2.851805, 54.002622], [-2.852847, 54.002622], [-2.853889, 54.002622], [-2.85493, 54.002622], [-2.855972, 54.002622], [-2.857014, 54.002622], [-2.858055, 54.002622], [-2.859097, 54.002622], [-2.860139, 54.002622], [-2.86118, 54.002622], [-2.862222, 54.002622], [-2.863264, 54.00158], [-2.864305, 54.000538], [-2.865347, 53.999497], [-2.866389, 53.998455], [-2.86743, 53.997413], [-2.868472, 53.996372], [-2.869514, 53.99533], [-2.870555, 53.994288], [-2.871597, 53.993247], [-2.871597, 53.992205], [-2.872639, 53.991163], [-2.87368, 53.990122], [-2.874722, 53.98908], [-2.875764, 53.988038], [-2.876805, 53.988038], [-2.877847, 53.986997], [-2.878889, 53.985955], [-2.87993, 53.984913], [-2.880972, 53.984913], [-2.882014, 53.984913], [-2.883055, 53.984913], [-2.884097, 53.984913], [-2.885139, 53.985955], [-2.885139, 53.986997], [-2.88618, 53.988038], [-2.88618, 53.98908], [-2.885139, 53.990122], [-2.88618, 53.991163], [-2.885139, 53.992205], [-2.88618, 53.993247], [-2.887222, 53.993247], [-2.888264, 53.994288], [-2.889305, 53.99533], [-2.890347, 53.996372], [-2.891389, 53.997413], [-2.89243, 53.998455], [-2.893472, 53.999497], [-2.894514, 54.000538], [-2.894514, 54.00158], [-2.895555, 54.002622], [-2.895555, 54.003663], [-2.895555, 54.004705], [-2.896597, 54.005747], [-2.897639, 54.006788], [-2.89868, 54.005747], [-2.899722, 54.005747], [-2.900764, 54.006788], [-2.901805, 54.00783], [-2.902847, 54.008872], [-2.902847, 54.009913], [-2.902847, 54.010955], [-2.903889, 54.011997], [-2.90493, 54.013038], [-2.903889, 54.01408], [-2.903889, 54.015122], [-2.903889, 54.016163], [-2.903889, 54.017205], [-2.90493, 54.018247], [-2.905972, 54.019288], [-2.907014, 54.02033], [-2.908055, 54.02033], [-2.909097, 54.02033], [-2.910139, 54.021372], [-2.91118, 54.02033], [-2.912222, 54.02033], [-2.913264, 54.02033], [-2.914305, 54.02033], [-2.915347, 54.02033], [-2.916389, 54.021372], [-2.91743, 54.022413], [-2.918472, 54.022413], [-2.919514, 54.022413], [-2.920555, 54.023455], [-2.921597, 54.023455], [-2.922639, 54.023455], [-2.92368, 54.023455], [-2.924722, 54.023455]]}, "properties": {"node_id": "os:node/72D15FAD-78C7-4557-881F-77C5E1E6091A", "lat": 54.0088, "lon": -2.83607, "dist_m": 6069, "in_scope": true, "traced": true, "path_m": 11093, "straight_m": 6069, "detour": 1.83, "max_elev_crossed_m": 4.0, "min_depth_m": -1.1, "drying_px": 62, "drying_m": 6550, "drying_frac": 0.59}}, {"type": "Feature", "geometry": {"type": "LineString", "coordinates": [[-6.864479, 58.131263], [-6.865521, 58.132304], [-6.866563, 58.132304], [-6.867604, 58.132304], [-6.868646, 58.132304], [-6.869688, 58.133346], [-6.870729, 58.134388], [-6.870729, 58.135429], [-6.871771, 58.136471], [-6.872813, 58.137513], [-6.873854, 58.138554], [-6.874896, 58.139596], [-6.875938, 58.140638], [-6.876979, 58.141679], [-6.876979, 58.142721], [-6.878021, 58.143763], [-6.879063, 58.144804], [-6.880104, 58.145846], [-6.881146, 58.146888], [-6.882188, 58.147929], [-6.883229, 58.148971], [-6.883229, 58.150013], [-6.883229, 58.151054], [-6.883229, 58.152096], [-6.883229, 58.153138], [-6.884271, 58.154179], [-6.884271, 58.155221], [-6.885313, 58.156263], [-6.886354, 58.157304], [-6.886354, 58.158346], [-6.886354, 58.159388], [-6.886354, 58.160429], [-6.886354, 58.161471], [-6.887396, 58.162513], [-6.887396, 58.163554], [-6.887396, 58.164596], [-6.887396, 58.165638], [-6.886354, 58.166679], [-6.886354, 58.167721], [-6.885313, 58.168763], [-6.885313, 58.169804], [-6.885313, 58.170846], [-6.885313, 58.171888], [-6.885313, 58.172929], [-6.885313, 58.173971], [-6.885313, 58.175013], [-6.886354, 58.176054], [-6.886354, 58.177096], [-6.887396, 58.178138], [-6.888438, 58.179179], [-6.888438, 58.180221], [-6.888438, 58.181263], [-6.889479, 58.182304], [-6.890521, 58.183346], [-6.891563, 58.184388]]}, "properties": {"node_id": "os:node/6755086A-C749-41B8-8230-BFE866A64997", "lat": 58.13162, "lon": -6.86462, "dist_m": 6013, "in_scope": false, "traced": true, "path_m": 6507, "straight_m": 6013, "detour": 1.08, "max_elev_crossed_m": 6.7, "min_depth_m": -0.5, "drying_px": 50, "drying_m": 5916, "drying_frac": 0.909}}, {"type": "Feature", "geometry": {"type": "LineString", "coordinates": [[-2.833958, 54.015337], [-2.832916, 54.014295], [-2.832916, 54.013253], [-2.832916, 54.012212], [-2.832916, 54.01117], [-2.833958, 54.010128], [-2.835, 54.009087], [-2.836041, 54.008045], [-2.837083, 54.007003], [-2.838125, 54.005962], [-2.839166, 54.00492], [-2.840208, 54.003878], [-2.84125, 54.002837], [-2.842291, 54.002837], [-2.843333, 54.002837], [-2.844375, 54.002837], [-2.845416, 54.002837], [-2.846458, 54.002837], [-2.8475, 54.002837], [-2.848541, 54.002837], [-2.849583, 54.002837], [-2.850625, 54.002837], [-2.851666, 54.002837], [-2.852708, 54.002837], [-2.85375, 54.002837], [-2.854791, 54.002837], [-2.855833, 54.002837], [-2.856875, 54.002837], [-2.857916, 54.002837], [-2.858958, 54.002837], [-2.86, 54.002837], [-2.861041, 54.002837], [-2.862083, 54.002837], [-2.863125, 54.001795], [-2.864166, 54.000753], [-2.865208, 53.999712], [-2.86625, 53.99867], [-2.867291, 53.997628], [-2.868333, 53.996587], [-2.869375, 53.995545], [-2.870416, 53.994503], [-2.871458, 53.993462], [-2.871458, 53.99242], [-2.8725, 53.991378], [-2.873541, 53.990337], [-2.874583, 53.989295], [-2.875625, 53.988253], [-2.876666, 53.988253], [-2.877708, 53.987212], [-2.87875, 53.98617], [-2.879791, 53.985128], [-2.880833, 53.985128], [-2.881875, 53.985128], [-2.882916, 53.985128], [-2.883958, 53.985128], [-2.885, 53.98617], [-2.885, 53.987212], [-2.886041, 53.988253], [-2.886041, 53.989295], [-2.885, 53.990337], [-2.886041, 53.991378], [-2.885, 53.99242], [-2.886041, 53.993462], [-2.887083, 53.993462], [-2.888125, 53.994503], [-2.889166, 53.995545], [-2.890208, 53.996587], [-2.89125, 53.997628], [-2.892291, 53.99867], [-2.893333, 53.999712], [-2.894375, 54.000753], [-2.894375, 54.001795], [-2.895416, 54.002837], [-2.895416, 54.003878], [-2.895416, 54.00492], [-2.896458, 54.005962], [-2.8975, 54.007003], [-2.898541, 54.005962], [-2.899583, 54.005962], [-2.900625, 54.007003], [-2.901666, 54.008045], [-2.902708, 54.009087], [-2.902708, 54.010128], [-2.902708, 54.01117], [-2.90375, 54.012212], [-2.904791, 54.013253], [-2.90375, 54.014295], [-2.90375, 54.015337], [-2.90375, 54.016378], [-2.90375, 54.01742], [-2.904791, 54.018462], [-2.905833, 54.019503], [-2.906875, 54.020545], [-2.907916, 54.020545], [-2.908958, 54.020545], [-2.91, 54.021587], [-2.911041, 54.020545], [-2.912083, 54.020545], [-2.913125, 54.020545], [-2.914166, 54.020545], [-2.915208, 54.020545], [-2.91625, 54.021587], [-2.917291, 54.022628], [-2.918333, 54.022628], [-2.919375, 54.022628], [-2.920416, 54.02367], [-2.921458, 54.02367], [-2.9225, 54.02367], [-2.923541, 54.02367], [-2.924583, 54.02367]]}, "properties": {"node_id": "os:node/2CBCEB1B-CD76-46A3-92B7-2302FEEC7211", "lat": 54.01561, "lon": -2.83366, "dist_m": 5968, "in_scope": true, "traced": true, "path_m": 11812, "straight_m": 5968, "detour": 1.98, "max_elev_crossed_m": 4.0, "min_depth_m": -1.1, "drying_px": 69, "drying_m": 7409, "drying_frac": 0.627}}, {"type": "Feature", "geometry": {"type": "LineString", "coordinates": [[-2.874628, 53.734939], [-2.87567, 53.734939], [-2.876711, 53.734939], [-2.877753, 53.734939], [-2.878795, 53.733898], [-2.879836, 53.733898], [-2.880878, 53.733898], [-2.88192, 53.733898], [-2.882961, 53.733898], [-2.884003, 53.733898], [-2.885045, 53.733898], [-2.886086, 53.732856], [-2.887128, 53.732856], [-2.88817, 53.732856], [-2.889211, 53.732856], [-2.890253, 53.732856], [-2.891295, 53.731814], [-2.892336, 53.731814], [-2.893378, 53.731814], [-2.89442, 53.730773], [-2.895461, 53.729731], [-2.896503, 53.729731], [-2.897545, 53.729731], [-2.898586, 53.729731], [-2.899628, 53.730773], [-2.90067, 53.730773], [-2.901711, 53.730773], [-2.902753, 53.730773], [-2.903795, 53.730773], [-2.904836, 53.731814], [-2.905878, 53.731814], [-2.90692, 53.731814], [-2.907961, 53.731814], [-2.909003, 53.731814], [-2.910045, 53.731814], [-2.911086, 53.731814], [-2.912128, 53.731814], [-2.91317, 53.731814], [-2.914211, 53.731814], [-2.915253, 53.731814], [-2.916295, 53.730773], [-2.917336, 53.730773], [-2.918378, 53.730773], [-2.91942, 53.730773], [-2.920461, 53.730773], [-2.921503, 53.730773], [-2.922545, 53.730773], [-2.923586, 53.730773], [-2.924628, 53.730773], [-2.92567, 53.730773], [-2.926711, 53.730773], [-2.927753, 53.730773], [-2.928795, 53.730773], [-2.929836, 53.730773], [-2.930878, 53.730773], [-2.93192, 53.730773], [-2.932961, 53.730773], [-2.934003, 53.730773], [-2.935045, 53.730773], [-2.936086, 53.730773], [-2.937128, 53.730773], [-2.93817, 53.730773], [-2.939211, 53.730773], [-2.940253, 53.730773], [-2.941295, 53.730773], [-2.942336, 53.730773], [-2.943378, 53.730773], [-2.94442, 53.730773], [-2.945461, 53.730773], [-2.946503, 53.729731], [-2.947545, 53.728689], [-2.948586, 53.727648], [-2.949628, 53.727648], [-2.95067, 53.727648], [-2.951711, 53.727648], [-2.952753, 53.726606], [-2.953795, 53.725564], [-2.954836, 53.725564], [-2.955878, 53.724523], [-2.95692, 53.723481], [-2.957961, 53.722439], [-2.959003, 53.721398], [-2.960045, 53.720356], [-2.961086, 53.719314], [-2.962128, 53.720356]]}, "properties": {"node_id": "os:node/FB4D99D9-D6D2-453F-855A-4F6A5139EDE6", "lat": 53.73546, "lon": -2.87512, "dist_m": 5897, "in_scope": true, "traced": true, "path_m": 7084, "straight_m": 5897, "detour": 1.2, "max_elev_crossed_m": 4.8, "min_depth_m": -1.0, "drying_px": 70, "drying_m": 5834, "drying_frac": 0.824}}, {"type": "Feature", "geometry": {"type": "LineString", "coordinates": [[-2.833958, 54.018462], [-2.833958, 54.01742], [-2.832916, 54.016378], [-2.832916, 54.015337], [-2.832916, 54.014295], [-2.832916, 54.013253], [-2.832916, 54.012212], [-2.832916, 54.01117], [-2.832916, 54.010128], [-2.833958, 54.009087], [-2.835, 54.008045], [-2.836041, 54.007003], [-2.837083, 54.005962], [-2.838125, 54.00492], [-2.839166, 54.003878], [-2.840208, 54.002837], [-2.84125, 54.002837], [-2.842291, 54.002837], [-2.843333, 54.002837], [-2.844375, 54.002837], [-2.845416, 54.002837], [-2.846458, 54.002837], [-2.8475, 54.002837], [-2.848541, 54.002837], [-2.849583, 54.002837], [-2.850625, 54.002837], [-2.851666, 54.002837], [-2.852708, 54.002837], [-2.85375, 54.002837], [-2.854791, 54.002837], [-2.855833, 54.002837], [-2.856875, 54.002837], [-2.857916, 54.001795], [-2.858958, 54.001795], [-2.86, 54.001795], [-2.861041, 54.001795], [-2.862083, 54.001795], [-2.863125, 54.000753], [-2.864166, 53.999712], [-2.865208, 53.99867], [-2.86625, 53.997628], [-2.867291, 53.996587], [-2.868333, 53.995545], [-2.869375, 53.994503], [-2.870416, 53.993462], [-2.871458, 53.99242], [-2.871458, 53.991378], [-2.8725, 53.990337], [-2.873541, 53.989295], [-2.874583, 53.988253], [-2.875625, 53.987212], [-2.876666, 53.987212], [-2.877708, 53.98617], [-2.87875, 53.985128], [-2.879791, 53.984087], [-2.880833, 53.984087], [-2.881875, 53.984087], [-2.882916, 53.983045], [-2.883958, 53.983045], [-2.885, 53.982003], [-2.886041, 53.982003], [-2.887083, 53.982003], [-2.888125, 53.982003], [-2.889166, 53.982003], [-2.890208, 53.982003], [-2.89125, 53.982003], [-2.892291, 53.982003], [-2.893333, 53.982003], [-2.894375, 53.982003], [-2.895416, 53.982003], [-2.896458, 53.982003], [-2.8975, 53.982003], [-2.898541, 53.982003], [-2.899583, 53.982003], [-2.900625, 53.982003], [-2.901666, 53.982003], [-2.902708, 53.982003], [-2.90375, 53.982003], [-2.904791, 53.982003], [-2.905833, 53.982003], [-2.906875, 53.982003], [-2.907916, 53.982003], [-2.908958, 53.982003], [-2.91, 53.982003], [-2.911041, 53.982003], [-2.912083, 53.982003], [-2.913125, 53.980962], [-2.914166, 53.97992], [-2.915208, 53.97992], [-2.91625, 53.978878], [-2.917291, 53.978878], [-2.918333, 53.978878], [-2.919375, 53.978878], [-2.920416, 53.978878], [-2.921458, 53.978878], [-2.9225, 53.978878], [-2.923541, 53.978878], [-2.924583, 53.978878], [-2.925625, 53.978878], [-2.926666, 53.978878], [-2.927708, 53.978878], [-2.92875, 53.97992], [-2.929791, 53.980962], [-2.930833, 53.980962], [-2.931875, 53.982003], [-2.932916, 53.983045], [-2.933958, 53.983045], [-2.935, 53.984087], [-2.936041, 53.985128], [-2.937083, 53.98617], [-2.938125, 53.987212], [-2.939166, 53.988253], [-2.940208, 53.989295], [-2.94125, 53.990337], [-2.942291, 53.991378], [-2.943333, 53.99242], [-2.944375, 53.993462], [-2.945416, 53.994503], [-2.946458, 53.995545], [-2.9475, 53.996587], [-2.948541, 53.997628], [-2.949583, 53.99867], [-2.950625, 53.999712], [-2.951666, 54.000753]]}, "properties": {"node_id": "os:node/469553FB-DF1F-48CD-9BB5-32E266B863B1", "lat": 54.01842, "lon": -2.83367, "dist_m": 5882, "in_scope": true, "traced": true, "path_m": 12147, "straight_m": 5882, "detour": 2.07, "max_elev_crossed_m": 2.6, "min_depth_m": -2.1, "drying_px": 71, "drying_m": 6955, "drying_frac": 0.573}}, {"type": "Feature", "geometry": {"type": "LineString", "coordinates": [[1.250331, 51.329325], [1.249289, 51.330367], [1.248247, 51.331409], [1.247206, 51.331409], [1.246164, 51.331409], [1.245122, 51.33245], [1.244081, 51.333492], [1.243039, 51.333492], [1.241997, 51.333492], [1.240956, 51.333492], [1.239914, 51.334534], [1.238872, 51.335575], [1.237831, 51.336617], [1.236789, 51.336617], [1.235747, 51.337659], [1.234706, 51.3387], [1.233664, 51.339742], [1.233664, 51.340784], [1.233664, 51.341825], [1.232622, 51.342867], [1.232622, 51.343909], [1.232622, 51.34495], [1.232622, 51.345992], [1.233664, 51.347034], [1.233664, 51.348075], [1.232622, 51.349117], [1.231581, 51.350159], [1.230539, 51.3512], [1.229497, 51.352242], [1.228456, 51.352242], [1.227414, 51.353284], [1.227414, 51.354325], [1.227414, 51.355367], [1.226372, 51.356409], [1.226372, 51.35745], [1.226372, 51.358492], [1.226372, 51.359534], [1.226372, 51.360575], [1.226372, 51.361617], [1.227414, 51.362659], [1.228456, 51.3637], [1.229497, 51.3637], [1.230539, 51.364742], [1.231581, 51.365784], [1.231581, 51.366825], [1.231581, 51.367867], [1.232622, 51.368909], [1.233664, 51.36995], [1.233664, 51.370992], [1.234706, 51.372034], [1.235747, 51.373075], [1.235747, 51.374117], [1.236789, 51.375159], [1.236789, 51.3762], [1.236789, 51.377242], [1.236789, 51.378284], [1.237831, 51.379325], [1.237831, 51.380367], [1.237831, 51.381409], [1.237831, 51.38245], [1.237831, 51.383492]]}, "properties": {"node_id": "os:node/AAF854F6-C84C-4101-8AA3-39AC6EFA67F9", "lat": 51.32938, "lon": 1.24981, "dist_m": 5871, "in_scope": true, "traced": true, "path_m": 7191, "straight_m": 5871, "detour": 1.22, "max_elev_crossed_m": 2.8, "min_depth_m": -0.0, "drying_px": 60, "drying_m": 7073, "drying_frac": 0.984}}, {"type": "Feature", "geometry": {"type": "LineString", "coordinates": [[-5.299966, 56.549269], [-5.301007, 56.548227], [-5.302049, 56.547185], [-5.303091, 56.546144], [-5.304132, 56.545102], [-5.305174, 56.54406], [-5.306216, 56.543019], [-5.307257, 56.541977], [-5.308299, 56.540935], [-5.309341, 56.539894], [-5.310382, 56.538852], [-5.311424, 56.53781], [-5.312466, 56.536769], [-5.313507, 56.536769], [-5.314549, 56.536769], [-5.315591, 56.536769], [-5.316632, 56.536769], [-5.317674, 56.536769], [-5.318716, 56.536769], [-5.319757, 56.536769], [-5.320799, 56.536769], [-5.321841, 56.536769], [-5.322882, 56.536769], [-5.323924, 56.536769], [-5.324966, 56.536769], [-5.326007, 56.536769], [-5.327049, 56.536769], [-5.328091, 56.536769], [-5.329132, 56.535727], [-5.330174, 56.535727], [-5.331216, 56.535727], [-5.332257, 56.535727], [-5.333299, 56.535727], [-5.334341, 56.535727], [-5.335382, 56.534685], [-5.336424, 56.534685], [-5.337466, 56.534685], [-5.338507, 56.534685], [-5.339549, 56.534685], [-5.340591, 56.534685], [-5.341632, 56.533644], [-5.342674, 56.533644], [-5.343716, 56.532602], [-5.344757, 56.53156], [-5.345799, 56.530519], [-5.346841, 56.530519], [-5.347882, 56.529477], [-5.348924, 56.528435], [-5.349966, 56.528435], [-5.351007, 56.528435], [-5.352049, 56.528435], [-5.353091, 56.527394], [-5.354132, 56.527394], [-5.355174, 56.526352], [-5.356216, 56.526352], [-5.357257, 56.526352], [-5.358299, 56.52531], [-5.359341, 56.52531], [-5.360382, 56.524269], [-5.361424, 56.524269], [-5.362466, 56.523227], [-5.363507, 56.522185], [-5.364549, 56.521144], [-5.365591, 56.521144], [-5.366632, 56.521144], [-5.367674, 56.521144], [-5.368716, 56.521144], [-5.369757, 56.521144], [-5.370799, 56.521144], [-5.371841, 56.521144], [-5.372882, 56.521144], [-5.373924, 56.521144], [-5.374966, 56.521144], [-5.376007, 56.521144], [-5.377049, 56.521144], [-5.378091, 56.521144], [-5.379132, 56.521144], [-5.380174, 56.521144], [-5.381216, 56.521144], [-5.382257, 56.521144], [-5.383299, 56.521144], [-5.384341, 56.522185], [-5.385382, 56.523227], [-5.386424, 56.524269], [-5.387466, 56.52531], [-5.388507, 56.526352], [-5.389549, 56.527394], [-5.390591, 56.528435], [-5.391632, 56.529477], [-5.392674, 56.530519], [-5.393716, 56.53156], [-5.394757, 56.532602], [-5.395799, 56.533644], [-5.396841, 56.534685], [-5.397882, 56.535727], [-5.398924, 56.536769], [-5.399966, 56.53781], [-5.401007, 56.53781], [-5.402049, 56.53781], [-5.403091, 56.53781], [-5.404132, 56.53781], [-5.405174, 56.538852], [-5.406216, 56.539894], [-5.407257, 56.539894], [-5.408299, 56.539894], [-5.409341, 56.539894], [-5.410382, 56.538852]]}, "properties": {"node_id": "os:node/F7D25DD8-CA85-447E-9A34-516EAA86AEA0", "lat": 56.54968, "lon": -5.29984, "dist_m": 5857, "in_scope": false, "traced": true, "path_m": 9926, "straight_m": 5857, "detour": 1.69, "max_elev_crossed_m": 2.4, "min_depth_m": -37.8, "drying_px": 32, "drying_m": 2968, "drying_frac": 0.299}}, {"type": "Feature", "geometry": {"type": "LineString", "coordinates": [[-5.227129, 56.843571], [-5.226088, 56.844612], [-5.225046, 56.844612], [-5.224004, 56.844612], [-5.222962, 56.844612], [-5.221921, 56.844612], [-5.220879, 56.844612], [-5.219838, 56.844612], [-5.218796, 56.845654], [-5.217754, 56.845654], [-5.216712, 56.845654], [-5.215671, 56.845654], [-5.214629, 56.845654], [-5.213588, 56.845654], [-5.212546, 56.845654], [-5.211504, 56.845654], [-5.210462, 56.846696], [-5.209421, 56.846696], [-5.208379, 56.846696], [-5.207338, 56.846696], [-5.206296, 56.846696], [-5.205254, 56.846696], [-5.204212, 56.846696], [-5.203171, 56.846696], [-5.202129, 56.846696], [-5.201088, 56.846696], [-5.200046, 56.846696], [-5.199004, 56.846696], [-5.197962, 56.846696], [-5.196921, 56.846696], [-5.195879, 56.846696], [-5.194838, 56.846696], [-5.193796, 56.846696], [-5.192754, 56.846696], [-5.191712, 56.846696], [-5.190671, 56.846696], [-5.189629, 56.846696], [-5.188588, 56.846696], [-5.187546, 56.846696], [-5.186504, 56.846696], [-5.185462, 56.846696], [-5.184421, 56.846696], [-5.183379, 56.846696], [-5.182338, 56.846696], [-5.181296, 56.846696], [-5.180254, 56.846696], [-5.179212, 56.846696], [-5.178171, 56.846696], [-5.177129, 56.846696], [-5.176088, 56.846696], [-5.175046, 56.846696], [-5.174004, 56.846696], [-5.172962, 56.846696], [-5.171921, 56.846696], [-5.170879, 56.846696], [-5.169838, 56.846696], [-5.168796, 56.846696], [-5.167754, 56.846696], [-5.166712, 56.846696], [-5.165671, 56.846696], [-5.164629, 56.845654], [-5.163588, 56.844612], [-5.162546, 56.843571], [-5.161504, 56.843571], [-5.160462, 56.842529], [-5.159421, 56.841487], [-5.158379, 56.842529], [-5.157338, 56.842529], [-5.156296, 56.841487], [-5.155254, 56.841487], [-5.154212, 56.841487], [-5.153171, 56.840446], [-5.152129, 56.840446], [-5.151088, 56.839404], [-5.150046, 56.839404], [-5.149004, 56.838362], [-5.147962, 56.838362], [-5.146921, 56.838362], [-5.145879, 56.838362], [-5.144838, 56.838362], [-5.143796, 56.838362], [-5.142754, 56.838362], [-5.141712, 56.839404], [-5.140671, 56.839404], [-5.139629, 56.839404], [-5.138588, 56.839404], [-5.137546, 56.839404], [-5.136504, 56.839404], [-5.135463, 56.838362]]}, "properties": {"node_id": "os:node/1203DF6B-B5AA-4028-9F48-7A8DF2246539", "lat": 56.84305, "lon": -5.22765, "dist_m": 5782, "in_scope": false, "traced": true, "path_m": 6612, "straight_m": 5782, "detour": 1.14, "max_elev_crossed_m": 5.0, "min_depth_m": -26.7, "drying_px": 64, "drying_m": 4755, "drying_frac": 0.719}}, {"type": "Feature", "geometry": {"type": "LineString", "coordinates": [[-5.572894, 56.689209], [-5.573936, 56.690251], [-5.574978, 56.690251], [-5.576019, 56.690251], [-5.577061, 56.690251], [-5.578103, 56.690251], [-5.579144, 56.689209], [-5.580186, 56.689209], [-5.581228, 56.689209], [-5.582269, 56.689209], [-5.583311, 56.688167], [-5.584353, 56.688167], [-5.585394, 56.688167], [-5.586436, 56.688167], [-5.587478, 56.688167], [-5.588519, 56.688167], [-5.589561, 56.688167], [-5.590603, 56.688167], [-5.591644, 56.687126], [-5.592686, 56.687126], [-5.593728, 56.687126], [-5.594769, 56.686084], [-5.595811, 56.686084], [-5.596853, 56.686084], [-5.597894, 56.687126], [-5.598936, 56.688167], [-5.599978, 56.689209], [-5.601019, 56.689209], [-5.602061, 56.689209], [-5.603103, 56.689209], [-5.604144, 56.688167], [-5.605186, 56.688167], [-5.606228, 56.688167], [-5.607269, 56.688167], [-5.608311, 56.688167], [-5.609353, 56.688167], [-5.610394, 56.688167], [-5.611436, 56.688167], [-5.612478, 56.687126], [-5.613519, 56.686084], [-5.614561, 56.685042], [-5.615603, 56.684001], [-5.616644, 56.682959], [-5.617686, 56.684001], [-5.618728, 56.684001], [-5.619769, 56.685042], [-5.620811, 56.685042], [-5.621853, 56.685042], [-5.622894, 56.686084], [-5.623936, 56.686084], [-5.624978, 56.686084], [-5.626019, 56.685042], [-5.627061, 56.685042], [-5.628103, 56.685042], [-5.629144, 56.685042], [-5.630186, 56.684001], [-5.631228, 56.684001], [-5.632269, 56.684001], [-5.633311, 56.684001], [-5.634353, 56.684001], [-5.635394, 56.684001], [-5.636436, 56.684001], [-5.637478, 56.684001], [-5.638519, 56.684001], [-5.639561, 56.684001], [-5.640603, 56.684001], [-5.641644, 56.684001], [-5.642686, 56.682959], [-5.643728, 56.682959], [-5.644769, 56.682959], [-5.645811, 56.682959], [-5.646853, 56.681918], [-5.647894, 56.680876], [-5.648936, 56.679834], [-5.649978, 56.679834], [-5.651019, 56.679834], [-5.652061, 56.679834], [-5.653103, 56.679834], [-5.654144, 56.679834], [-5.655186, 56.678792], [-5.656228, 56.678792], [-5.657269, 56.678792], [-5.658311, 56.679834], [-5.659353, 56.679834], [-5.660394, 56.679834], [-5.661436, 56.679834], [-5.662478, 56.679834], [-5.663519, 56.679834]]}, "properties": {"node_id": "os:node/254BF016-2A42-4F32-A461-CF371828B2C1", "lat": 56.68973, "lon": -5.57288, "dist_m": 5746, "in_scope": false, "traced": true, "path_m": 7256, "straight_m": 5746, "detour": 1.26, "max_elev_crossed_m": 4.6, "min_depth_m": -19.3, "drying_px": 56, "drying_m": 4617, "drying_frac": 0.636}}, {"type": "Feature", "geometry": {"type": "LineString", "coordinates": [[-5.04049, 58.372606], [-5.039448, 58.373648], [-5.038407, 58.374689], [-5.037365, 58.375731], [-5.036323, 58.376773], [-5.036323, 58.377814], [-5.035282, 58.378856], [-5.03424, 58.379898], [-5.035282, 58.380939], [-5.036323, 58.381981], [-5.037365, 58.381981], [-5.038407, 58.381981], [-5.039448, 58.381981], [-5.04049, 58.383023], [-5.041532, 58.383023], [-5.042573, 58.383023], [-5.043615, 58.384064], [-5.044657, 58.384064], [-5.045698, 58.385106], [-5.04674, 58.385106], [-5.047782, 58.385106], [-5.048823, 58.385106], [-5.049865, 58.385106], [-5.050907, 58.385106], [-5.051948, 58.385106], [-5.05299, 58.386148], [-5.054032, 58.386148], [-5.055073, 58.386148], [-5.056115, 58.387189], [-5.057157, 58.387189], [-5.058198, 58.387189], [-5.05924, 58.387189], [-5.060282, 58.387189], [-5.061323, 58.388231], [-5.062365, 58.389273], [-5.063407, 58.390314], [-5.064448, 58.391356], [-5.06549, 58.391356], [-5.066532, 58.392398], [-5.067573, 58.393439], [-5.068615, 58.393439], [-5.069657, 58.393439], [-5.070698, 58.394481], [-5.07174, 58.394481], [-5.072782, 58.394481], [-5.073823, 58.394481], [-5.074865, 58.394481], [-5.075907, 58.394481], [-5.076948, 58.395523], [-5.07799, 58.395523], [-5.079032, 58.395523], [-5.080073, 58.395523], [-5.081115, 58.396564], [-5.082157, 58.397606], [-5.083198, 58.398648], [-5.08424, 58.399689], [-5.085282, 58.399689], [-5.086323, 58.399689], [-5.087365, 58.399689], [-5.088407, 58.399689], [-5.089448, 58.399689], [-5.09049, 58.400731], [-5.091532, 58.400731], [-5.092573, 58.400731], [-5.093615, 58.400731], [-5.094657, 58.400731], [-5.095698, 58.400731], [-5.09674, 58.400731], [-5.097782, 58.401773], [-5.098823, 58.402814], [-5.099865, 58.403856], [-5.100907, 58.404898], [-5.101948, 58.404898], [-5.10299, 58.404898], [-5.104032, 58.405939], [-5.105073, 58.406981], [-5.106115, 58.406981], [-5.107157, 58.406981], [-5.108198, 58.406981], [-5.10924, 58.406981], [-5.110282, 58.408023], [-5.111323, 58.409064], [-5.112365, 58.409064]]}, "properties": {"node_id": "os:node/84F087AC-DB2A-4ED8-912F-42CD3ADFCE48", "lat": 58.37289, "lon": -5.04083, "dist_m": 5731, "in_scope": false, "traced": true, "path_m": 7426, "straight_m": 5731, "detour": 1.3, "max_elev_crossed_m": 3.0, "min_depth_m": -12.9, "drying_px": 74, "drying_m": 6620, "drying_frac": 0.892}}, {"type": "Feature", "geometry": {"type": "LineString", "coordinates": [[-2.834129, 54.022643], [-2.833087, 54.022643], [-2.832046, 54.021601], [-2.832046, 54.02056], [-2.832046, 54.019518], [-2.832046, 54.018476], [-2.832046, 54.017435], [-2.832046, 54.016393], [-2.832046, 54.015351], [-2.832046, 54.01431], [-2.832046, 54.013268], [-2.832046, 54.012226], [-2.832046, 54.011185], [-2.833087, 54.010143], [-2.834129, 54.009101], [-2.835171, 54.00806], [-2.836212, 54.007018], [-2.837254, 54.005976], [-2.838296, 54.004935], [-2.839337, 54.003893], [-2.840379, 54.003893], [-2.841421, 54.003893], [-2.842462, 54.003893], [-2.843504, 54.003893], [-2.844546, 54.003893], [-2.845587, 54.003893], [-2.846629, 54.003893], [-2.847671, 54.003893], [-2.848712, 54.003893], [-2.849754, 54.003893], [-2.850796, 54.003893], [-2.851837, 54.003893], [-2.852879, 54.003893], [-2.853921, 54.003893], [-2.854962, 54.003893], [-2.856004, 54.003893], [-2.857046, 54.003893], [-2.858087, 54.002851], [-2.859129, 54.002851], [-2.860171, 54.002851], [-2.861212, 54.002851], [-2.862254, 54.002851], [-2.863296, 54.00181], [-2.864337, 54.000768], [-2.865379, 53.999726], [-2.866421, 53.998685], [-2.867462, 53.997643], [-2.868504, 53.996601], [-2.869546, 53.99556], [-2.870587, 53.994518], [-2.871629, 53.993476], [-2.871629, 53.992435], [-2.872671, 53.991393], [-2.873712, 53.990351], [-2.874754, 53.98931], [-2.875796, 53.988268], [-2.876837, 53.988268], [-2.877879, 53.987226], [-2.878921, 53.986185], [-2.879962, 53.985143], [-2.881004, 53.985143], [-2.882046, 53.985143], [-2.883087, 53.985143], [-2.884129, 53.985143], [-2.885171, 53.986185], [-2.885171, 53.987226], [-2.886212, 53.988268], [-2.886212, 53.98931], [-2.885171, 53.990351], [-2.886212, 53.991393], [-2.885171, 53.992435], [-2.886212, 53.993476], [-2.887254, 53.993476], [-2.888296, 53.994518], [-2.889337, 53.99556], [-2.890379, 53.996601], [-2.891421, 53.997643], [-2.892462, 53.998685], [-2.893504, 53.999726], [-2.894546, 54.000768], [-2.894546, 54.00181], [-2.895587, 54.002851], [-2.895587, 54.003893], [-2.895587, 54.004935], [-2.896629, 54.005976], [-2.897671, 54.007018], [-2.898712, 54.005976], [-2.899754, 54.005976], [-2.900796, 54.007018], [-2.901837, 54.00806], [-2.902879, 54.009101], [-2.902879, 54.010143], [-2.902879, 54.011185], [-2.903921, 54.012226], [-2.904962, 54.013268], [-2.903921, 54.01431], [-2.903921, 54.015351], [-2.903921, 54.016393], [-2.903921, 54.017435], [-2.904962, 54.018476], [-2.906004, 54.019518], [-2.907046, 54.02056], [-2.908087, 54.02056], [-2.909129, 54.02056], [-2.910171, 54.021601], [-2.911212, 54.02056], [-2.912254, 54.02056], [-2.913296, 54.02056], [-2.914337, 54.02056], [-2.915379, 54.02056], [-2.916421, 54.021601], [-2.917462, 54.022643], [-2.918504, 54.022643], [-2.919546, 54.022643], [-2.920587, 54.023685], [-2.921629, 54.023685], [-2.922671, 54.023685], [-2.923712, 54.023685], [-2.924754, 54.023685]]}, "properties": {"node_id": "os:node/3C23B9B4-73C4-4783-A156-1E6096142581", "lat": 54.02284, "lon": -2.83401, "dist_m": 5705, "in_scope": true, "traced": true, "path_m": 12759, "straight_m": 5705, "detour": 2.24, "max_elev_crossed_m": 4.8, "min_depth_m": -2.1, "drying_px": 80, "drying_m": 8578, "drying_frac": 0.672}}, {"type": "Feature", "geometry": {"type": "LineString", "coordinates": [[-5.525157, 56.993889], [-5.526198, 56.993889], [-5.52724, 56.993889], [-5.528282, 56.993889], [-5.529323, 56.993889], [-5.530365, 56.993889], [-5.531407, 56.993889], [-5.532448, 56.993889], [-5.53349, 56.993889], [-5.534532, 56.993889], [-5.535573, 56.993889], [-5.536615, 56.993889], [-5.537657, 56.993889], [-5.538698, 56.993889], [-5.53974, 56.993889], [-5.540782, 56.992848], [-5.541823, 56.991806], [-5.542865, 56.991806], [-5.543907, 56.991806], [-5.544948, 56.991806], [-5.54599, 56.991806], [-5.547032, 56.991806], [-5.548073, 56.991806], [-5.549115, 56.991806], [-5.550157, 56.991806], [-5.551198, 56.991806], [-5.55224, 56.991806], [-5.553282, 56.991806], [-5.554323, 56.991806], [-5.555365, 56.991806], [-5.556407, 56.991806], [-5.557448, 56.991806], [-5.55849, 56.990764], [-5.559532, 56.990764], [-5.560573, 56.990764], [-5.561615, 56.990764], [-5.562657, 56.990764], [-5.563698, 56.990764], [-5.56474, 56.990764], [-5.565782, 56.990764], [-5.566823, 56.990764], [-5.567865, 56.990764], [-5.568907, 56.990764], [-5.569948, 56.990764], [-5.57099, 56.990764], [-5.572032, 56.990764], [-5.573073, 56.990764], [-5.574115, 56.990764], [-5.575157, 56.990764], [-5.576198, 56.990764], [-5.57724, 56.990764], [-5.578282, 56.990764], [-5.579323, 56.990764], [-5.580365, 56.990764], [-5.581407, 56.990764], [-5.582448, 56.990764], [-5.58349, 56.990764], [-5.584532, 56.990764], [-5.585573, 56.989722], [-5.586615, 56.989722], [-5.587657, 56.989722], [-5.588698, 56.989722], [-5.58974, 56.989722], [-5.590782, 56.989722], [-5.591823, 56.989722], [-5.592865, 56.988681], [-5.593907, 56.988681], [-5.594948, 56.988681], [-5.59599, 56.987639], [-5.597032, 56.986598], [-5.598073, 56.985556], [-5.599115, 56.984514], [-5.600157, 56.984514], [-5.601198, 56.984514], [-5.60224, 56.984514], [-5.603282, 56.984514], [-5.604323, 56.984514], [-5.605365, 56.984514], [-5.606407, 56.984514], [-5.607448, 56.984514], [-5.60849, 56.983472], [-5.609532, 56.983472], [-5.610573, 56.983472], [-5.611615, 56.983472], [-5.612657, 56.982431], [-5.613698, 56.981389], [-5.61474, 56.980348], [-5.615782, 56.979306], [-5.615782, 56.978264]]}, "properties": {"node_id": "os:node/97BD452B-09D6-45C7-BA45-5E91FE27652A", "lat": 56.99441, "lon": -5.52464, "dist_m": 5581, "in_scope": false, "traced": true, "path_m": 6576, "straight_m": 5581, "detour": 1.18, "max_elev_crossed_m": 0.3, "min_depth_m": -61.8, "drying_px": 40, "drying_m": 2955, "drying_frac": 0.449}}, {"type": "Feature", "geometry": {"type": "LineString", "coordinates": [[-5.043615, 58.373648], [-5.042573, 58.373648], [-5.041532, 58.373648], [-5.04049, 58.373648], [-5.039448, 58.374689], [-5.038407, 58.375731], [-5.037365, 58.376773], [-5.036323, 58.377814], [-5.035282, 58.378856], [-5.03424, 58.379898], [-5.035282, 58.380939], [-5.036323, 58.381981], [-5.037365, 58.381981], [-5.038407, 58.381981], [-5.039448, 58.381981], [-5.04049, 58.383023], [-5.041532, 58.383023], [-5.042573, 58.383023], [-5.043615, 58.384064], [-5.044657, 58.384064], [-5.045698, 58.385106], [-5.04674, 58.385106], [-5.047782, 58.385106], [-5.048823, 58.385106], [-5.049865, 58.385106], [-5.050907, 58.385106], [-5.051948, 58.385106], [-5.05299, 58.386148], [-5.054032, 58.386148], [-5.055073, 58.386148], [-5.056115, 58.387189], [-5.057157, 58.387189], [-5.058198, 58.387189], [-5.05924, 58.387189], [-5.060282, 58.387189], [-5.061323, 58.388231], [-5.062365, 58.389273], [-5.063407, 58.390314], [-5.064448, 58.391356], [-5.06549, 58.391356], [-5.066532, 58.392398], [-5.067573, 58.393439], [-5.068615, 58.393439], [-5.069657, 58.393439], [-5.070698, 58.394481], [-5.07174, 58.394481], [-5.072782, 58.394481], [-5.073823, 58.394481], [-5.074865, 58.394481], [-5.075907, 58.394481], [-5.076948, 58.395523], [-5.07799, 58.395523], [-5.079032, 58.395523], [-5.080073, 58.395523], [-5.081115, 58.396564], [-5.082157, 58.397606], [-5.083198, 58.398648], [-5.08424, 58.399689], [-5.085282, 58.399689], [-5.086323, 58.399689], [-5.087365, 58.399689], [-5.088407, 58.399689], [-5.089448, 58.399689], [-5.09049, 58.400731], [-5.091532, 58.400731], [-5.092573, 58.400731], [-5.093615, 58.400731], [-5.094657, 58.400731], [-5.095698, 58.400731], [-5.09674, 58.400731], [-5.097782, 58.401773], [-5.098823, 58.402814], [-5.099865, 58.403856], [-5.100907, 58.404898], [-5.101948, 58.404898], [-5.10299, 58.404898], [-5.104032, 58.405939], [-5.105073, 58.406981], [-5.106115, 58.406981], [-5.107157, 58.406981], [-5.108198, 58.406981], [-5.10924, 58.406981], [-5.110282, 58.408023], [-5.111323, 58.409064], [-5.112365, 58.409064]]}, "properties": {"node_id": "os:node/0EE58ED8-8452-4F3D-97A7-8DB4C7DEBFAC", "lat": 58.37353, "lon": -5.0439, "dist_m": 5553, "in_scope": false, "traced": true, "path_m": 7492, "straight_m": 5553, "detour": 1.35, "max_elev_crossed_m": 3.0, "min_depth_m": -12.9, "drying_px": 76, "drying_m": 6699, "drying_frac": 0.894}}, {"type": "Feature", "geometry": {"type": "LineString", "coordinates": [[-5.220319, 56.844219], [-5.219278, 56.845261], [-5.218236, 56.845261], [-5.217194, 56.845261], [-5.216153, 56.845261], [-5.215111, 56.845261], [-5.214069, 56.845261], [-5.213028, 56.845261], [-5.211986, 56.845261], [-5.210944, 56.845261], [-5.209902, 56.845261], [-5.208861, 56.845261], [-5.207819, 56.845261], [-5.206778, 56.846302], [-5.205736, 56.846302], [-5.204694, 56.846302], [-5.203652, 56.846302], [-5.202611, 56.846302], [-5.201569, 56.846302], [-5.200528, 56.846302], [-5.199486, 56.846302], [-5.198444, 56.846302], [-5.197402, 56.846302], [-5.196361, 56.846302], [-5.195319, 56.846302], [-5.194278, 56.846302], [-5.193236, 56.846302], [-5.192194, 56.846302], [-5.191152, 56.846302], [-5.190111, 56.846302], [-5.189069, 56.846302], [-5.188028, 56.846302], [-5.186986, 56.846302], [-5.185944, 56.846302], [-5.184903, 56.846302], [-5.183861, 56.846302], [-5.182819, 56.846302], [-5.181778, 56.846302], [-5.180736, 56.846302], [-5.179694, 56.846302], [-5.178652, 56.846302], [-5.177611, 56.846302], [-5.176569, 56.846302], [-5.175528, 56.846302], [-5.174486, 56.846302], [-5.173444, 56.846302], [-5.172402, 56.846302], [-5.171361, 56.846302], [-5.170319, 56.846302], [-5.169278, 56.846302], [-5.168236, 56.846302], [-5.167194, 56.846302], [-5.166152, 56.846302], [-5.165111, 56.845261], [-5.164069, 56.844219], [-5.163028, 56.843177], [-5.161986, 56.843177], [-5.160944, 56.842136], [-5.159902, 56.841094], [-5.158861, 56.842136], [-5.157819, 56.842136], [-5.156778, 56.841094], [-5.155736, 56.841094], [-5.154694, 56.841094], [-5.153653, 56.840052], [-5.152611, 56.840052], [-5.151569, 56.839011], [-5.150528, 56.839011], [-5.149486, 56.837969], [-5.148444, 56.837969], [-5.147402, 56.837969], [-5.146361, 56.837969], [-5.145319, 56.837969], [-5.144278, 56.837969], [-5.143236, 56.837969], [-5.142194, 56.839011], [-5.141152, 56.839011], [-5.140111, 56.839011], [-5.139069, 56.839011], [-5.138028, 56.839011], [-5.136986, 56.839011], [-5.135944, 56.839011], [-5.134902, 56.837969]]}, "properties": {"node_id": "os:node/09E333C0-A135-4FAD-A022-74943AFEA581", "lat": 56.84474, "lon": -5.22084, "dist_m": 5395, "in_scope": false, "traced": true, "path_m": 6163, "straight_m": 5395, "detour": 1.14, "max_elev_crossed_m": 5.0, "min_depth_m": -26.7, "drying_px": 60, "drying_m": 4455, "drying_frac": 0.723}}, {"type": "Feature", "geometry": {"type": "LineString", "coordinates": [[-6.525769, 58.087486], [-6.524728, 58.087486], [-6.523686, 58.088528], [-6.522644, 58.088528], [-6.521603, 58.088528], [-6.520561, 58.088528], [-6.519519, 58.088528], [-6.518478, 58.08957], [-6.517436, 58.090611], [-6.516394, 58.090611], [-6.515353, 58.091653], [-6.514311, 58.092695], [-6.513269, 58.092695], [-6.512228, 58.092695], [-6.511186, 58.093736], [-6.510144, 58.093736], [-6.509103, 58.093736], [-6.508061, 58.093736], [-6.507019, 58.093736], [-6.505978, 58.093736], [-6.504936, 58.093736], [-6.503894, 58.093736], [-6.502852, 58.093736], [-6.501811, 58.093736], [-6.500769, 58.093736], [-6.499728, 58.093736], [-6.498686, 58.093736], [-6.497644, 58.093736], [-6.496603, 58.093736], [-6.495561, 58.093736], [-6.494519, 58.093736], [-6.493478, 58.093736], [-6.492436, 58.093736], [-6.491394, 58.093736], [-6.490353, 58.093736], [-6.489311, 58.093736], [-6.488269, 58.093736], [-6.487228, 58.093736], [-6.486186, 58.093736], [-6.485144, 58.093736], [-6.484103, 58.093736], [-6.483061, 58.093736], [-6.482019, 58.093736], [-6.480978, 58.093736], [-6.479936, 58.093736], [-6.478894, 58.093736], [-6.477853, 58.093736], [-6.476811, 58.093736], [-6.475769, 58.093736], [-6.474728, 58.094778], [-6.473686, 58.09582], [-6.472644, 58.09582], [-6.471602, 58.09582], [-6.470561, 58.09582], [-6.469519, 58.09582], [-6.468478, 58.09582], [-6.467436, 58.096861], [-6.466394, 58.096861], [-6.465353, 58.096861], [-6.464311, 58.096861], [-6.463269, 58.096861], [-6.462228, 58.096861], [-6.461186, 58.096861], [-6.460144, 58.096861], [-6.459103, 58.096861], [-6.458061, 58.096861], [-6.457019, 58.096861], [-6.455978, 58.097903], [-6.454936, 58.098945], [-6.453894, 58.099986], [-6.452853, 58.101028], [-6.451811, 58.10207], [-6.450769, 58.103111], [-6.449728, 58.104153], [-6.448686, 58.105195], [-6.447644, 58.106236], [-6.446603, 58.107278], [-6.445561, 58.10832]]}, "properties": {"node_id": "os:node/AAAB6710-59E5-470D-8EC1-5959C93B90CF", "lat": 58.08705, "lon": -6.52629, "dist_m": 5375, "in_scope": false, "traced": true, "path_m": 6117, "straight_m": 5375, "detour": 1.14, "max_elev_crossed_m": 0.0, "min_depth_m": -31.3, "drying_px": 60, "drying_m": 4706, "drying_frac": 0.769}}, {"type": "Feature", "geometry": {"type": "LineString", "coordinates": [[-5.532448, 56.996809], [-5.53349, 56.996809], [-5.534532, 56.996809], [-5.535573, 56.996809], [-5.536615, 56.996809], [-5.537657, 56.996809], [-5.538698, 56.996809], [-5.53974, 56.996809], [-5.540782, 56.996809], [-5.541823, 56.996809], [-5.542865, 56.996809], [-5.543907, 56.996809], [-5.544948, 56.996809], [-5.54599, 56.996809], [-5.547032, 56.996809], [-5.548073, 56.995767], [-5.549115, 56.994726], [-5.550157, 56.994726], [-5.551198, 56.994726], [-5.55224, 56.994726], [-5.553282, 56.994726], [-5.554323, 56.994726], [-5.555365, 56.994726], [-5.556407, 56.994726], [-5.557448, 56.994726], [-5.55849, 56.994726], [-5.559532, 56.994726], [-5.560573, 56.993684], [-5.561615, 56.993684], [-5.562657, 56.993684], [-5.563698, 56.993684], [-5.56474, 56.993684], [-5.565782, 56.993684], [-5.566823, 56.993684], [-5.567865, 56.993684], [-5.568907, 56.993684], [-5.569948, 56.992642], [-5.57099, 56.992642], [-5.572032, 56.992642], [-5.573073, 56.992642], [-5.574115, 56.991601], [-5.575157, 56.991601], [-5.576198, 56.991601], [-5.57724, 56.991601], [-5.578282, 56.991601], [-5.579323, 56.991601], [-5.580365, 56.991601], [-5.581407, 56.991601], [-5.582448, 56.991601], [-5.58349, 56.991601], [-5.584532, 56.991601], [-5.585573, 56.990559], [-5.586615, 56.990559], [-5.587657, 56.990559], [-5.588698, 56.990559], [-5.58974, 56.990559], [-5.590782, 56.990559], [-5.591823, 56.990559], [-5.592865, 56.989518], [-5.593907, 56.989518], [-5.594948, 56.989518], [-5.59599, 56.988476], [-5.597032, 56.987434], [-5.598073, 56.986392], [-5.599115, 56.985351], [-5.600157, 56.985351], [-5.601198, 56.985351], [-5.60224, 56.985351], [-5.603282, 56.985351], [-5.604323, 56.985351], [-5.605365, 56.985351], [-5.606407, 56.985351], [-5.607448, 56.985351], [-5.60849, 56.984309], [-5.609532, 56.984309], [-5.610573, 56.984309], [-5.611615, 56.984309], [-5.612657, 56.983268], [-5.613698, 56.983267]]}, "properties": {"node_id": "os:node/309E96AD-E68A-4742-B8E7-478E6C81262B", "lat": 56.99733, "lon": -5.53215, "dist_m": 5231, "in_scope": false, "traced": true, "path_m": 5822, "straight_m": 5231, "detour": 1.11, "max_elev_crossed_m": 0.0, "min_depth_m": -107.0, "drying_px": 55, "drying_m": 4053, "drying_frac": 0.696}}, {"type": "Feature", "geometry": {"type": "LineString", "coordinates": [[-6.674555, 58.035999], [-6.675596, 58.037041], [-6.676638, 58.038082], [-6.67768, 58.038082], [-6.678721, 58.038082], [-6.679763, 58.038082], [-6.680805, 58.038082], [-6.681846, 58.038082], [-6.682888, 58.038082], [-6.68393, 58.038082], [-6.684971, 58.038082], [-6.686013, 58.037041], [-6.687055, 58.035999], [-6.688096, 58.035999], [-6.689138, 58.034958], [-6.69018, 58.033916], [-6.691221, 58.033916], [-6.692263, 58.032874], [-6.693305, 58.031832], [-6.694346, 58.031832], [-6.695388, 58.030791], [-6.69643, 58.029749], [-6.697471, 58.029749], [-6.698513, 58.028708], [-6.699555, 58.027666], [-6.700596, 58.026624], [-6.701638, 58.025582], [-6.70268, 58.024541], [-6.703721, 58.023499], [-6.704763, 58.022458], [-6.705805, 58.021416], [-6.706846, 58.020374], [-6.707888, 58.019332], [-6.70893, 58.018291], [-6.709971, 58.017249], [-6.711013, 58.016208], [-6.711013, 58.015166], [-6.712055, 58.014124], [-6.713096, 58.013082], [-6.713096, 58.012041], [-6.713096, 58.010999], [-6.713096, 58.009958], [-6.713096, 58.008916], [-6.714138, 58.007874], [-6.714138, 58.006832], [-6.714138, 58.005791], [-6.714138, 58.004749], [-6.714138, 58.003708], [-6.714138, 58.002666], [-6.714138, 58.001624], [-6.714138, 58.000582], [-6.714138, 57.999541], [-6.714138, 57.998499], [-6.713096, 57.997458], [-6.712055, 57.996416], [-6.711013, 57.995374], [-6.709971, 57.994332]]}, "properties": {"node_id": "os:node/39C3EC1C-F583-4610-863D-F4B761E21B34", "lat": 58.03652, "lon": -6.67457, "dist_m": 5214, "in_scope": false, "traced": true, "path_m": 6296, "straight_m": 5214, "detour": 1.21, "max_elev_crossed_m": 4.1, "min_depth_m": -21.5, "drying_px": 44, "drying_m": 4860, "drying_frac": 0.772}}, {"type": "Feature", "geometry": {"type": "LineString", "coordinates": [[-5.329259, 56.525667], [-5.330301, 56.525667], [-5.331342, 56.525667], [-5.332384, 56.525667], [-5.333426, 56.525667], [-5.334467, 56.525667], [-5.335509, 56.525667], [-5.336551, 56.525667], [-5.337592, 56.525667], [-5.338634, 56.525667], [-5.339676, 56.525667], [-5.340717, 56.525667], [-5.341759, 56.525667], [-5.342801, 56.525667], [-5.343842, 56.525667], [-5.344884, 56.524626], [-5.345926, 56.523584], [-5.346967, 56.523584], [-5.348009, 56.523584], [-5.349051, 56.523584], [-5.350092, 56.523584], [-5.351134, 56.523584], [-5.352176, 56.523584], [-5.353217, 56.523584], [-5.354259, 56.523584], [-5.355301, 56.523584], [-5.356342, 56.523584], [-5.357384, 56.523584], [-5.358426, 56.523584], [-5.359467, 56.523584], [-5.360509, 56.523584], [-5.361551, 56.523584], [-5.362592, 56.522542], [-5.363634, 56.522542], [-5.364676, 56.522542], [-5.365717, 56.521501], [-5.366759, 56.521501], [-5.367801, 56.521501], [-5.368842, 56.521501], [-5.369884, 56.521501], [-5.370926, 56.521501], [-5.371967, 56.521501], [-5.373009, 56.521501], [-5.374051, 56.521501], [-5.375092, 56.521501], [-5.376134, 56.521501], [-5.377176, 56.521501], [-5.378217, 56.521501], [-5.379259, 56.521501], [-5.380301, 56.521501], [-5.381342, 56.521501], [-5.382384, 56.521501], [-5.383426, 56.521501], [-5.384467, 56.521501], [-5.385509, 56.522542], [-5.386551, 56.523584], [-5.387592, 56.524626], [-5.388634, 56.525667], [-5.389676, 56.526709], [-5.390717, 56.527751], [-5.391759, 56.528792], [-5.392801, 56.529834], [-5.393842, 56.530876], [-5.394884, 56.531917], [-5.395926, 56.532959], [-5.396967, 56.534001], [-5.398009, 56.535042], [-5.399051, 56.536084], [-5.400092, 56.537126], [-5.401134, 56.538167], [-5.402176, 56.538167], [-5.403217, 56.538167], [-5.404259, 56.538167], [-5.405301, 56.538167], [-5.406342, 56.539209], [-5.407384, 56.540251], [-5.408426, 56.540251], [-5.409467, 56.540251], [-5.410509, 56.539209]]}, "properties": {"node_id": "os:node/57665E18-105B-401F-A6B2-84BE507E24E2", "lat": 56.5259, "lon": -5.32945, "dist_m": 5201, "in_scope": false, "traced": true, "path_m": 6564, "straight_m": 5201, "detour": 1.26, "max_elev_crossed_m": 2.4, "min_depth_m": -21.5, "drying_px": 8, "drying_m": 665, "drying_frac": 0.101}}, {"type": "Feature", "geometry": {"type": "LineString", "coordinates": [[-5.331342, 56.523584], [-5.332384, 56.523584], [-5.333426, 56.523584], [-5.334467, 56.523584], [-5.335509, 56.523584], [-5.336551, 56.523584], [-5.337592, 56.523584], [-5.338634, 56.523584], [-5.339676, 56.523584], [-5.340717, 56.523584], [-5.341759, 56.523584], [-5.342801, 56.523584], [-5.343842, 56.523584], [-5.344884, 56.523584], [-5.345926, 56.523584], [-5.346967, 56.523584], [-5.348009, 56.523584], [-5.349051, 56.523584], [-5.350092, 56.523584], [-5.351134, 56.523584], [-5.352176, 56.523584], [-5.353217, 56.523584], [-5.354259, 56.523584], [-5.355301, 56.523584], [-5.356342, 56.523584], [-5.357384, 56.523584], [-5.358426, 56.523584], [-5.359467, 56.523584], [-5.360509, 56.523584], [-5.361551, 56.523584], [-5.362592, 56.523584], [-5.363634, 56.523584], [-5.364676, 56.522542], [-5.365717, 56.521501], [-5.366759, 56.521501], [-5.367801, 56.521501], [-5.368842, 56.521501], [-5.369884, 56.521501], [-5.370926, 56.521501], [-5.371967, 56.521501], [-5.373009, 56.521501], [-5.374051, 56.521501], [-5.375092, 56.521501], [-5.376134, 56.521501], [-5.377176, 56.521501], [-5.378217, 56.521501], [-5.379259, 56.521501], [-5.380301, 56.521501], [-5.381342, 56.521501], [-5.382384, 56.521501], [-5.383426, 56.521501], [-5.384467, 56.521501], [-5.385509, 56.522542], [-5.386551, 56.523584], [-5.387592, 56.524626], [-5.388634, 56.525667], [-5.389676, 56.526709], [-5.390717, 56.527751], [-5.391759, 56.528792], [-5.392801, 56.529834], [-5.393842, 56.530876], [-5.394884, 56.531917], [-5.395926, 56.532959], [-5.396967, 56.534001], [-5.398009, 56.535042], [-5.399051, 56.536084], [-5.400092, 56.537126], [-5.401134, 56.538167], [-5.402176, 56.538167], [-5.403217, 56.538167], [-5.404259, 56.538167], [-5.405301, 56.538167], [-5.406342, 56.539209], [-5.407384, 56.540251], [-5.408426, 56.540251], [-5.409467, 56.540251], [-5.410509, 56.540251], [-5.411551, 56.539209]]}, "properties": {"node_id": "os:node/5DE082AC-4DB8-405C-BFFD-4308602683D2", "lat": 56.52347, "lon": -5.3315, "dist_m": 5162, "in_scope": false, "traced": true, "path_m": 6363, "straight_m": 5162, "detour": 1.23, "max_elev_crossed_m": 2.4, "min_depth_m": -21.5, "drying_px": 11, "drying_m": 897, "drying_frac": 0.141}}, {"type": "Feature", "geometry": {"type": "LineString", "coordinates": [[-5.315251, 56.463059], [-5.316293, 56.462018], [-5.317334, 56.462018], [-5.318376, 56.462018], [-5.319418, 56.462018], [-5.320459, 56.462018], [-5.321501, 56.462018], [-5.322543, 56.462018], [-5.323584, 56.462018], [-5.324626, 56.462018], [-5.325668, 56.462018], [-5.326709, 56.462018], [-5.327751, 56.462018], [-5.328793, 56.462018], [-5.329834, 56.462018], [-5.330876, 56.462018], [-5.331918, 56.462018], [-5.332959, 56.462018], [-5.334001, 56.462018], [-5.335043, 56.462018], [-5.336084, 56.462018], [-5.337126, 56.462018], [-5.338168, 56.462018], [-5.339209, 56.462018], [-5.340251, 56.462018], [-5.341293, 56.462018], [-5.342334, 56.462018], [-5.343376, 56.462018], [-5.344418, 56.462018], [-5.345459, 56.462018], [-5.346501, 56.462018], [-5.347543, 56.462018], [-5.348584, 56.462018], [-5.349626, 56.462018], [-5.350668, 56.462018], [-5.351709, 56.462018], [-5.352751, 56.462018], [-5.353793, 56.462018], [-5.354834, 56.462018], [-5.355876, 56.462018], [-5.356918, 56.462018], [-5.357959, 56.462018], [-5.359001, 56.462018], [-5.360043, 56.460976], [-5.361084, 56.459934], [-5.362126, 56.459934], [-5.363168, 56.458893], [-5.364209, 56.458893], [-5.365251, 56.457851], [-5.366293, 56.457851], [-5.367334, 56.457851], [-5.368376, 56.457851], [-5.369418, 56.456809], [-5.370459, 56.456809], [-5.371501, 56.456809], [-5.372543, 56.456809], [-5.373584, 56.456809], [-5.374626, 56.456809], [-5.375668, 56.456809], [-5.376709, 56.456809], [-5.377751, 56.456809], [-5.378793, 56.456809], [-5.379834, 56.456809], [-5.380876, 56.456809], [-5.381918, 56.456809], [-5.382959, 56.456809], [-5.384001, 56.456809], [-5.385043, 56.456809], [-5.386084, 56.456809], [-5.387126, 56.456809], [-5.388168, 56.456809], [-5.389209, 56.456809], [-5.390251, 56.456809], [-5.391293, 56.456809], [-5.392334, 56.456809], [-5.393376, 56.456809], [-5.394418, 56.456809], [-5.395459, 56.456809], [-5.396501, 56.455768]]}, "properties": {"node_id": "os:node/6485D275-6CCF-49AB-8F8F-11DDFC9B16A7", "lat": 56.46358, "lon": -5.3149, "dist_m": 5078, "in_scope": false, "traced": true, "path_m": 5476, "straight_m": 5078, "detour": 1.08, "max_elev_crossed_m": 0.6, "min_depth_m": -50.2, "drying_px": 5, "drying_m": 347, "drying_frac": 0.063}}, {"type": "Feature", "geometry": {"type": "LineString", "coordinates": [[-4.080389, 57.948801], [-4.079348, 57.948801], [-4.078306, 57.948801], [-4.077264, 57.948801], [-4.076223, 57.948801], [-4.075181, 57.948801], [-4.074139, 57.948801], [-4.073098, 57.948801], [-4.072056, 57.948801], [-4.071014, 57.947759], [-4.069973, 57.946717], [-4.068931, 57.945676], [-4.067889, 57.944634], [-4.066848, 57.943592], [-4.065806, 57.942551], [-4.064764, 57.942551], [-4.063723, 57.942551], [-4.062681, 57.942551], [-4.061639, 57.942551], [-4.060598, 57.942551], [-4.059556, 57.942551], [-4.058514, 57.942551], [-4.057473, 57.942551], [-4.056431, 57.942551], [-4.055389, 57.942551], [-4.054348, 57.942551], [-4.053306, 57.942551], [-4.052264, 57.942551], [-4.051223, 57.942551], [-4.050181, 57.942551], [-4.049139, 57.942551], [-4.048098, 57.942551], [-4.047056, 57.942551], [-4.046014, 57.942551], [-4.044973, 57.942551], [-4.043931, 57.942551], [-4.042889, 57.942551], [-4.041848, 57.942551], [-4.040806, 57.942551], [-4.039764, 57.942551], [-4.038723, 57.941509], [-4.037681, 57.940468], [-4.036639, 57.939426], [-4.035598, 57.938384], [-4.034556, 57.937342], [-4.033514, 57.936301], [-4.032473, 57.935259], [-4.031431, 57.934217], [-4.030389, 57.933176], [-4.029348, 57.932134], [-4.028306, 57.932134], [-4.027264, 57.932134], [-4.026223, 57.932134], [-4.025181, 57.932134], [-4.024139, 57.932134], [-4.023098, 57.932134], [-4.022056, 57.932134], [-4.021014, 57.932134], [-4.019973, 57.932134], [-4.018931, 57.932134], [-4.017889, 57.932134], [-4.016848, 57.933176], [-4.015806, 57.933176], [-4.014764, 57.933176], [-4.013723, 57.933176], [-4.012681, 57.933176], [-4.011639, 57.933176], [-4.010598, 57.933176], [-4.009556, 57.933176], [-4.008514, 57.933176], [-4.007473, 57.933176], [-4.006431, 57.933176], [-4.005389, 57.932134], [-4.004348, 57.932134], [-4.003306, 57.931092], [-4.002264, 57.931092], [-4.001223, 57.931092], [-4.000181, 57.931092], [-3.999139, 57.931092]]}, "properties": {"node_id": "os:node/DB972805-62AB-4D6D-BB77-D05827689673", "lat": 57.94828, "lon": -4.08091, "dist_m": 5058, "in_scope": false, "traced": true, "path_m": 6125, "straight_m": 5058, "detour": 1.21, "max_elev_crossed_m": 4.7, "min_depth_m": -0.6, "drying_px": 61, "drying_m": 4729, "drying_frac": 0.772}}, {"type": "Feature", "geometry": {"type": "LineString", "coordinates": [[-4.266719, 57.854829], [-4.265678, 57.854829], [-4.264636, 57.854829], [-4.263594, 57.854829], [-4.262553, 57.854829], [-4.261511, 57.854829], [-4.260469, 57.854829], [-4.259428, 57.854829], [-4.258386, 57.854829], [-4.257344, 57.85587], [-4.256302, 57.856912], [-4.255261, 57.857954], [-4.254219, 57.858995], [-4.253178, 57.860037], [-4.252136, 57.861079], [-4.251094, 57.861079], [-4.250053, 57.861079], [-4.249011, 57.861079], [-4.247969, 57.861079], [-4.246928, 57.861079], [-4.245886, 57.861079], [-4.244844, 57.861079], [-4.243802, 57.861079], [-4.242761, 57.861079], [-4.241719, 57.861079], [-4.240678, 57.861079], [-4.239636, 57.861079], [-4.238594, 57.861079], [-4.237553, 57.861079], [-4.236511, 57.861079], [-4.235469, 57.861079], [-4.234428, 57.861079], [-4.233386, 57.861079], [-4.232344, 57.861079], [-4.231303, 57.861079], [-4.230261, 57.861079], [-4.229219, 57.861079], [-4.228178, 57.861079], [-4.227136, 57.861079], [-4.226094, 57.861079], [-4.225052, 57.861079], [-4.224011, 57.861079], [-4.222969, 57.861079], [-4.221928, 57.861079], [-4.220886, 57.861079], [-4.219844, 57.861079], [-4.218803, 57.861079], [-4.217761, 57.861079], [-4.216719, 57.861079], [-4.215678, 57.861079], [-4.214636, 57.861079], [-4.213594, 57.861079], [-4.212552, 57.861079], [-4.211511, 57.861079], [-4.210469, 57.861079], [-4.209428, 57.86212], [-4.208386, 57.86212], [-4.207344, 57.86212], [-4.206303, 57.863162], [-4.205261, 57.863162], [-4.204219, 57.863162], [-4.203178, 57.863162], [-4.202136, 57.863162], [-4.201094, 57.863162], [-4.200053, 57.863162], [-4.199011, 57.863162], [-4.197969, 57.863162], [-4.196928, 57.863162], [-4.195886, 57.863162], [-4.194844, 57.863162], [-4.193803, 57.863162], [-4.192761, 57.863162], [-4.191719, 57.863162], [-4.190678, 57.863162], [-4.189636, 57.863162], [-4.188594, 57.863162], [-4.187553, 57.86212]]}, "properties": {"node_id": "os:node/A7C8E600-129D-41E0-A766-6F5F3488D5D4", "lat": 57.8546, "lon": -4.26724, "dist_m": 4949, "in_scope": false, "traced": true, "path_m": 5316, "straight_m": 4949, "detour": 1.07, "max_elev_crossed_m": 0.0, "min_depth_m": -0.1, "drying_px": 76, "drying_m": 5247, "drying_frac": 0.987}}, {"type": "Feature", "geometry": {"type": "LineString", "coordinates": [[-4.992742, 58.43951], [-4.993783, 58.43951], [-4.994825, 58.43951], [-4.995867, 58.43951], [-4.996908, 58.43951], [-4.99795, 58.43951], [-4.998992, 58.43951], [-5.000033, 58.43951], [-5.001075, 58.43951], [-5.002117, 58.43951], [-5.003158, 58.43951], [-5.0042, 58.43951], [-5.005242, 58.440551], [-5.006283, 58.441593], [-5.007325, 58.442635], [-5.008367, 58.442635], [-5.009408, 58.442635], [-5.01045, 58.442635], [-5.011492, 58.442635], [-5.012533, 58.442635], [-5.013575, 58.442635], [-5.014617, 58.442635], [-5.015658, 58.442635], [-5.0167, 58.442635], [-5.017742, 58.442635], [-5.018783, 58.442635], [-5.019825, 58.443676], [-5.020867, 58.443676], [-5.021908, 58.444718], [-5.02295, 58.44576], [-5.023992, 58.44576], [-5.025033, 58.446801], [-5.026075, 58.447843], [-5.027117, 58.447843], [-5.028158, 58.448885], [-5.0292, 58.448885], [-5.030242, 58.448885], [-5.031283, 58.448885], [-5.032325, 58.449926], [-5.033367, 58.449926], [-5.034408, 58.449926], [-5.03545, 58.449926], [-5.036492, 58.450968], [-5.037533, 58.450968], [-5.038575, 58.450968], [-5.039617, 58.450968], [-5.040658, 58.450968], [-5.0417, 58.450968], [-5.042742, 58.450968], [-5.043783, 58.450968], [-5.044825, 58.45201], [-5.045867, 58.45201], [-5.046908, 58.45201], [-5.04795, 58.45201], [-5.048992, 58.45201], [-5.050033, 58.45201], [-5.051075, 58.45201], [-5.052117, 58.45201], [-5.053158, 58.45201], [-5.0542, 58.45201], [-5.055242, 58.45201], [-5.056283, 58.45201], [-5.057325, 58.45201], [-5.058367, 58.45201], [-5.059408, 58.45201], [-5.06045, 58.453051], [-5.061492, 58.453051], [-5.062533, 58.453051], [-5.063575, 58.453051], [-5.064617, 58.453051], [-5.065658, 58.453051], [-5.0667, 58.453051], [-5.067742, 58.453051], [-5.068783, 58.453051], [-5.069825, 58.453051], [-5.070867, 58.453051], [-5.071908, 58.454093], [-5.07295, 58.455135], [-5.073992, 58.456176]]}, "properties": {"node_id": "os:node/4A84AB95-2C62-41E7-90E2-E92A720090BE", "lat": 58.43996, "lon": -4.99242, "dist_m": 4934, "in_scope": false, "traced": true, "path_m": 5857, "straight_m": 4934, "detour": 1.19, "max_elev_crossed_m": 4.7, "min_depth_m": -55.7, "drying_px": 61, "drying_m": 4522, "drying_frac": 0.772}}, {"type": "Feature", "geometry": {"type": "LineString", "coordinates": [[-5.324966, 56.545102], [-5.326007, 56.54406], [-5.327049, 56.543019], [-5.328091, 56.541977], [-5.329132, 56.540935], [-5.330174, 56.539894], [-5.331216, 56.538852], [-5.332257, 56.538852], [-5.333299, 56.53781], [-5.334341, 56.536769], [-5.335382, 56.535727], [-5.336424, 56.534685], [-5.337466, 56.534685], [-5.338507, 56.534685], [-5.339549, 56.534685], [-5.340591, 56.534685], [-5.341632, 56.534685], [-5.342674, 56.533644], [-5.343716, 56.533644], [-5.344757, 56.532602], [-5.345799, 56.53156], [-5.346841, 56.530519], [-5.347882, 56.530519], [-5.348924, 56.529477], [-5.349966, 56.528435], [-5.351007, 56.528435], [-5.352049, 56.528435], [-5.353091, 56.528435], [-5.354132, 56.527394], [-5.355174, 56.527394], [-5.356216, 56.526352], [-5.357257, 56.526352], [-5.358299, 56.526352], [-5.359341, 56.52531], [-5.360382, 56.52531], [-5.361424, 56.524269], [-5.362466, 56.524269], [-5.363507, 56.523227], [-5.364549, 56.522185], [-5.365591, 56.521144], [-5.366632, 56.521144], [-5.367674, 56.521144], [-5.368716, 56.521144], [-5.369757, 56.521144], [-5.370799, 56.521144], [-5.371841, 56.521144], [-5.372882, 56.521144], [-5.373924, 56.521144], [-5.374966, 56.521144], [-5.376007, 56.521144], [-5.377049, 56.521144], [-5.378091, 56.521144], [-5.379132, 56.521144], [-5.380174, 56.521144], [-5.381216, 56.521144], [-5.382257, 56.521144], [-5.383299, 56.521144], [-5.384341, 56.521144], [-5.385382, 56.522185], [-5.386424, 56.523227], [-5.387466, 56.524269], [-5.388507, 56.52531], [-5.389549, 56.526352], [-5.390591, 56.527394], [-5.391632, 56.528435], [-5.392674, 56.529477], [-5.393716, 56.530519], [-5.394757, 56.53156], [-5.395799, 56.532602], [-5.396841, 56.533644], [-5.397882, 56.534685], [-5.398924, 56.535727], [-5.399966, 56.536769], [-5.401007, 56.53781], [-5.402049, 56.53781], [-5.403091, 56.53781], [-5.404132, 56.53781], [-5.405174, 56.53781], [-5.406216, 56.538852], [-5.407257, 56.539894], [-5.408299, 56.539894], [-5.409341, 56.539894], [-5.410382, 56.539894], [-5.411424, 56.538852]]}, "properties": {"node_id": "os:node/602ACF50-EA84-405D-B560-2EBDACEC5C56", "lat": 56.54508, "lon": -5.32447, "dist_m": 4884, "in_scope": false, "traced": true, "path_m": 8182, "straight_m": 4884, "detour": 1.68, "max_elev_crossed_m": 2.4, "min_depth_m": -21.5, "drying_px": 38, "drying_m": 3701, "drying_frac": 0.452}}, {"type": "Feature", "geometry": {"type": "LineString", "coordinates": [[-5.326007, 56.54406], [-5.326007, 56.543019], [-5.327049, 56.541977], [-5.328091, 56.540935], [-5.329132, 56.539894], [-5.330174, 56.538852], [-5.331216, 56.538852], [-5.332257, 56.53781], [-5.333299, 56.536769], [-5.334341, 56.535727], [-5.335382, 56.534685], [-5.336424, 56.534685], [-5.337466, 56.534685], [-5.338507, 56.534685], [-5.339549, 56.534685], [-5.340591, 56.534685], [-5.341632, 56.533644], [-5.342674, 56.533644], [-5.343716, 56.532602], [-5.344757, 56.53156], [-5.345799, 56.530519], [-5.346841, 56.530519], [-5.347882, 56.529477], [-5.348924, 56.528435], [-5.349966, 56.528435], [-5.351007, 56.528435], [-5.352049, 56.528435], [-5.353091, 56.527394], [-5.354132, 56.527394], [-5.355174, 56.526352], [-5.356216, 56.526352], [-5.357257, 56.526352], [-5.358299, 56.52531], [-5.359341, 56.52531], [-5.360382, 56.524269], [-5.361424, 56.524269], [-5.362466, 56.523227], [-5.363507, 56.522185], [-5.364549, 56.521144], [-5.365591, 56.521144], [-5.366632, 56.521144], [-5.367674, 56.521144], [-5.368716, 56.521144], [-5.369757, 56.521144], [-5.370799, 56.521144], [-5.371841, 56.521144], [-5.372882, 56.521144], [-5.373924, 56.521144], [-5.374966, 56.521144], [-5.376007, 56.521144], [-5.377049, 56.521144], [-5.378091, 56.521144], [-5.379132, 56.521144], [-5.380174, 56.521144], [-5.381216, 56.521144], [-5.382257, 56.521144], [-5.383299, 56.521144], [-5.384341, 56.522185], [-5.385382, 56.523227], [-5.386424, 56.524269], [-5.387466, 56.52531], [-5.388507, 56.526352], [-5.389549, 56.527394], [-5.390591, 56.528435], [-5.391632, 56.529477], [-5.392674, 56.530519], [-5.393716, 56.53156], [-5.394757, 56.532602], [-5.395799, 56.533644], [-5.396841, 56.534685], [-5.397882, 56.535727], [-5.398924, 56.536769], [-5.399966, 56.53781], [-5.401007, 56.53781], [-5.402049, 56.53781], [-5.403091, 56.53781], [-5.404132, 56.53781], [-5.405174, 56.538852], [-5.406216, 56.539894], [-5.407257, 56.539894], [-5.408299, 56.538852], [-5.409341, 56.53781], [-5.410382, 56.53781], [-5.411424, 56.538852]]}, "properties": {"node_id": "os:node/22DFA4D0-D5D8-4308-96BE-D89AF3F20B4A", "lat": 56.54438, "lon": -5.32579, "dist_m": 4875, "in_scope": false, "traced": true, "path_m": 8234, "straight_m": 4875, "detour": 1.69, "max_elev_crossed_m": 2.4, "min_depth_m": -21.5, "drying_px": 38, "drying_m": 3725, "drying_frac": 0.452}}, {"type": "Feature", "geometry": {"type": "LineString", "coordinates": [[-5.449319, 56.362521], [-5.45036, 56.363562], [-5.451402, 56.363562], [-5.452444, 56.363562], [-5.453485, 56.363562], [-5.454527, 56.363562], [-5.455569, 56.362521], [-5.45661, 56.362521], [-5.457652, 56.361479], [-5.458694, 56.360437], [-5.459735, 56.359396], [-5.460777, 56.358354], [-5.461819, 56.358354], [-5.46286, 56.357312], [-5.463902, 56.357312], [-5.464944, 56.356271], [-5.465985, 56.356271], [-5.467027, 56.356271], [-5.468069, 56.355229], [-5.46911, 56.355229], [-5.470152, 56.355229], [-5.471194, 56.355229], [-5.472235, 56.355229], [-5.473277, 56.354188], [-5.474319, 56.354188], [-5.47536, 56.354188], [-5.476402, 56.353146], [-5.477444, 56.354188], [-5.478485, 56.354188], [-5.479527, 56.354188], [-5.480569, 56.354188], [-5.48161, 56.354188], [-5.482652, 56.355229], [-5.483694, 56.355229], [-5.484735, 56.355229], [-5.485777, 56.355229], [-5.486819, 56.356271], [-5.48786, 56.356271], [-5.488902, 56.356271], [-5.489944, 56.355229], [-5.490985, 56.356271], [-5.492027, 56.356271], [-5.493069, 56.356271], [-5.49411, 56.356271], [-5.495152, 56.356271], [-5.496194, 56.355229], [-5.497235, 56.355229], [-5.498277, 56.354188], [-5.499319, 56.354188], [-5.50036, 56.354188], [-5.501402, 56.353146], [-5.502444, 56.352104], [-5.503485, 56.352104], [-5.504527, 56.352104], [-5.505569, 56.352104], [-5.50661, 56.352104], [-5.507652, 56.351062], [-5.508694, 56.350021], [-5.509735, 56.348979], [-5.510777, 56.347938], [-5.511819, 56.346896], [-5.51286, 56.345854], [-5.513902, 56.346896], [-5.514944, 56.345854], [-5.515985, 56.345854], [-5.517027, 56.345854], [-5.518069, 56.344812], [-5.51911, 56.343771], [-5.520152, 56.343771], [-5.521194, 56.343771], [-5.522235, 56.344812], [-5.523277, 56.344812], [-5.524319, 56.343771], [-5.52536, 56.344812], [-5.526402, 56.344812], [-5.527444, 56.345854], [-5.527444, 56.346896]]}, "properties": {"node_id": "os:node/8E06BBDB-775F-4FF9-8CF0-427A3FED937D", "lat": 56.362, "lon": -5.44967, "dist_m": 4866, "in_scope": false, "traced": true, "path_m": 7257, "straight_m": 4866, "detour": 1.49, "max_elev_crossed_m": 4.5, "min_depth_m": -47.3, "drying_px": 50, "drying_m": 4712, "drying_frac": 0.649}}, {"type": "Feature", "geometry": {"type": "LineString", "coordinates": [[-1.270595, 60.349531], [-1.271637, 60.350573], [-1.272679, 60.351614], [-1.27372, 60.351614], [-1.274762, 60.352656], [-1.275804, 60.352656], [-1.276845, 60.352656], [-1.277887, 60.352656], [-1.278929, 60.353698], [-1.27997, 60.353698], [-1.281012, 60.353698], [-1.282054, 60.353698], [-1.283095, 60.353698], [-1.284137, 60.353698], [-1.285179, 60.354739], [-1.28622, 60.354739], [-1.287262, 60.355781], [-1.288304, 60.355781], [-1.289345, 60.356823], [-1.290387, 60.357864], [-1.291429, 60.357864], [-1.291429, 60.358906], [-1.29247, 60.359948], [-1.293512, 60.360989], [-1.294554, 60.362031], [-1.295595, 60.363073], [-1.296637, 60.364114], [-1.297679, 60.364114], [-1.29872, 60.364114], [-1.299762, 60.364114], [-1.300804, 60.364114], [-1.301845, 60.364114], [-1.302887, 60.364114], [-1.303929, 60.364114], [-1.30497, 60.364114], [-1.306012, 60.364114], [-1.307054, 60.364114], [-1.308095, 60.364114], [-1.309137, 60.364114], [-1.310179, 60.364114], [-1.31122, 60.364114], [-1.312262, 60.364114], [-1.313304, 60.364114], [-1.314345, 60.364114], [-1.315387, 60.364114], [-1.316429, 60.364114], [-1.31747, 60.364114], [-1.318512, 60.363073], [-1.319554, 60.363073], [-1.320595, 60.363073], [-1.321637, 60.363073], [-1.322679, 60.363073], [-1.32372, 60.363073], [-1.324762, 60.363073], [-1.325804, 60.363073], [-1.326845, 60.363073], [-1.327887, 60.363073], [-1.328929, 60.363073], [-1.32997, 60.363073], [-1.331012, 60.363073], [-1.332054, 60.363073], [-1.333095, 60.363073], [-1.334137, 60.363073], [-1.335179, 60.364114], [-1.33622, 60.365156], [-1.337262, 60.365156], [-1.338304, 60.365156], [-1.339345, 60.365156], [-1.340387, 60.365156], [-1.341429, 60.365156], [-1.34247, 60.365156], [-1.343512, 60.365156], [-1.344554, 60.365156], [-1.345595, 60.365156], [-1.346637, 60.365156], [-1.347679, 60.365156], [-1.34872, 60.366198], [-1.349762, 60.366198]]}, "properties": {"node_id": "os:node/4186771B-D1FC-461F-ABAD-D7044A1C3AEC", "lat": 60.34995, "lon": -1.27071, "dist_m": 4862, "in_scope": false, "traced": true, "path_m": 5700, "straight_m": 4862, "detour": 1.17, "max_elev_crossed_m": 3.1, "min_depth_m": -14.6, "drying_px": 42, "drying_m": 3069, "drying_frac": 0.538}}, {"type": "Feature", "geometry": {"type": "LineString", "coordinates": [[-5.45036, 56.362529], [-5.451402, 56.363571], [-5.452444, 56.362529], [-5.453485, 56.362529], [-5.454527, 56.362529], [-5.455569, 56.362529], [-5.45661, 56.362529], [-5.457652, 56.361487], [-5.458694, 56.360446], [-5.459735, 56.359404], [-5.460777, 56.358362], [-5.461819, 56.358362], [-5.46286, 56.357321], [-5.463902, 56.357321], [-5.464944, 56.356279], [-5.465985, 56.356279], [-5.467027, 56.356279], [-5.468069, 56.355238], [-5.46911, 56.355238], [-5.470152, 56.355238], [-5.471194, 56.355238], [-5.472235, 56.355238], [-5.473277, 56.354196], [-5.474319, 56.354196], [-5.47536, 56.354196], [-5.476402, 56.353154], [-5.477444, 56.354196], [-5.478485, 56.354196], [-5.479527, 56.354196], [-5.480569, 56.354196], [-5.48161, 56.354196], [-5.482652, 56.355238], [-5.483694, 56.355238], [-5.484735, 56.355238], [-5.485777, 56.355238], [-5.486819, 56.356279], [-5.48786, 56.356279], [-5.488902, 56.356279], [-5.489944, 56.355238], [-5.490985, 56.356279], [-5.492027, 56.356279], [-5.493069, 56.356279], [-5.49411, 56.356279], [-5.495152, 56.356279], [-5.496194, 56.355238], [-5.497235, 56.355238], [-5.498277, 56.354196], [-5.499319, 56.354196], [-5.50036, 56.354196], [-5.501402, 56.353154], [-5.502444, 56.352112], [-5.503485, 56.352112], [-5.504527, 56.352112], [-5.505569, 56.352112], [-5.50661, 56.352112], [-5.507652, 56.351071], [-5.508694, 56.350029], [-5.509735, 56.348988], [-5.510777, 56.347946], [-5.511819, 56.346904], [-5.51286, 56.345862], [-5.513902, 56.346904], [-5.514944, 56.345862], [-5.515985, 56.345862], [-5.517027, 56.345862], [-5.518069, 56.344821], [-5.51911, 56.343779], [-5.520152, 56.343779], [-5.521194, 56.343779], [-5.522235, 56.344821], [-5.523277, 56.344821], [-5.524319, 56.343779], [-5.52536, 56.344821], [-5.526402, 56.344821], [-5.527444, 56.345862], [-5.527444, 56.346904]]}, "properties": {"node_id": "os:node/599BD9D3-BAD6-4BF3-A8C7-904D2DC6ED20", "lat": 56.36305, "lon": -5.45059, "dist_m": 4849, "in_scope": false, "traced": true, "path_m": 7192, "straight_m": 4849, "detour": 1.48, "max_elev_crossed_m": 4.5, "min_depth_m": -47.3, "drying_px": 49, "drying_m": 4637, "drying_frac": 0.645}}, {"type": "Feature", "geometry": {"type": "LineString", "coordinates": [[-3.118799, 54.109489], [-3.117758, 54.108448], [-3.117758, 54.107406], [-3.116716, 54.106364], [-3.115674, 54.105323], [-3.115674, 54.104281], [-3.114633, 54.103239], [-3.113591, 54.102198], [-3.112549, 54.101156], [-3.111508, 54.100114], [-3.110466, 54.099073], [-3.109424, 54.098031], [-3.108383, 54.096989], [-3.107341, 54.095948], [-3.107341, 54.094906], [-3.106299, 54.093864], [-3.106299, 54.092823], [-3.106299, 54.091781], [-3.105258, 54.090739], [-3.104216, 54.089698], [-3.103174, 54.088656], [-3.103174, 54.087614], [-3.103174, 54.086573], [-3.103174, 54.085531], [-3.103174, 54.084489], [-3.103174, 54.083448], [-3.103174, 54.082406], [-3.103174, 54.081364], [-3.103174, 54.080323], [-3.103174, 54.079281], [-3.103174, 54.078239], [-3.104216, 54.077198], [-3.104216, 54.076156], [-3.105258, 54.075114], [-3.106299, 54.074073], [-3.107341, 54.073031], [-3.108383, 54.071989], [-3.108383, 54.070948], [-3.109424, 54.069906], [-3.110466, 54.068864]]}, "properties": {"node_id": "os:node/C5ED3C9C-BFF2-4F19-9D38-B33BF3BAD2A3", "lat": 54.11001, "lon": -3.11932, "dist_m": 4713, "in_scope": true, "traced": true, "path_m": 4928, "straight_m": 4713, "detour": 1.05, "max_elev_crossed_m": 4.5, "min_depth_m": -0.5, "drying_px": 33, "drying_m": 4066, "drying_frac": 0.825}}, {"type": "Feature", "geometry": {"type": "LineString", "coordinates": [[-5.08491, 57.846963], [-5.085951, 57.848004], [-5.086993, 57.849046], [-5.088035, 57.850088], [-5.089076, 57.851129], [-5.090118, 57.852171], [-5.09116, 57.853213], [-5.092201, 57.854254], [-5.093243, 57.855296], [-5.094285, 57.856338], [-5.095326, 57.857379], [-5.096368, 57.858421], [-5.09741, 57.859463], [-5.098451, 57.859463], [-5.099493, 57.859463], [-5.100535, 57.859463], [-5.101576, 57.859463], [-5.102618, 57.859463], [-5.10366, 57.859463], [-5.104701, 57.859463], [-5.105743, 57.860504], [-5.106785, 57.861546], [-5.107826, 57.862588], [-5.108868, 57.863629], [-5.10991, 57.864671], [-5.110951, 57.865713], [-5.111993, 57.866754], [-5.113035, 57.867796], [-5.114076, 57.868838], [-5.115118, 57.869879], [-5.11616, 57.870921], [-5.117201, 57.871963], [-5.118243, 57.873004], [-5.119285, 57.874046], [-5.120326, 57.875088], [-5.121368, 57.876129], [-5.12241, 57.877171], [-5.123451, 57.877171], [-5.124493, 57.877171], [-5.125535, 57.877171], [-5.126576, 57.877171], [-5.127618, 57.878213], [-5.12866, 57.878213], [-5.129701, 57.878213], [-5.130743, 57.878213], [-5.131785, 57.878213], [-5.132826, 57.877171], [-5.133868, 57.877171], [-5.13491, 57.878213], [-5.135951, 57.878213], [-5.136993, 57.878213]]}, "properties": {"node_id": "os:node/B73400D1-5FFB-4006-A97B-CCB3B24E38E7", "lat": 57.84662, "lon": -5.08457, "dist_m": 4706, "in_scope": false, "traced": true, "path_m": 5314, "straight_m": 4706, "detour": 1.13, "max_elev_crossed_m": 3.4, "min_depth_m": -41.7, "drying_px": 15, "drying_m": 1563, "drying_frac": 0.294}}, {"type": "Feature", "geometry": {"type": "LineString", "coordinates": [[-5.454735, 56.365794], [-5.454735, 56.364752], [-5.455776, 56.36371], [-5.456818, 56.36371], [-5.45786, 56.362669], [-5.458901, 56.361627], [-5.459943, 56.360585], [-5.460985, 56.359544], [-5.462026, 56.359544], [-5.463068, 56.358502], [-5.46411, 56.358502], [-5.465151, 56.35746], [-5.466193, 56.35746], [-5.467235, 56.35746], [-5.468276, 56.356419], [-5.469318, 56.356419], [-5.47036, 56.356419], [-5.471401, 56.356419], [-5.472443, 56.356419], [-5.473485, 56.355377], [-5.474526, 56.355377], [-5.475568, 56.355377], [-5.47661, 56.354335], [-5.477651, 56.355377], [-5.478693, 56.355377], [-5.479735, 56.355377], [-5.480776, 56.355377], [-5.481818, 56.355377], [-5.48286, 56.356419], [-5.483901, 56.356419], [-5.484943, 56.356419], [-5.485985, 56.356419], [-5.487026, 56.35746], [-5.488068, 56.35746], [-5.48911, 56.35746], [-5.490151, 56.356419], [-5.491193, 56.35746], [-5.492235, 56.35746], [-5.493276, 56.35746], [-5.494318, 56.35746], [-5.49536, 56.35746], [-5.496401, 56.356419], [-5.497443, 56.356419], [-5.498485, 56.355377], [-5.499526, 56.355377], [-5.500568, 56.355377], [-5.50161, 56.354335], [-5.502651, 56.353294], [-5.503693, 56.353294], [-5.504735, 56.353294], [-5.505776, 56.353294], [-5.506818, 56.353294], [-5.50786, 56.352252], [-5.508901, 56.35121], [-5.509943, 56.350169], [-5.510985, 56.349127], [-5.512026, 56.348085], [-5.513068, 56.347044], [-5.51411, 56.348085], [-5.515151, 56.347044], [-5.516193, 56.347044], [-5.517235, 56.347044], [-5.518276, 56.346002], [-5.519318, 56.34496], [-5.52036, 56.34496], [-5.521401, 56.34496], [-5.522443, 56.346002], [-5.523485, 56.346002], [-5.524526, 56.34496], [-5.525568, 56.346002], [-5.52661, 56.346002], [-5.527651, 56.347044], [-5.527651, 56.348085]]}, "properties": {"node_id": "os:node/8DB48CC0-9EC1-47AE-9635-72A5E2F16F09", "lat": 56.36596, "lon": -5.45427, "dist_m": 4706, "in_scope": false, "traced": true, "path_m": 6983, "straight_m": 4706, "detour": 1.48, "max_elev_crossed_m": 4.5, "min_depth_m": -47.3, "drying_px": 48, "drying_m": 4591, "drying_frac": 0.658}}, {"type": "Feature", "geometry": {"type": "LineString", "coordinates": [[-5.110195, 56.688026], [-5.111237, 56.688026], [-5.112279, 56.688026], [-5.11332, 56.688026], [-5.114362, 56.688026], [-5.115404, 56.688026], [-5.116445, 56.688026], [-5.117487, 56.688026], [-5.118529, 56.688026], [-5.11957, 56.688026], [-5.120612, 56.688026], [-5.121654, 56.686984], [-5.122695, 56.688026], [-5.123737, 56.686984], [-5.124779, 56.688026], [-5.12582, 56.688026], [-5.126862, 56.688026], [-5.127904, 56.688026], [-5.128945, 56.688026], [-5.129987, 56.688026], [-5.131029, 56.688026], [-5.13207, 56.688026], [-5.133112, 56.688026], [-5.134154, 56.688026], [-5.135195, 56.688026], [-5.136237, 56.688026], [-5.137279, 56.686984], [-5.13832, 56.686984], [-5.139362, 56.686984], [-5.140404, 56.685942], [-5.141445, 56.685942], [-5.142487, 56.684901], [-5.143529, 56.684901], [-5.14457, 56.684901], [-5.145612, 56.683859], [-5.146654, 56.683859], [-5.147695, 56.683859], [-5.148737, 56.683859], [-5.149779, 56.683859], [-5.15082, 56.682817], [-5.151862, 56.681776], [-5.152904, 56.680734], [-5.153945, 56.680734], [-5.154987, 56.680734], [-5.156029, 56.680734], [-5.15707, 56.681776], [-5.158112, 56.682817], [-5.159154, 56.683859], [-5.160195, 56.684901], [-5.161237, 56.684901], [-5.162279, 56.684901], [-5.16332, 56.683859], [-5.164362, 56.683859], [-5.165404, 56.684901], [-5.166445, 56.684901], [-5.167487, 56.685942], [-5.168529, 56.686984], [-5.16957, 56.686984], [-5.170612, 56.686984], [-5.171654, 56.686984], [-5.172695, 56.688026], [-5.173737, 56.688026], [-5.174779, 56.688026], [-5.17582, 56.688026], [-5.176862, 56.689067], [-5.177904, 56.688026], [-5.178945, 56.688026], [-5.179987, 56.688026], [-5.181029, 56.688026], [-5.18207, 56.689067], [-5.183112, 56.689067], [-5.184154, 56.690109], [-5.185195, 56.690109], [-5.186237, 56.691151], [-5.187279, 56.690109], [-5.18832, 56.690109], [-5.189362, 56.690109], [-5.190404, 56.690109]]}, "properties": {"node_id": "os:node/0C62FFE5-06C2-4AEA-80C3-9F452DD36868", "lat": 56.68848, "lon": -5.11038, "dist_m": 4638, "in_scope": false, "traced": true, "path_m": 6688, "straight_m": 4638, "detour": 1.44, "max_elev_crossed_m": 3.2, "min_depth_m": -76.8, "drying_px": 30, "drying_m": 2572, "drying_frac": 0.385}}, {"type": "Feature", "geometry": {"type": "LineString", "coordinates": [[-5.322543, 56.463529], [-5.323584, 56.463529], [-5.324626, 56.463529], [-5.325668, 56.463529], [-5.326709, 56.463529], [-5.327751, 56.463529], [-5.328793, 56.463529], [-5.329834, 56.463529], [-5.330876, 56.463529], [-5.331918, 56.463529], [-5.332959, 56.463529], [-5.334001, 56.463529], [-5.335043, 56.463529], [-5.336084, 56.463529], [-5.337126, 56.463529], [-5.338168, 56.462487], [-5.339209, 56.461446], [-5.340251, 56.461446], [-5.341293, 56.461446], [-5.342334, 56.461446], [-5.343376, 56.461446], [-5.344418, 56.461446], [-5.345459, 56.461446], [-5.346501, 56.461446], [-5.347543, 56.461446], [-5.348584, 56.461446], [-5.349626, 56.461446], [-5.350668, 56.461446], [-5.351709, 56.461446], [-5.352751, 56.461446], [-5.353793, 56.461446], [-5.354834, 56.461446], [-5.355876, 56.460404], [-5.356918, 56.460404], [-5.357959, 56.460404], [-5.359001, 56.460404], [-5.360043, 56.460404], [-5.361084, 56.459362], [-5.362126, 56.459362], [-5.363168, 56.458321], [-5.364209, 56.458321], [-5.365251, 56.457279], [-5.366293, 56.457279], [-5.367334, 56.457279], [-5.368376, 56.457279], [-5.369418, 56.456238], [-5.370459, 56.456238], [-5.371501, 56.456238], [-5.372543, 56.456238], [-5.373584, 56.456238], [-5.374626, 56.456238], [-5.375668, 56.456238], [-5.376709, 56.456238], [-5.377751, 56.456238], [-5.378793, 56.456238], [-5.379834, 56.456238], [-5.380876, 56.456238], [-5.381918, 56.456238], [-5.382959, 56.456238], [-5.384001, 56.456238], [-5.385043, 56.456238], [-5.386084, 56.456238], [-5.387126, 56.456238], [-5.388168, 56.456238], [-5.389209, 56.456238], [-5.390251, 56.456238], [-5.391293, 56.456238], [-5.392334, 56.456238], [-5.393376, 56.456238], [-5.394418, 56.456238], [-5.395459, 56.456238], [-5.396501, 56.455196]]}, "properties": {"node_id": "os:node/56421941-4094-4DC2-BA09-826187940134", "lat": 56.46405, "lon": -5.32272, "dist_m": 4619, "in_scope": false, "traced": true, "path_m": 5096, "straight_m": 4619, "detour": 1.1, "max_elev_crossed_m": 1.0, "min_depth_m": -50.8, "drying_px": 8, "drying_m": 566, "drying_frac": 0.111}}, {"type": "Feature", "geometry": {"type": "LineString", "coordinates": [[-1.271637, 60.355781], [-1.272679, 60.354739], [-1.27372, 60.354739], [-1.274762, 60.354739], [-1.275804, 60.354739], [-1.276845, 60.354739], [-1.277887, 60.354739], [-1.278929, 60.354739], [-1.27997, 60.354739], [-1.281012, 60.354739], [-1.282054, 60.354739], [-1.283095, 60.354739], [-1.284137, 60.354739], [-1.285179, 60.354739], [-1.28622, 60.354739], [-1.287262, 60.355781], [-1.288304, 60.355781], [-1.289345, 60.356823], [-1.290387, 60.357864], [-1.291429, 60.357864], [-1.291429, 60.358906], [-1.29247, 60.359948], [-1.293512, 60.360989], [-1.294554, 60.362031], [-1.295595, 60.363073], [-1.296637, 60.364114], [-1.297679, 60.364114], [-1.29872, 60.364114], [-1.299762, 60.364114], [-1.300804, 60.364114], [-1.301845, 60.364114], [-1.302887, 60.364114], [-1.303929, 60.364114], [-1.30497, 60.364114], [-1.306012, 60.364114], [-1.307054, 60.364114], [-1.308095, 60.364114], [-1.309137, 60.364114], [-1.310179, 60.364114], [-1.31122, 60.364114], [-1.312262, 60.364114], [-1.313304, 60.364114], [-1.314345, 60.364114], [-1.315387, 60.364114], [-1.316429, 60.364114], [-1.31747, 60.364114], [-1.318512, 60.363073], [-1.319554, 60.363073], [-1.320595, 60.363073], [-1.321637, 60.363073], [-1.322679, 60.363073], [-1.32372, 60.363073], [-1.324762, 60.363073], [-1.325804, 60.363073], [-1.326845, 60.363073], [-1.327887, 60.363073], [-1.328929, 60.363073], [-1.32997, 60.363073], [-1.331012, 60.363073], [-1.332054, 60.363073], [-1.333095, 60.363073], [-1.334137, 60.363073], [-1.335179, 60.364114], [-1.33622, 60.365156], [-1.337262, 60.365156], [-1.338304, 60.365156], [-1.339345, 60.365156], [-1.340387, 60.365156], [-1.341429, 60.365156], [-1.34247, 60.365156], [-1.343512, 60.365156], [-1.344554, 60.365156], [-1.345595, 60.365156], [-1.346637, 60.365156], [-1.347679, 60.365156], [-1.34872, 60.366198], [-1.349762, 60.366198]]}, "properties": {"node_id": "os:node/1ECE96F9-9DDE-4331-BCF6-771E4AE98708", "lat": 60.35534, "lon": -1.27176, "dist_m": 4610, "in_scope": false, "traced": true, "path_m": 5354, "straight_m": 4610, "detour": 1.16, "max_elev_crossed_m": 6.0, "min_depth_m": -14.6, "drying_px": 42, "drying_m": 2920, "drying_frac": 0.545}}, {"type": "Feature", "geometry": {"type": "LineString", "coordinates": [[-5.112279, 56.686984], [-5.11332, 56.686984], [-5.114362, 56.686984], [-5.115404, 56.686984], [-5.116445, 56.686984], [-5.117487, 56.686984], [-5.118529, 56.686984], [-5.11957, 56.686984], [-5.120612, 56.686984], [-5.121654, 56.686984], [-5.122695, 56.688026], [-5.123737, 56.686984], [-5.124779, 56.688026], [-5.12582, 56.688026], [-5.126862, 56.688026], [-5.127904, 56.688026], [-5.128945, 56.688026], [-5.129987, 56.688026], [-5.131029, 56.688026], [-5.13207, 56.688026], [-5.133112, 56.688026], [-5.134154, 56.688026], [-5.135195, 56.688026], [-5.136237, 56.688026], [-5.137279, 56.686984], [-5.13832, 56.686984], [-5.139362, 56.686984], [-5.140404, 56.685942], [-5.141445, 56.685942], [-5.142487, 56.684901], [-5.143529, 56.684901], [-5.14457, 56.684901], [-5.145612, 56.683859], [-5.146654, 56.683859], [-5.147695, 56.683859], [-5.148737, 56.683859], [-5.149779, 56.683859], [-5.15082, 56.682817], [-5.151862, 56.681776], [-5.152904, 56.680734], [-5.153945, 56.680734], [-5.154987, 56.680734], [-5.156029, 56.680734], [-5.15707, 56.681776], [-5.158112, 56.682817], [-5.159154, 56.683859], [-5.160195, 56.684901], [-5.161237, 56.684901], [-5.162279, 56.684901], [-5.16332, 56.683859], [-5.164362, 56.683859], [-5.165404, 56.684901], [-5.166445, 56.684901], [-5.167487, 56.685942], [-5.168529, 56.686984], [-5.16957, 56.686984], [-5.170612, 56.686984], [-5.171654, 56.686984], [-5.172695, 56.688026], [-5.173737, 56.688026], [-5.174779, 56.688026], [-5.17582, 56.688026], [-5.176862, 56.689067], [-5.177904, 56.688026], [-5.178945, 56.688026], [-5.179987, 56.688026], [-5.181029, 56.688026], [-5.18207, 56.689067], [-5.183112, 56.689067], [-5.184154, 56.690109], [-5.185195, 56.690109], [-5.186237, 56.691151], [-5.187279, 56.690109], [-5.18832, 56.690109], [-5.189362, 56.690109], [-5.190404, 56.690109]]}, "properties": {"node_id": "os:node/F0CF2E86-DD96-425B-8B9F-081D358D9A5C", "lat": 56.68683, "lon": -5.11179, "dist_m": 4580, "in_scope": false, "traced": true, "path_m": 6492, "straight_m": 4580, "detour": 1.42, "max_elev_crossed_m": 3.2, "min_depth_m": -76.8, "drying_px": 30, "drying_m": 2563, "drying_frac": 0.395}}, {"type": "Feature", "geometry": {"type": "LineString", "coordinates": [[-1.481951, 60.280196], [-1.48091, 60.280196], [-1.479868, 60.281238], [-1.478826, 60.28228], [-1.477785, 60.283321], [-1.476743, 60.284363], [-1.476743, 60.285405], [-1.476743, 60.286446], [-1.476743, 60.287488], [-1.477785, 60.28853], [-1.478826, 60.289571], [-1.479868, 60.290613], [-1.48091, 60.291655], [-1.481951, 60.292696], [-1.48091, 60.293738], [-1.481951, 60.29478], [-1.482993, 60.295821], [-1.484035, 60.296863], [-1.485076, 60.297905], [-1.485076, 60.298946], [-1.486118, 60.299988], [-1.48716, 60.30103], [-1.48716, 60.302071], [-1.488201, 60.303113], [-1.488201, 60.304155], [-1.488201, 60.305196], [-1.489243, 60.306238], [-1.490285, 60.30728], [-1.491326, 60.308321], [-1.492368, 60.309363], [-1.492368, 60.310405], [-1.492368, 60.311446], [-1.491326, 60.312488], [-1.491326, 60.31353], [-1.491326, 60.314571], [-1.492368, 60.315613], [-1.49341, 60.316655], [-1.494451, 60.317696], [-1.494451, 60.318738], [-1.495493, 60.31978], [-1.495493, 60.320821], [-1.496535, 60.321863]]}, "properties": {"node_id": "os:node/26D0A6AC-9158-4646-BBAA-67CD65F34E4D", "lat": 60.28002, "lon": -1.48171, "dist_m": 4369, "in_scope": false, "traced": true, "path_m": 5059, "straight_m": 4369, "detour": 1.16, "max_elev_crossed_m": 4.3, "min_depth_m": -5.8, "drying_px": 29, "drying_m": 3493, "drying_frac": 0.69}}, {"type": "Feature", "geometry": {"type": "LineString", "coordinates": [[-2.602243, 51.620901], [-2.603285, 51.621942], [-2.604327, 51.621942], [-2.605368, 51.621942], [-2.60641, 51.621942], [-2.607452, 51.621942], [-2.608493, 51.621942], [-2.609535, 51.621942], [-2.610577, 51.621942], [-2.611618, 51.621942], [-2.61266, 51.621942], [-2.613702, 51.621942], [-2.614743, 51.621942], [-2.615785, 51.621942], [-2.616827, 51.621942], [-2.617868, 51.621942], [-2.61891, 51.621942], [-2.619952, 51.621942], [-2.620993, 51.621942], [-2.622035, 51.621942], [-2.623077, 51.621942], [-2.624118, 51.621942], [-2.62516, 51.621942], [-2.626202, 51.621942], [-2.627243, 51.621942], [-2.628285, 51.621942], [-2.629327, 51.621942], [-2.630368, 51.620901], [-2.63141, 51.619859], [-2.632452, 51.619859], [-2.633493, 51.618817], [-2.634535, 51.617776], [-2.635577, 51.616734], [-2.636618, 51.615692], [-2.63766, 51.614651], [-2.638702, 51.613609], [-2.639743, 51.612568], [-2.640785, 51.611526], [-2.641827, 51.610484], [-2.642868, 51.610484], [-2.64391, 51.610484], [-2.644952, 51.610484], [-2.645993, 51.610484], [-2.647035, 51.609442], [-2.648077, 51.609442], [-2.649118, 51.608401], [-2.649118, 51.607359], [-2.649118, 51.606317], [-2.649118, 51.605276], [-2.649118, 51.604234], [-2.65016, 51.603192], [-2.651202, 51.602151], [-2.651202, 51.601109], [-2.652243, 51.600067], [-2.652243, 51.599026], [-2.652243, 51.597984], [-2.652243, 51.596942]]}, "properties": {"node_id": "os:node/7A7BA7EE-38FF-49FC-90DC-0755820D6E3D", "lat": 51.62038, "lon": -2.6023, "dist_m": 4340, "in_scope": true, "traced": true, "path_m": 5480, "straight_m": 4340, "detour": 1.26, "max_elev_crossed_m": 2.9, "min_depth_m": -0.6, "drying_px": 30, "drying_m": 2884, "drying_frac": 0.526}}, {"type": "Feature", "geometry": {"type": "LineString", "coordinates": [[-5.796746, 56.792964], [-5.797788, 56.792964], [-5.798829, 56.792964], [-5.799871, 56.792964], [-5.800913, 56.792964], [-5.801954, 56.792964], [-5.802996, 56.792964], [-5.804038, 56.792964], [-5.805079, 56.792964], [-5.806121, 56.792964], [-5.807163, 56.792964], [-5.808204, 56.792964], [-5.809246, 56.792964], [-5.810288, 56.792964], [-5.811329, 56.791922], [-5.812371, 56.791922], [-5.813413, 56.79088], [-5.814454, 56.79088], [-5.815496, 56.79088], [-5.816538, 56.79088], [-5.817579, 56.79088], [-5.818621, 56.79088], [-5.819663, 56.789839], [-5.820704, 56.789839], [-5.821746, 56.788797], [-5.822788, 56.787755], [-5.823829, 56.786714], [-5.823829, 56.785672], [-5.824871, 56.78463], [-5.825913, 56.783589], [-5.826954, 56.783589], [-5.827996, 56.782547], [-5.829038, 56.782547], [-5.830079, 56.782547], [-5.831121, 56.782547], [-5.832163, 56.782547], [-5.833204, 56.782547], [-5.834246, 56.782547], [-5.835288, 56.782547], [-5.836329, 56.782547], [-5.837371, 56.782547], [-5.838413, 56.782547], [-5.839454, 56.782547], [-5.840496, 56.782547], [-5.841538, 56.782547], [-5.842579, 56.782547], [-5.843621, 56.782547], [-5.844663, 56.782547], [-5.845704, 56.782547], [-5.846746, 56.782547], [-5.847788, 56.782547], [-5.848829, 56.782547], [-5.849871, 56.782547], [-5.850913, 56.782547], [-5.851954, 56.782547], [-5.852996, 56.783589], [-5.854038, 56.783589], [-5.855079, 56.783589], [-5.856121, 56.783589], [-5.857163, 56.783589], [-5.858204, 56.783589], [-5.859246, 56.783589], [-5.860288, 56.783589], [-5.861329, 56.783589], [-5.862371, 56.783589], [-5.863413, 56.783589], [-5.864454, 56.783589], [-5.865496, 56.783589], [-5.866538, 56.783589], [-5.867579, 56.783589], [-5.868621, 56.783589], [-5.869663, 56.783589], [-5.870704, 56.783589], [-5.871746, 56.78463], [-5.872788, 56.785672], [-5.873829, 56.786714], [-5.874871, 56.786714], [-5.875913, 56.787755], [-5.876954, 56.786714], [-5.877996, 56.786714], [-5.879038, 56.787755], [-5.879038, 56.788797], [-5.880079, 56.789839], [-5.881121, 56.79088], [-5.882163, 56.791922], [-5.883204, 56.79088], [-5.884246, 56.789839]]}, "properties": {"node_id": "os:node/2E93A3A5-A340-421E-8454-1D91D3BCF81F", "lat": 56.79303, "lon": -5.79695, "dist_m": 4291, "in_scope": false, "traced": true, "path_m": 7009, "straight_m": 4291, "detour": 1.63, "max_elev_crossed_m": 1.2, "min_depth_m": -34.1, "drying_px": 39, "drying_m": 3142, "drying_frac": 0.448}}, {"type": "Feature", "geometry": {"type": "LineString", "coordinates": [[-5.597894, 56.689179], [-5.598936, 56.688138], [-5.599978, 56.688138], [-5.601019, 56.689179], [-5.602061, 56.689179], [-5.603103, 56.689179], [-5.604144, 56.689179], [-5.605186, 56.688138], [-5.606228, 56.688138], [-5.607269, 56.688138], [-5.608311, 56.688138], [-5.609353, 56.688138], [-5.610394, 56.688138], [-5.611436, 56.688138], [-5.612478, 56.688138], [-5.613519, 56.687096], [-5.614561, 56.686054], [-5.615603, 56.685012], [-5.616644, 56.683971], [-5.617686, 56.682929], [-5.618728, 56.683971], [-5.619769, 56.683971], [-5.620811, 56.685012], [-5.621853, 56.685012], [-5.622894, 56.685012], [-5.623936, 56.686054], [-5.624978, 56.686054], [-5.626019, 56.686054], [-5.627061, 56.685012], [-5.628103, 56.685012], [-5.629144, 56.685012], [-5.630186, 56.685012], [-5.631228, 56.683971], [-5.632269, 56.683971], [-5.633311, 56.683971], [-5.634353, 56.683971], [-5.635394, 56.683971], [-5.636436, 56.683971], [-5.637478, 56.683971], [-5.638519, 56.683971], [-5.639561, 56.683971], [-5.640603, 56.683971], [-5.641644, 56.683971], [-5.642686, 56.683971], [-5.643728, 56.682929], [-5.644769, 56.682929], [-5.645811, 56.682929], [-5.646853, 56.682929], [-5.647894, 56.681888], [-5.648936, 56.680846], [-5.649978, 56.679804], [-5.651019, 56.679804], [-5.652061, 56.679804], [-5.653103, 56.679804], [-5.654144, 56.679804], [-5.655186, 56.679804], [-5.656228, 56.678762], [-5.657269, 56.678762], [-5.658311, 56.678762], [-5.659353, 56.679804], [-5.660394, 56.679804], [-5.661436, 56.679804], [-5.662478, 56.679804], [-5.663519, 56.679804], [-5.664561, 56.679804]]}, "properties": {"node_id": "os:node/509387A9-A662-4E2A-BE76-9760AEC08BFE", "lat": 56.6897, "lon": -5.59803, "dist_m": 4251, "in_scope": false, "traced": true, "path_m": 5379, "straight_m": 4251, "detour": 1.27, "max_elev_crossed_m": 5.2, "min_depth_m": -19.3, "drying_px": 42, "drying_m": 3476, "drying_frac": 0.646}}, {"type": "Feature", "geometry": {"type": "LineString", "coordinates": [[-5.116445, 56.694299], [-5.117487, 56.694299], [-5.118529, 56.694299], [-5.11957, 56.694299], [-5.120612, 56.694299], [-5.121654, 56.694299], [-5.122695, 56.694299], [-5.123737, 56.694299], [-5.124779, 56.693257], [-5.12582, 56.693257], [-5.126862, 56.693257], [-5.127904, 56.692216], [-5.126862, 56.691174], [-5.127904, 56.690132], [-5.128945, 56.690132], [-5.129987, 56.689091], [-5.131029, 56.689091], [-5.13207, 56.688049], [-5.133112, 56.688049], [-5.134154, 56.688049], [-5.135195, 56.688049], [-5.136237, 56.688049], [-5.137279, 56.687008], [-5.13832, 56.687008], [-5.139362, 56.687008], [-5.140404, 56.685966], [-5.141445, 56.685966], [-5.142487, 56.684924], [-5.143529, 56.684924], [-5.14457, 56.684924], [-5.145612, 56.683882], [-5.146654, 56.683882], [-5.147695, 56.683882], [-5.148737, 56.683882], [-5.149779, 56.683882], [-5.15082, 56.682841], [-5.151862, 56.681799], [-5.152904, 56.680758], [-5.153945, 56.680758], [-5.154987, 56.680758], [-5.156029, 56.680758], [-5.15707, 56.681799], [-5.158112, 56.682841], [-5.159154, 56.683882], [-5.160195, 56.684924], [-5.161237, 56.684924], [-5.162279, 56.684924], [-5.16332, 56.683882], [-5.164362, 56.683882], [-5.165404, 56.684924], [-5.166445, 56.684924], [-5.167487, 56.685966], [-5.168529, 56.687008], [-5.16957, 56.687008], [-5.170612, 56.687008], [-5.171654, 56.687008], [-5.172695, 56.688049], [-5.173737, 56.688049], [-5.174779, 56.688049], [-5.17582, 56.688049], [-5.176862, 56.689091], [-5.177904, 56.688049], [-5.178945, 56.688049], [-5.179987, 56.688049], [-5.181029, 56.688049], [-5.18207, 56.689091], [-5.183112, 56.689091], [-5.184154, 56.690132], [-5.185195, 56.690132], [-5.186237, 56.691174], [-5.187279, 56.690132], [-5.18832, 56.690132], [-5.189362, 56.690132], [-5.190404, 56.690132]]}, "properties": {"node_id": "os:node/B04DA0BF-1664-4F1B-9096-BCF98AB50F0C", "lat": 56.69482, "lon": -5.11674, "dist_m": 4213, "in_scope": false, "traced": true, "path_m": 6569, "straight_m": 4213, "detour": 1.56, "max_elev_crossed_m": 3.2, "min_depth_m": -76.8, "drying_px": 37, "drying_m": 3285, "drying_frac": 0.5}}, {"type": "Feature", "geometry": {"type": "LineString", "coordinates": [[-5.808204, 56.78463], [-5.809246, 56.785672], [-5.810288, 56.785672], [-5.811329, 56.785672], [-5.812371, 56.785672], [-5.813413, 56.785672], [-5.814454, 56.785672], [-5.815496, 56.786714], [-5.816538, 56.786714], [-5.817579, 56.786714], [-5.818621, 56.786714], [-5.819663, 56.786714], [-5.820704, 56.786714], [-5.821746, 56.786714], [-5.822788, 56.785672], [-5.822788, 56.78463], [-5.823829, 56.783589], [-5.824871, 56.782547], [-5.825913, 56.782547], [-5.826954, 56.781505], [-5.827996, 56.781505], [-5.829038, 56.781505], [-5.830079, 56.781505], [-5.831121, 56.781505], [-5.832163, 56.781505], [-5.833204, 56.781505], [-5.834246, 56.781505], [-5.835288, 56.781505], [-5.836329, 56.781505], [-5.837371, 56.781505], [-5.838413, 56.782547], [-5.839454, 56.782547], [-5.840496, 56.782547], [-5.841538, 56.782547], [-5.842579, 56.782547], [-5.843621, 56.782547], [-5.844663, 56.782547], [-5.845704, 56.782547], [-5.846746, 56.782547], [-5.847788, 56.782547], [-5.848829, 56.782547], [-5.849871, 56.782547], [-5.850913, 56.782547], [-5.851954, 56.782547], [-5.852996, 56.782547], [-5.854038, 56.782547], [-5.855079, 56.782547], [-5.856121, 56.782547], [-5.857163, 56.782547], [-5.858204, 56.782547], [-5.859246, 56.782547], [-5.860288, 56.782547], [-5.861329, 56.782547], [-5.862371, 56.782547], [-5.863413, 56.782547], [-5.864454, 56.782547], [-5.865496, 56.782547], [-5.866538, 56.782547], [-5.867579, 56.782547], [-5.868621, 56.782547], [-5.869663, 56.782547], [-5.870704, 56.782547], [-5.871746, 56.783589], [-5.872788, 56.78463], [-5.873829, 56.785672], [-5.874871, 56.785672], [-5.875913, 56.786714], [-5.876954, 56.785672], [-5.877996, 56.785672], [-5.879038, 56.786714], [-5.879038, 56.787755], [-5.880079, 56.788797], [-5.881121, 56.788797]]}, "properties": {"node_id": "os:node/913A6560-7758-4DD3-AED2-5DC12817A3F7", "lat": 56.78432, "lon": -5.80819, "dist_m": 4202, "in_scope": false, "traced": true, "path_m": 5640, "straight_m": 4202, "detour": 1.34, "max_elev_crossed_m": 3.2, "min_depth_m": -34.1, "drying_px": 31, "drying_m": 2395, "drying_frac": 0.425}}, {"type": "Feature", "geometry": {"type": "LineString", "coordinates": [[-0.800909, 60.807361], [-0.799868, 60.808402], [-0.798826, 60.809444], [-0.799868, 60.810486], [-0.798826, 60.811528], [-0.797784, 60.811528], [-0.796743, 60.812569], [-0.795701, 60.812569], [-0.794659, 60.812569], [-0.793618, 60.812569], [-0.792576, 60.812569], [-0.791534, 60.812569], [-0.790493, 60.812569], [-0.789451, 60.811528], [-0.789451, 60.810486], [-0.788409, 60.809444], [-0.787368, 60.809444], [-0.786326, 60.808402], [-0.785284, 60.807361], [-0.784243, 60.806319], [-0.783201, 60.805277], [-0.782159, 60.804236], [-0.781118, 60.803194], [-0.780076, 60.802152], [-0.779034, 60.801111], [-0.777993, 60.800069], [-0.776951, 60.799028], [-0.775909, 60.797986], [-0.775909, 60.796944], [-0.775909, 60.795902], [-0.775909, 60.794861], [-0.775909, 60.793819], [-0.775909, 60.792778], [-0.775909, 60.791736], [-0.775909, 60.790694], [-0.775909, 60.789652], [-0.775909, 60.788611], [-0.775909, 60.787569], [-0.775909, 60.786528], [-0.775909, 60.785486], [-0.775909, 60.784444], [-0.775909, 60.783402], [-0.775909, 60.782361], [-0.775909, 60.781319], [-0.775909, 60.780278], [-0.775909, 60.779236], [-0.775909, 60.778194], [-0.775909, 60.777152], [-0.775909, 60.776111], [-0.776951, 60.775069], [-0.777993, 60.774027], [-0.779034, 60.772986], [-0.780076, 60.771944], [-0.781118, 60.770902], [-0.782159, 60.769861], [-0.783201, 60.768819], [-0.784243, 60.767778], [-0.785284, 60.766736], [-0.786326, 60.765694]]}, "properties": {"node_id": "os:node/34EDF0E4-F4D8-4B0A-8DC9-3CAB2DE68DA1", "lat": 60.80684, "lon": -0.80143, "dist_m": 4201, "in_scope": false, "traced": true, "path_m": 6616, "straight_m": 4201, "detour": 1.57, "max_elev_crossed_m": 0.1, "min_depth_m": -65.0, "drying_px": 6, "drying_m": 673, "drying_frac": 0.102}}, {"type": "Feature", "geometry": {"type": "LineString", "coordinates": [[-4.067989, 57.937279], [-4.066948, 57.938321], [-4.065906, 57.938321], [-4.064864, 57.938321], [-4.063823, 57.938321], [-4.062781, 57.938321], [-4.061739, 57.938321], [-4.060698, 57.938321], [-4.059656, 57.938321], [-4.058614, 57.938321], [-4.057573, 57.938321], [-4.056531, 57.938321], [-4.055489, 57.938321], [-4.054448, 57.938321], [-4.053406, 57.938321], [-4.052364, 57.938321], [-4.051323, 57.938321], [-4.050281, 57.938321], [-4.049239, 57.938321], [-4.048198, 57.938321], [-4.047156, 57.938321], [-4.046114, 57.938321], [-4.045073, 57.938321], [-4.044031, 57.938321], [-4.042989, 57.938321], [-4.041948, 57.938321], [-4.040906, 57.938321], [-4.039864, 57.938321], [-4.038823, 57.938321], [-4.037781, 57.938321], [-4.036739, 57.938321], [-4.035698, 57.938321], [-4.034656, 57.937279], [-4.033614, 57.936238], [-4.032573, 57.935196], [-4.031531, 57.934154], [-4.030489, 57.933112], [-4.029448, 57.932071], [-4.028406, 57.932071], [-4.027364, 57.932071], [-4.026323, 57.932071], [-4.025281, 57.932071], [-4.024239, 57.932071], [-4.023198, 57.932071], [-4.022156, 57.932071], [-4.021114, 57.932071], [-4.020073, 57.932071], [-4.019031, 57.932071], [-4.017989, 57.932071], [-4.016948, 57.933112], [-4.015906, 57.933112], [-4.014864, 57.933112], [-4.013823, 57.933112], [-4.012781, 57.933112], [-4.011739, 57.933112], [-4.010698, 57.933112], [-4.009656, 57.933112], [-4.008614, 57.933112], [-4.007573, 57.933112], [-4.006531, 57.933112], [-4.005489, 57.932071], [-4.004448, 57.932071], [-4.003406, 57.931029], [-4.002364, 57.931029], [-4.001323, 57.931029], [-4.000281, 57.931029], [-3.999239, 57.931029]]}, "properties": {"node_id": "os:node/CB5D7B45-2994-4408-B404-18257A1A8218", "lat": 57.9378, "lon": -4.06851, "dist_m": 4186, "in_scope": false, "traced": true, "path_m": 4760, "straight_m": 4186, "detour": 1.14, "max_elev_crossed_m": 4.7, "min_depth_m": -0.6, "drying_px": 44, "drying_m": 3126, "drying_frac": 0.657}}, {"type": "Feature", "geometry": {"type": "LineString", "coordinates": [[-4.084559, 50.391009], [-4.084559, 50.389968], [-4.085601, 50.388926], [-4.086643, 50.387884], [-4.087684, 50.386843], [-4.088726, 50.385801], [-4.089768, 50.384759], [-4.090809, 50.384759], [-4.091851, 50.384759], [-4.092893, 50.383718], [-4.093934, 50.383718], [-4.094976, 50.383718], [-4.096018, 50.382676], [-4.097059, 50.381634], [-4.098101, 50.380593], [-4.099143, 50.379551], [-4.100184, 50.378509], [-4.100184, 50.377468], [-4.100184, 50.376426], [-4.101226, 50.375384], [-4.101226, 50.374343], [-4.102268, 50.373301], [-4.103309, 50.372259], [-4.104351, 50.371218], [-4.105393, 50.370176], [-4.106434, 50.369134], [-4.107476, 50.368093], [-4.108518, 50.367051], [-4.109559, 50.366009], [-4.109559, 50.364968], [-4.110601, 50.363926], [-4.111643, 50.362884], [-4.112684, 50.361843], [-4.113726, 50.360801], [-4.114768, 50.360801], [-4.115809, 50.360801], [-4.116851, 50.360801], [-4.117893, 50.359759]]}, "properties": {"node_id": "os:node/0483B73D-E35A-486A-A236-839D6643419C", "lat": 50.39153, "lon": -4.08419, "dist_m": 4168, "in_scope": true, "traced": true, "path_m": 4535, "straight_m": 4168, "detour": 1.09, "max_elev_crossed_m": 5.0, "min_depth_m": -7.2, "drying_px": 29, "drying_m": 3461, "drying_frac": 0.763}}, {"type": "Feature", "geometry": {"type": "LineString", "coordinates": [[-1.37753, 60.287073], [-1.37753, 60.288115], [-1.37753, 60.289157], [-1.376489, 60.290198], [-1.376489, 60.29124], [-1.376489, 60.292282], [-1.376489, 60.293323], [-1.376489, 60.294365], [-1.376489, 60.295407], [-1.376489, 60.296448], [-1.376489, 60.29749], [-1.376489, 60.298532], [-1.376489, 60.299573], [-1.376489, 60.300615], [-1.376489, 60.301657], [-1.376489, 60.302698], [-1.376489, 60.30374], [-1.376489, 60.304782], [-1.376489, 60.305823], [-1.376489, 60.306865], [-1.376489, 60.307907], [-1.376489, 60.308948], [-1.376489, 60.30999], [-1.37753, 60.311032], [-1.37753, 60.312073], [-1.37753, 60.313115], [-1.37753, 60.314157], [-1.37753, 60.315198], [-1.37753, 60.31624], [-1.37753, 60.317282], [-1.37753, 60.318323], [-1.37753, 60.319365], [-1.37753, 60.320407], [-1.37753, 60.321448], [-1.37753, 60.32249], [-1.37753, 60.323532], [-1.37753, 60.324573], [-1.37753, 60.325615], [-1.37753, 60.326657], [-1.37753, 60.327698], [-1.37753, 60.32874], [-1.376489, 60.329782], [-1.375447, 60.330823], [-1.374405, 60.331865], [-1.373364, 60.332907], [-1.374405, 60.333948], [-1.374405, 60.33499], [-1.373364, 60.336032], [-1.373364, 60.337073], [-1.372322, 60.338115]]}, "properties": {"node_id": "os:node/471B2F6B-F4DC-4182-B7A9-52EAC1A905D5", "lat": 60.28683, "lon": -1.37783, "dist_m": 4114, "in_scope": false, "traced": true, "path_m": 5803, "straight_m": 4114, "detour": 1.41, "max_elev_crossed_m": 2.3, "min_depth_m": -3.1, "drying_px": 17, "drying_m": 1973, "drying_frac": 0.34}}, {"type": "Feature", "geometry": {"type": "LineString", "coordinates": [[-0.877056, 60.805979], [-0.876015, 60.807021], [-0.874973, 60.808062], [-0.874973, 60.809104], [-0.873931, 60.810146], [-0.87289, 60.811187], [-0.87289, 60.812229], [-0.87289, 60.813271], [-0.871848, 60.814312], [-0.870806, 60.815354], [-0.869765, 60.816396], [-0.868723, 60.817438], [-0.867681, 60.818479], [-0.867681, 60.819521], [-0.867681, 60.820562], [-0.867681, 60.821604], [-0.867681, 60.822646], [-0.867681, 60.823688], [-0.867681, 60.824729], [-0.867681, 60.825771], [-0.867681, 60.826812], [-0.86664, 60.827854], [-0.86664, 60.828896], [-0.86664, 60.829938], [-0.86664, 60.830979], [-0.86664, 60.832021], [-0.865598, 60.833062], [-0.865598, 60.834104], [-0.865598, 60.835146], [-0.865598, 60.836187], [-0.865598, 60.837229], [-0.865598, 60.838271], [-0.86664, 60.839312], [-0.867681, 60.840354], [-0.868723, 60.841396], [-0.869765, 60.842437], [-0.870806, 60.842437], [-0.871848, 60.843479], [-0.87289, 60.844521], [-0.873931, 60.844521], [-0.874973, 60.845562], [-0.876015, 60.846604], [-0.877056, 60.846604], [-0.878098, 60.846604], [-0.87914, 60.846604], [-0.880181, 60.846604], [-0.881223, 60.846604], [-0.882265, 60.846604], [-0.883306, 60.846604], [-0.884348, 60.846604], [-0.88539, 60.846604], [-0.886431, 60.846604], [-0.887473, 60.846604], [-0.888515, 60.846604], [-0.889556, 60.846604], [-0.890598, 60.846604], [-0.89164, 60.846604], [-0.892681, 60.846604], [-0.893723, 60.846604], [-0.894765, 60.846604], [-0.895806, 60.846604], [-0.896848, 60.846604], [-0.89789, 60.846604], [-0.898931, 60.846604], [-0.899973, 60.846604], [-0.901015, 60.846604], [-0.902056, 60.846604], [-0.903098, 60.846604], [-0.90414, 60.846604], [-0.905181, 60.846604], [-0.906223, 60.845562], [-0.907265, 60.844521], [-0.908306, 60.843479], [-0.909348, 60.842437], [-0.91039, 60.841396], [-0.911431, 60.840354], [-0.912473, 60.839312], [-0.913515, 60.838271], [-0.914556, 60.837229], [-0.915598, 60.836187], [-0.91664, 60.835146], [-0.917681, 60.834104], [-0.918723, 60.833062], [-0.919765, 60.832021], [-0.920806, 60.830979], [-0.921848, 60.829938], [-0.92289, 60.828896], [-0.923931, 60.827854], [-0.924973, 60.826812], [-0.926015, 60.825771], [-0.927056, 60.824729], [-0.928098, 60.823688], [-0.92914, 60.822646], [-0.930181, 60.821604], [-0.931223, 60.820562], [-0.932265, 60.819521], [-0.933306, 60.818479], [-0.934348, 60.817438], [-0.93539, 60.816396], [-0.936431, 60.815354], [-0.937473, 60.814312], [-0.938515, 60.813271], [-0.938515, 60.812229], [-0.938515, 60.811187], [-0.938515, 60.810146], [-0.938515, 60.809104], [-0.939556, 60.808062], [-0.940598, 60.807021], [-0.94164, 60.805979], [-0.942681, 60.804937], [-0.943723, 60.803896], [-0.944765, 60.802854], [-0.945806, 60.801812], [-0.946848, 60.800771], [-0.94789, 60.799729], [-0.948931, 60.798688], [-0.948931, 60.797646], [-0.949973, 60.796604], [-0.949973, 60.795562], [-0.951015, 60.794521], [-0.952056, 60.793479], [-0.953098, 60.792438], [-0.953098, 60.791396], [-0.953098, 60.790354], [-0.953098, 60.789312], [-0.953098, 60.788271], [-0.953098, 60.787229], [-0.953098, 60.786188], [-0.953098, 60.785146], [-0.953098, 60.784104], [-0.953098, 60.783062]]}, "properties": {"node_id": "os:node/264E0ED6-0BB4-4670-B438-C3AEB57026E4", "lat": 60.8065, "lon": -0.87737, "dist_m": 4079, "in_scope": false, "traced": true, "path_m": 14141, "straight_m": 4079, "detour": 3.47, "max_elev_crossed_m": 0.5, "min_depth_m": -71.3, "drying_px": 3, "drying_m": 324, "drying_frac": 0.023}}, {"type": "Feature", "geometry": {"type": "LineString", "coordinates": [[-5.679523, 56.876013], [-5.680565, 56.876013], [-5.681607, 56.876013], [-5.682648, 56.876013], [-5.68369, 56.876013], [-5.684732, 56.876013], [-5.685773, 56.876013], [-5.686815, 56.876013], [-5.687857, 56.876013], [-5.688898, 56.874971], [-5.68994, 56.873929], [-5.690982, 56.872888], [-5.692023, 56.871846], [-5.693065, 56.870804], [-5.694107, 56.869763], [-5.695148, 56.869763], [-5.69619, 56.869763], [-5.697232, 56.868721], [-5.698273, 56.867679], [-5.699315, 56.866638], [-5.700357, 56.865596], [-5.701398, 56.864554], [-5.70244, 56.863513], [-5.703482, 56.862471], [-5.704523, 56.861429], [-5.705565, 56.860388], [-5.706607, 56.859346], [-5.707648, 56.858304], [-5.70869, 56.857263], [-5.709732, 56.856221], [-5.710773, 56.855179], [-5.711815, 56.854138], [-5.712857, 56.853096], [-5.713898, 56.852054], [-5.71494, 56.851013], [-5.715982, 56.849971], [-5.717023, 56.848929], [-5.718065, 56.847888], [-5.719107, 56.846846], [-5.720148, 56.846846], [-5.72119, 56.846846], [-5.722232, 56.846846], [-5.723273, 56.846846], [-5.724315, 56.846846], [-5.725357, 56.846846], [-5.726398, 56.846846], [-5.72744, 56.846846], [-5.728482, 56.846846], [-5.729523, 56.846846], [-5.730565, 56.846846], [-5.731607, 56.846846], [-5.732648, 56.846846], [-5.73369, 56.846846], [-5.734732, 56.846846], [-5.735773, 56.846846], [-5.736815, 56.846846], [-5.737857, 56.846846], [-5.738898, 56.846846], [-5.73994, 56.846846], [-5.740982, 56.845804]]}, "properties": {"node_id": "os:node/8D188F0B-FAF9-442B-A8D5-A2001510FA83", "lat": 56.87575, "lon": -5.6797, "dist_m": 4073, "in_scope": false, "traced": true, "path_m": 5733, "straight_m": 4073, "detour": 1.41, "max_elev_crossed_m": 1.0, "min_depth_m": -50.6, "drying_px": 37, "drying_m": 3535, "drying_frac": 0.617}}, {"type": "Feature", "geometry": {"type": "LineString", "coordinates": [[-7.202199, 57.561469], [-7.201158, 57.560427], [-7.200116, 57.559386], [-7.199074, 57.559386], [-7.198033, 57.558344], [-7.196991, 57.558344], [-7.195949, 57.558344], [-7.194908, 57.558344], [-7.193866, 57.558344], [-7.192824, 57.558344], [-7.191782, 57.558344], [-7.190741, 57.558344], [-7.189699, 57.558344], [-7.188658, 57.558344], [-7.187616, 57.557302], [-7.186574, 57.557302], [-7.185533, 57.557302], [-7.184491, 57.557302], [-7.183449, 57.557302], [-7.182408, 57.557302], [-7.181366, 57.557302], [-7.180324, 57.557302], [-7.179282, 57.557302], [-7.178241, 57.557302], [-7.177199, 57.557302], [-7.176158, 57.557302], [-7.175116, 57.557302], [-7.174074, 57.557302], [-7.173033, 57.557302], [-7.171991, 57.557302], [-7.170949, 57.557302], [-7.169908, 57.557302], [-7.168866, 57.557302], [-7.167824, 57.557302], [-7.166783, 57.557302], [-7.165741, 57.557302], [-7.164699, 57.556261], [-7.163658, 57.556261], [-7.162616, 57.556261], [-7.161574, 57.556261], [-7.160532, 57.556261], [-7.159491, 57.556261], [-7.158449, 57.557302], [-7.157408, 57.557302], [-7.156366, 57.557302], [-7.155324, 57.557302], [-7.154283, 57.557302], [-7.153241, 57.557302], [-7.152199, 57.557302], [-7.151158, 57.557302], [-7.150116, 57.557302], [-7.149074, 57.557302], [-7.148032, 57.557302], [-7.146991, 57.557302], [-7.145949, 57.556261], [-7.144908, 57.556261], [-7.143866, 57.556261], [-7.142824, 57.557302], [-7.141783, 57.558344], [-7.140741, 57.558344], [-7.139699, 57.558344], [-7.138658, 57.558344], [-7.137616, 57.558344], [-7.136574, 57.558344], [-7.135533, 57.558344], [-7.134491, 57.559386], [-7.133449, 57.559386], [-7.132408, 57.558344], [-7.132408, 57.557302], [-7.131366, 57.556261]]}, "properties": {"node_id": "os:node/EB59958A-5557-48CF-ADF3-4DA90A867626", "lat": 57.56199, "lon": -7.20272, "dist_m": 4065, "in_scope": false, "traced": true, "path_m": 5178, "straight_m": 4065, "detour": 1.27, "max_elev_crossed_m": 4.0, "min_depth_m": -1.5, "drying_px": 62, "drying_m": 4586, "drying_frac": 0.886}}, {"type": "Feature", "geometry": {"type": "LineString", "coordinates": [[-5.197759, 56.845631], [-5.196718, 56.845631], [-5.195676, 56.845631], [-5.194634, 56.845631], [-5.193592, 56.845631], [-5.192551, 56.845631], [-5.191509, 56.846672], [-5.190468, 56.846672], [-5.189426, 56.846672], [-5.188384, 56.846672], [-5.187342, 56.846672], [-5.186301, 56.846672], [-5.185259, 56.846672], [-5.184218, 56.846672], [-5.183176, 56.846672], [-5.182134, 56.846672], [-5.181092, 56.846672], [-5.180051, 56.846672], [-5.179009, 56.846672], [-5.177968, 56.846672], [-5.176926, 56.846672], [-5.175884, 56.846672], [-5.174842, 56.846672], [-5.173801, 56.846672], [-5.172759, 56.846672], [-5.171718, 56.846672], [-5.170676, 56.846672], [-5.169634, 56.846672], [-5.168592, 56.846672], [-5.167551, 56.846672], [-5.166509, 56.846672], [-5.165468, 56.846672], [-5.164426, 56.845631], [-5.163384, 56.844589], [-5.162342, 56.843547], [-5.161301, 56.843547], [-5.160259, 56.842506], [-5.159218, 56.841464], [-5.158176, 56.842506], [-5.157134, 56.842506], [-5.156092, 56.841464], [-5.155051, 56.841464], [-5.154009, 56.841464], [-5.152968, 56.840422], [-5.151926, 56.840422], [-5.150884, 56.839381], [-5.149842, 56.839381], [-5.148801, 56.838339], [-5.147759, 56.838339], [-5.146718, 56.838339], [-5.145676, 56.838339], [-5.144634, 56.838339], [-5.143592, 56.838339], [-5.142551, 56.838339], [-5.141509, 56.839381], [-5.140468, 56.839381], [-5.139426, 56.839381], [-5.138384, 56.839381], [-5.137342, 56.839381], [-5.136301, 56.839381], [-5.135259, 56.838339]]}, "properties": {"node_id": "os:node/3B5EE6FE-F4DA-4F79-96B9-EF08EFA84F1B", "lat": 56.84511, "lon": -5.19828, "dist_m": 4049, "in_scope": false, "traced": true, "path_m": 4699, "straight_m": 4049, "detour": 1.16, "max_elev_crossed_m": 5.0, "min_depth_m": -14.6, "drying_px": 42, "drying_m": 3235, "drying_frac": 0.689}}, {"type": "Feature", "geometry": {"type": "LineString", "coordinates": [[-6.881146, 58.147929], [-6.882188, 58.147929], [-6.883229, 58.148971], [-6.883229, 58.150013], [-6.883229, 58.151054], [-6.883229, 58.152096], [-6.883229, 58.153138], [-6.884271, 58.154179], [-6.884271, 58.155221], [-6.885313, 58.156263], [-6.886354, 58.157304], [-6.886354, 58.158346], [-6.886354, 58.159388], [-6.886354, 58.160429], [-6.886354, 58.161471], [-6.887396, 58.162513], [-6.887396, 58.163554], [-6.887396, 58.164596], [-6.887396, 58.165638], [-6.886354, 58.166679], [-6.886354, 58.167721], [-6.885313, 58.168763], [-6.885313, 58.169804], [-6.885313, 58.170846], [-6.885313, 58.171888], [-6.885313, 58.172929], [-6.885313, 58.173971], [-6.885313, 58.175013], [-6.886354, 58.176054], [-6.886354, 58.177096], [-6.887396, 58.178138], [-6.888438, 58.179179], [-6.888438, 58.180221], [-6.888438, 58.181263], [-6.889479, 58.182304], [-6.890521, 58.183346], [-6.891563, 58.184388]]}, "properties": {"node_id": "os:node/1C771780-7A6A-42B3-ABE1-3839405921E9", "lat": 58.14824, "lon": -6.88065, "dist_m": 4009, "in_scope": false, "traced": true, "path_m": 4317, "straight_m": 4009, "detour": 1.08, "max_elev_crossed_m": 5.3, "min_depth_m": -0.5, "drying_px": 34, "drying_m": 3967, "drying_frac": 0.919}}, {"type": "Feature", "geometry": {"type": "LineString", "coordinates": [[-7.341953, 57.554081], [-7.342995, 57.554081], [-7.344037, 57.554081], [-7.345078, 57.554081], [-7.34612, 57.553039], [-7.347162, 57.553039], [-7.348203, 57.553039], [-7.349245, 57.553039], [-7.350287, 57.553039], [-7.351328, 57.553039], [-7.35237, 57.553039], [-7.353412, 57.554081], [-7.354453, 57.554081], [-7.355495, 57.554081], [-7.356537, 57.554081], [-7.357578, 57.554081], [-7.35862, 57.554081], [-7.359662, 57.554081], [-7.360703, 57.555122], [-7.361745, 57.555122], [-7.362787, 57.555122], [-7.363828, 57.555122], [-7.36487, 57.555122], [-7.365912, 57.554081], [-7.366953, 57.554081], [-7.367995, 57.554081], [-7.369037, 57.553039], [-7.370078, 57.551997], [-7.37112, 57.550956], [-7.372162, 57.549914], [-7.373203, 57.549914], [-7.374245, 57.548872], [-7.375287, 57.549914], [-7.376328, 57.549914], [-7.37737, 57.549914], [-7.378412, 57.548872], [-7.379453, 57.548872], [-7.380495, 57.548872], [-7.381537, 57.547831], [-7.382578, 57.546789], [-7.38362, 57.545748], [-7.384662, 57.545748], [-7.385703, 57.545748], [-7.386745, 57.544706], [-7.387787, 57.543664], [-7.388828, 57.542622], [-7.38987, 57.541581], [-7.390912, 57.540539], [-7.391953, 57.539497], [-7.392995, 57.538456], [-7.394037, 57.537414], [-7.395078, 57.536372], [-7.39612, 57.535331], [-7.397162, 57.534289]]}, "properties": {"node_id": "os:node/5002660D-B2BB-43FA-BF2F-CD43A7C9B660", "lat": 57.55356, "lon": -7.34197, "dist_m": 3992, "in_scope": false, "traced": true, "path_m": 5032, "straight_m": 3992, "detour": 1.26, "max_elev_crossed_m": 4.6, "min_depth_m": -0.9, "drying_px": 46, "drying_m": 4286, "drying_frac": 0.852}}, {"type": "Feature", "geometry": {"type": "LineString", "coordinates": [[-6.693305, 58.027339], [-6.694346, 58.027339], [-6.695388, 58.027339], [-6.69643, 58.026297], [-6.697471, 58.026297], [-6.698513, 58.026297], [-6.699555, 58.025256], [-6.700596, 58.024214], [-6.701638, 58.023172], [-6.70268, 58.022131], [-6.703721, 58.021089], [-6.704763, 58.020048], [-6.705805, 58.019006], [-6.706846, 58.019006], [-6.707888, 58.019006], [-6.70893, 58.017964], [-6.709971, 58.016922], [-6.711013, 58.015881], [-6.711013, 58.014839], [-6.712055, 58.013797], [-6.713096, 58.012756], [-6.713096, 58.011714], [-6.713096, 58.010672], [-6.713096, 58.009631], [-6.713096, 58.008589], [-6.714138, 58.007547], [-6.714138, 58.006506], [-6.714138, 58.005464], [-6.714138, 58.004422], [-6.714138, 58.003381], [-6.714138, 58.002339], [-6.714138, 58.001297], [-6.714138, 58.000256], [-6.714138, 57.999214], [-6.714138, 57.998172], [-6.713096, 57.997131], [-6.712055, 57.996089], [-6.711013, 57.995047], [-6.709971, 57.994006]]}, "properties": {"node_id": "os:node/5ECB2546-F6D5-456A-9FD5-223F9A97C92A", "lat": 58.02786, "lon": -6.69294, "dist_m": 3961, "in_scope": false, "traced": true, "path_m": 4354, "straight_m": 3961, "detour": 1.1, "max_elev_crossed_m": 0.0, "min_depth_m": -21.5, "drying_px": 27, "drying_m": 3014, "drying_frac": 0.692}}, {"type": "Feature", "geometry": {"type": "LineString", "coordinates": [[-3.225603, 54.903919], [-3.226645, 54.904961], [-3.227687, 54.906002], [-3.228728, 54.907044], [-3.22977, 54.907044], [-3.230812, 54.908086], [-3.231853, 54.908086], [-3.232895, 54.909128], [-3.233937, 54.910169], [-3.234978, 54.910169], [-3.23602, 54.910169], [-3.237062, 54.910169], [-3.238103, 54.910169], [-3.239145, 54.910169], [-3.240187, 54.910169], [-3.241228, 54.910169], [-3.24227, 54.910169], [-3.243312, 54.910169], [-3.244353, 54.910169], [-3.245395, 54.911211], [-3.246437, 54.911211], [-3.247478, 54.912252], [-3.24852, 54.912252], [-3.249562, 54.911211], [-3.250603, 54.910169], [-3.250603, 54.909128], [-3.251645, 54.908086], [-3.252687, 54.907044], [-3.253728, 54.906002], [-3.25477, 54.904961], [-3.255812, 54.903919], [-3.256853, 54.902877], [-3.257895, 54.901836], [-3.258937, 54.900794], [-3.259978, 54.900794], [-3.26102, 54.900794], [-3.262062, 54.900794], [-3.263103, 54.900794], [-3.264145, 54.900794], [-3.265187, 54.900794], [-3.266228, 54.900794], [-3.26727, 54.899752], [-3.268312, 54.899752], [-3.269353, 54.899752], [-3.270395, 54.900794], [-3.270395, 54.901836], [-3.271437, 54.902877], [-3.272478, 54.902877], [-3.27352, 54.902877], [-3.274562, 54.902877], [-3.275603, 54.902877], [-3.276645, 54.902877], [-3.277687, 54.902877], [-3.278728, 54.902877], [-3.27977, 54.902877], [-3.280812, 54.902877], [-3.281853, 54.902877], [-3.282895, 54.901836], [-3.283937, 54.900794], [-3.284978, 54.899752], [-3.28602, 54.898711], [-3.287062, 54.898711]]}, "properties": {"node_id": "os:node/8D9EC89E-284B-4C82-B26F-7008293CD043", "lat": 54.90444, "lon": -3.22519, "dist_m": 3959, "in_scope": true, "traced": true, "path_m": 5843, "straight_m": 3959, "detour": 1.48, "max_elev_crossed_m": 3.1, "min_depth_m": -1.0, "drying_px": 40, "drying_m": 3769, "drying_frac": 0.645}}, {"type": "Feature", "geometry": {"type": "LineString", "coordinates": [[-5.196009, 56.846001], [-5.194968, 56.846001], [-5.193926, 56.846001], [-5.192884, 56.846001], [-5.191843, 56.846001], [-5.190801, 56.847042], [-5.189759, 56.847042], [-5.188718, 56.847042], [-5.187676, 56.847042], [-5.186634, 56.847042], [-5.185592, 56.847042], [-5.184551, 56.847042], [-5.183509, 56.847042], [-5.182468, 56.847042], [-5.181426, 56.847042], [-5.180384, 56.847042], [-5.179343, 56.847042], [-5.178301, 56.847042], [-5.177259, 56.847042], [-5.176218, 56.847042], [-5.175176, 56.847042], [-5.174134, 56.847042], [-5.173092, 56.847042], [-5.172051, 56.847042], [-5.171009, 56.847042], [-5.169968, 56.847042], [-5.168926, 56.847042], [-5.167884, 56.847042], [-5.166842, 56.847042], [-5.165801, 56.847042], [-5.164759, 56.846001], [-5.163718, 56.844959], [-5.162676, 56.843918], [-5.161634, 56.843918], [-5.160593, 56.842876], [-5.159551, 56.841834], [-5.158509, 56.842876], [-5.157468, 56.842876], [-5.156426, 56.841834], [-5.155384, 56.841834], [-5.154342, 56.841834], [-5.153301, 56.840792], [-5.152259, 56.840792], [-5.151218, 56.839751], [-5.150176, 56.839751], [-5.149134, 56.838709], [-5.148093, 56.838709], [-5.147051, 56.838709], [-5.146009, 56.838709], [-5.144968, 56.838709], [-5.143926, 56.838709], [-5.142884, 56.838709], [-5.141842, 56.839751], [-5.140801, 56.839751], [-5.139759, 56.839751], [-5.138718, 56.839751], [-5.137676, 56.839751], [-5.136634, 56.838709], [-5.135593, 56.837668]]}, "properties": {"node_id": "os:node/7B472D6C-2734-4132-AFFD-48293314AA8A", "lat": 56.84548, "lon": -5.19653, "dist_m": 3954, "in_scope": false, "traced": true, "path_m": 4641, "straight_m": 3954, "detour": 1.17, "max_elev_crossed_m": 5.0, "min_depth_m": -14.3, "drying_px": 40, "drying_m": 3146, "drying_frac": 0.678}}, {"type": "Feature", "geometry": {"type": "LineString", "coordinates": [[-0.797899, 60.805241], [-0.798941, 60.806282], [-0.799983, 60.807324], [-0.799983, 60.808366], [-0.798941, 60.809408], [-0.799983, 60.810449], [-0.798941, 60.811491], [-0.797899, 60.811491], [-0.796858, 60.812532], [-0.795816, 60.812532], [-0.794774, 60.812532], [-0.793733, 60.812532], [-0.792691, 60.812532], [-0.791649, 60.812532], [-0.790608, 60.812532], [-0.789566, 60.811491], [-0.789566, 60.810449], [-0.788524, 60.809408], [-0.787483, 60.809408], [-0.786441, 60.809408], [-0.785399, 60.808366], [-0.784358, 60.807324], [-0.783316, 60.806282], [-0.782274, 60.805241], [-0.781233, 60.804199], [-0.780191, 60.803158], [-0.779149, 60.802116], [-0.778108, 60.801074], [-0.777066, 60.800032], [-0.776024, 60.798991], [-0.776024, 60.797949], [-0.776024, 60.796908], [-0.776024, 60.795866], [-0.776024, 60.794824], [-0.776024, 60.793782], [-0.776024, 60.792741], [-0.776024, 60.791699], [-0.776024, 60.790658], [-0.776024, 60.789616], [-0.776024, 60.788574], [-0.776024, 60.787532], [-0.776024, 60.786491], [-0.776024, 60.785449], [-0.776024, 60.784408], [-0.776024, 60.783366], [-0.776024, 60.782324], [-0.776024, 60.781282], [-0.776024, 60.780241], [-0.776024, 60.779199], [-0.776024, 60.778158], [-0.776024, 60.777116], [-0.776024, 60.776074], [-0.777066, 60.775032], [-0.778108, 60.773991], [-0.779149, 60.772949], [-0.780191, 60.771908], [-0.781233, 60.770866], [-0.782274, 60.769824], [-0.783316, 60.768782], [-0.784358, 60.767741], [-0.785399, 60.766699], [-0.786441, 60.765658]]}, "properties": {"node_id": "os:node/520BC7C3-9CD8-4F3B-8F9D-DD4989F380F5", "lat": 60.80472, "lon": -0.79842, "dist_m": 3954, "in_scope": false, "traced": true, "path_m": 6905, "straight_m": 3954, "detour": 1.75, "max_elev_crossed_m": 2.8, "min_depth_m": -65.0, "drying_px": 9, "drying_m": 1002, "drying_frac": 0.145}}, {"type": "Feature", "geometry": {"type": "LineString", "coordinates": [[-1.352749, 60.3028], [-1.35379, 60.303842], [-1.354832, 60.303842], [-1.355874, 60.303842], [-1.356915, 60.303842], [-1.357957, 60.3028], [-1.358999, 60.3028], [-1.36004, 60.3028], [-1.361082, 60.3028], [-1.362124, 60.303842], [-1.363165, 60.303842], [-1.364207, 60.303842], [-1.365249, 60.304884], [-1.36629, 60.305925], [-1.367332, 60.304884], [-1.368374, 60.304884], [-1.369415, 60.305925], [-1.370457, 60.306967], [-1.371499, 60.308009], [-1.37254, 60.30905], [-1.373582, 60.310092], [-1.374624, 60.311134], [-1.375665, 60.312175], [-1.376707, 60.313217], [-1.376707, 60.314259], [-1.377749, 60.3153], [-1.377749, 60.316342], [-1.377749, 60.317384], [-1.377749, 60.318425], [-1.377749, 60.319467], [-1.377749, 60.320509], [-1.377749, 60.32155], [-1.377749, 60.322592], [-1.377749, 60.323634], [-1.377749, 60.324675], [-1.377749, 60.325717], [-1.377749, 60.326759], [-1.377749, 60.3278], [-1.377749, 60.328842], [-1.376707, 60.329884], [-1.375665, 60.330925], [-1.374624, 60.331967], [-1.373582, 60.333009], [-1.374624, 60.33405], [-1.374624, 60.335092], [-1.373582, 60.336134], [-1.373582, 60.337175], [-1.37254, 60.338217]]}, "properties": {"node_id": "os:node/ED963D0D-3D18-43EC-8396-EB968212D418", "lat": 60.30324, "lon": -1.35243, "dist_m": 3950, "in_scope": false, "traced": true, "path_m": 5219, "straight_m": 3950, "detour": 1.32, "max_elev_crossed_m": 3.0, "min_depth_m": -3.1, "drying_px": 28, "drying_m": 3045, "drying_frac": 0.583}}, {"type": "Feature", "geometry": {"type": "LineString", "coordinates": [[-5.339209, 56.469339], [-5.340251, 56.468297], [-5.341293, 56.468297], [-5.342334, 56.468297], [-5.343376, 56.468297], [-5.344418, 56.468297], [-5.345459, 56.467256], [-5.346501, 56.466214], [-5.347543, 56.465172], [-5.348584, 56.464131], [-5.349626, 56.463089], [-5.350668, 56.462048], [-5.351709, 56.461006], [-5.352751, 56.461006], [-5.353793, 56.461006], [-5.354834, 56.461006], [-5.355876, 56.461006], [-5.356918, 56.461006], [-5.357959, 56.461006], [-5.359001, 56.461006], [-5.360043, 56.461006], [-5.361084, 56.459964], [-5.362126, 56.459964], [-5.363168, 56.458922], [-5.364209, 56.458922], [-5.365251, 56.457881], [-5.366293, 56.457881], [-5.367334, 56.457881], [-5.368376, 56.457881], [-5.369418, 56.456839], [-5.370459, 56.456839], [-5.371501, 56.456839], [-5.372543, 56.456839], [-5.373584, 56.456839], [-5.374626, 56.456839], [-5.375668, 56.456839], [-5.376709, 56.456839], [-5.377751, 56.456839], [-5.378793, 56.456839], [-5.379834, 56.456839], [-5.380876, 56.456839], [-5.381918, 56.456839], [-5.382959, 56.456839], [-5.384001, 56.456839], [-5.385043, 56.456839], [-5.386084, 56.456839], [-5.387126, 56.456839], [-5.388168, 56.456839], [-5.389209, 56.456839], [-5.390251, 56.456839], [-5.391293, 56.456839], [-5.392334, 56.456839], [-5.393376, 56.456839], [-5.394418, 56.456839], [-5.395459, 56.456839], [-5.396501, 56.455797]]}, "properties": {"node_id": "os:node/C9B8C161-E128-4611-9EF6-AEC6D3AAFF60", "lat": 56.46986, "lon": -5.33901, "dist_m": 3884, "in_scope": false, "traced": true, "path_m": 4412, "straight_m": 3884, "detour": 1.14, "max_elev_crossed_m": 3.8, "min_depth_m": -38.5, "drying_px": 6, "drying_m": 473, "drying_frac": 0.107}}, {"type": "Feature", "geometry": {"type": "LineString", "coordinates": [[-6.508879, 58.10207], [-6.507838, 58.101028], [-6.506796, 58.099986], [-6.505754, 58.099986], [-6.504713, 58.098945], [-6.503671, 58.098945], [-6.502629, 58.097903], [-6.501588, 58.097903], [-6.500546, 58.097903], [-6.499504, 58.097903], [-6.498463, 58.097903], [-6.497421, 58.097903], [-6.496379, 58.097903], [-6.495338, 58.096861], [-6.494296, 58.096861], [-6.493254, 58.096861], [-6.492213, 58.096861], [-6.491171, 58.096861], [-6.490129, 58.096861], [-6.489088, 58.096861], [-6.488046, 58.096861], [-6.487004, 58.096861], [-6.485962, 58.096861], [-6.484921, 58.096861], [-6.483879, 58.096861], [-6.482838, 58.096861], [-6.481796, 58.096861], [-6.480754, 58.096861], [-6.479713, 58.096861], [-6.478671, 58.096861], [-6.477629, 58.096861], [-6.476588, 58.096861], [-6.475546, 58.096861], [-6.474504, 58.096861], [-6.473463, 58.096861], [-6.472421, 58.096861], [-6.471379, 58.096861], [-6.470338, 58.097903], [-6.469296, 58.097903], [-6.468254, 58.097903], [-6.467213, 58.097903], [-6.466171, 58.097903], [-6.465129, 58.097903], [-6.464088, 58.097903], [-6.463046, 58.097903], [-6.462004, 58.097903], [-6.460963, 58.097903], [-6.459921, 58.097903], [-6.458879, 58.097903], [-6.457838, 58.097903], [-6.456796, 58.097903], [-6.455754, 58.097903], [-6.454712, 58.098945], [-6.453671, 58.099986], [-6.452629, 58.101028], [-6.451588, 58.10207], [-6.450546, 58.103111], [-6.449504, 58.104153], [-6.448463, 58.105195], [-6.447421, 58.106236], [-6.446379, 58.107278], [-6.445338, 58.10832]]}, "properties": {"node_id": "os:node/E4B3435D-5DB4-4D11-9BA0-F05892C031D8", "lat": 58.102, "lon": -6.5094, "dist_m": 3880, "in_scope": false, "traced": true, "path_m": 4856, "straight_m": 3880, "detour": 1.25, "max_elev_crossed_m": 2.3, "min_depth_m": -31.3, "drying_px": 33, "drying_m": 2585, "drying_frac": 0.532}}, {"type": "Feature", "geometry": {"type": "LineString", "coordinates": [[-5.361076, 56.515703], [-5.362117, 56.515703], [-5.363159, 56.516745], [-5.364201, 56.516745], [-5.365242, 56.517786], [-5.366284, 56.517786], [-5.367326, 56.517786], [-5.368367, 56.517786], [-5.369409, 56.517786], [-5.370451, 56.517786], [-5.371492, 56.517786], [-5.372534, 56.517786], [-5.373576, 56.517786], [-5.374617, 56.518828], [-5.375659, 56.51987], [-5.376701, 56.51987], [-5.377742, 56.51987], [-5.378784, 56.51987], [-5.379826, 56.51987], [-5.380867, 56.51987], [-5.381909, 56.51987], [-5.382951, 56.51987], [-5.383992, 56.520911], [-5.385034, 56.521953], [-5.386076, 56.522995], [-5.387117, 56.524036], [-5.388159, 56.525078], [-5.389201, 56.52612], [-5.390242, 56.527161], [-5.391284, 56.528203], [-5.392326, 56.529245], [-5.393367, 56.530286], [-5.394409, 56.531328], [-5.395451, 56.53237], [-5.396492, 56.533411], [-5.397534, 56.534453], [-5.398576, 56.535495], [-5.399617, 56.536536], [-5.400659, 56.537578], [-5.401701, 56.537578], [-5.402742, 56.537578], [-5.403784, 56.537578], [-5.404826, 56.537578], [-5.405867, 56.53862], [-5.406909, 56.539661], [-5.407951, 56.539661], [-5.408992, 56.539661], [-5.410034, 56.539661], [-5.411076, 56.53862]]}, "properties": {"node_id": "os:node/7466F315-B604-43FD-9570-AE4715A513E2", "lat": 56.51568, "lon": -5.36139, "dist_m": 3872, "in_scope": false, "traced": true, "path_m": 4714, "straight_m": 3872, "detour": 1.22, "max_elev_crossed_m": 2.4, "min_depth_m": -25.7, "drying_px": 11, "drying_m": 1058, "drying_frac": 0.224}}, {"type": "Feature", "geometry": {"type": "LineString", "coordinates": [[-4.817969, 58.528297], [-4.816928, 58.527256], [-4.815886, 58.528297], [-4.814844, 58.529339], [-4.813802, 58.529339], [-4.812761, 58.530381], [-4.811719, 58.530381], [-4.810678, 58.530381], [-4.809636, 58.530381], [-4.808594, 58.530381], [-4.807552, 58.530381], [-4.806511, 58.530381], [-4.805469, 58.530381], [-4.804428, 58.530381], [-4.803386, 58.530381], [-4.802344, 58.531422], [-4.801302, 58.531422], [-4.800261, 58.531422], [-4.799219, 58.532464], [-4.798178, 58.533506], [-4.798178, 58.534547], [-4.797136, 58.535589], [-4.796094, 58.536631], [-4.795052, 58.537672], [-4.794011, 58.538714], [-4.792969, 58.539756], [-4.791928, 58.540797], [-4.790886, 58.541839], [-4.790886, 58.542881], [-4.790886, 58.543922], [-4.791928, 58.544964], [-4.791928, 58.546006], [-4.790886, 58.547047], [-4.790886, 58.548089], [-4.791928, 58.549131], [-4.792969, 58.549131], [-4.794011, 58.550172], [-4.795052, 58.551214], [-4.796094, 58.552256], [-4.797136, 58.553297], [-4.798178, 58.553297], [-4.799219, 58.554339], [-4.800261, 58.555381], [-4.801302, 58.556422], [-4.802344, 58.557464], [-4.803386, 58.557464], [-4.804428, 58.558506], [-4.805469, 58.559547], [-4.806511, 58.560589], [-4.807552, 58.561631], [-4.808594, 58.562672], [-4.808594, 58.563714]]}, "properties": {"node_id": "os:node/FA557E30-09B4-40A1-84C5-37A616475391", "lat": 58.52856, "lon": -4.81849, "dist_m": 3855, "in_scope": false, "traced": true, "path_m": 5528, "straight_m": 3855, "detour": 1.43, "max_elev_crossed_m": 1.0, "min_depth_m": -0.4, "drying_px": 42, "drying_m": 4465, "drying_frac": 0.808}}, {"type": "Feature", "geometry": {"type": "LineString", "coordinates": [[-5.188979, 56.854061], [-5.188979, 56.853019], [-5.187938, 56.851978], [-5.186896, 56.850936], [-5.185854, 56.850936], [-5.184813, 56.850936], [-5.183771, 56.850936], [-5.182729, 56.850936], [-5.181688, 56.850936], [-5.180646, 56.850936], [-5.179604, 56.849894], [-5.178562, 56.848852], [-5.177521, 56.847811], [-5.176479, 56.846769], [-5.175438, 56.845728], [-5.174396, 56.845728], [-5.173354, 56.845728], [-5.172312, 56.845728], [-5.171271, 56.845728], [-5.170229, 56.845728], [-5.169188, 56.845728], [-5.168146, 56.845728], [-5.167104, 56.845728], [-5.166062, 56.845728], [-5.165021, 56.844686], [-5.163979, 56.843644], [-5.162938, 56.842602], [-5.161896, 56.842602], [-5.160854, 56.841561], [-5.159812, 56.840519], [-5.158771, 56.841561], [-5.157729, 56.841561], [-5.156688, 56.840519], [-5.155646, 56.840519], [-5.154604, 56.840519], [-5.153563, 56.839478], [-5.152521, 56.839478], [-5.151479, 56.838436], [-5.150438, 56.838436], [-5.149396, 56.837394], [-5.148354, 56.837394], [-5.147312, 56.837394], [-5.146271, 56.837394], [-5.145229, 56.837394], [-5.144188, 56.837394], [-5.143146, 56.837394], [-5.142104, 56.838436], [-5.141062, 56.838436], [-5.140021, 56.838436], [-5.138979, 56.838436], [-5.137938, 56.838436], [-5.136896, 56.838436], [-5.135854, 56.838436]]}, "properties": {"node_id": "os:node/B4107D0F-D4C4-4B4C-8CD0-D646120B20C6", "lat": 56.85354, "lon": -5.1895, "dist_m": 3820, "in_scope": false, "traced": true, "path_m": 4587, "straight_m": 3820, "detour": 1.2, "max_elev_crossed_m": 5.8, "min_depth_m": -14.3, "drying_px": 36, "drying_m": 3116, "drying_frac": 0.679}}, {"type": "Feature", "geometry": {"type": "LineString", "coordinates": [[-7.341953, 57.548969], [-7.342995, 57.550011], [-7.344037, 57.551052], [-7.345078, 57.552094], [-7.34612, 57.552094], [-7.347162, 57.552094], [-7.348203, 57.552094], [-7.349245, 57.552094], [-7.350287, 57.552094], [-7.351328, 57.552094], [-7.35237, 57.553136], [-7.353412, 57.553136], [-7.354453, 57.553136], [-7.355495, 57.553136], [-7.356537, 57.553136], [-7.357578, 57.553136], [-7.35862, 57.553136], [-7.359662, 57.553136], [-7.360703, 57.554177], [-7.361745, 57.554177], [-7.362787, 57.554177], [-7.363828, 57.554177], [-7.36487, 57.554177], [-7.365912, 57.553136], [-7.366953, 57.553136], [-7.367995, 57.553136], [-7.369037, 57.552094], [-7.370078, 57.551052], [-7.37112, 57.550011], [-7.372162, 57.548969], [-7.373203, 57.548969], [-7.374245, 57.547927], [-7.375287, 57.548969], [-7.376328, 57.548969], [-7.37737, 57.548969], [-7.378412, 57.547927], [-7.379453, 57.547927], [-7.380495, 57.547927], [-7.381537, 57.546886], [-7.382578, 57.545844], [-7.38362, 57.544802], [-7.384662, 57.544802], [-7.385703, 57.544802], [-7.386745, 57.543761], [-7.387787, 57.542719], [-7.388828, 57.541678], [-7.38987, 57.540636], [-7.390912, 57.539594], [-7.391953, 57.538552], [-7.392995, 57.537511], [-7.394037, 57.536469], [-7.395078, 57.535428], [-7.39612, 57.534386], [-7.397162, 57.533344]]}, "properties": {"node_id": "os:node/080409CB-4610-41D3-8C60-24F98AC5DFB5", "lat": 57.54949, "lon": -7.34215, "dist_m": 3741, "in_scope": false, "traced": true, "path_m": 5171, "straight_m": 3741, "detour": 1.38, "max_elev_crossed_m": 4.6, "min_depth_m": -0.9, "drying_px": 46, "drying_m": 4405, "drying_frac": 0.852}}, {"type": "Feature", "geometry": {"type": "LineString", "coordinates": [[-2.516659, 56.707369], [-2.515618, 56.707369], [-2.514576, 56.707369], [-2.513534, 56.707369], [-2.512492, 56.707369], [-2.511451, 56.707369], [-2.510409, 56.707369], [-2.509368, 56.707369], [-2.508326, 56.707369], [-2.507284, 56.707369], [-2.506242, 56.707369], [-2.505201, 56.707369], [-2.504159, 56.707369], [-2.503118, 56.707369], [-2.502076, 56.707369], [-2.501034, 56.707369], [-2.499992, 56.707369], [-2.498951, 56.707369], [-2.497909, 56.707369], [-2.496868, 56.707369], [-2.495826, 56.707369], [-2.494784, 56.707369], [-2.493742, 56.707369], [-2.492701, 56.707369], [-2.491659, 56.707369], [-2.490618, 56.707369], [-2.489576, 56.707369], [-2.488534, 56.707369], [-2.487492, 56.707369], [-2.486451, 56.707369], [-2.485409, 56.707369], [-2.484368, 56.707369], [-2.483326, 56.707369], [-2.482284, 56.707369], [-2.481242, 56.707369], [-2.480201, 56.707369], [-2.479159, 56.707369], [-2.478118, 56.707369], [-2.477076, 56.707369], [-2.476034, 56.707369], [-2.474992, 56.706327], [-2.473951, 56.706327], [-2.472909, 56.706327], [-2.471868, 56.706327], [-2.470826, 56.706327], [-2.469784, 56.705286], [-2.468742, 56.705286], [-2.467701, 56.705286], [-2.466659, 56.704244], [-2.465618, 56.704244], [-2.464576, 56.703202], [-2.463534, 56.703202], [-2.462492, 56.703202], [-2.461451, 56.703202], [-2.460409, 56.703202], [-2.459368, 56.703202], [-2.458326, 56.703202]]}, "properties": {"node_id": "os:node/777133DD-8CA9-46AE-A333-CA923D9E3DB1", "lat": 56.70789, "lon": -2.51718, "dist_m": 3701, "in_scope": false, "traced": true, "path_m": 3839, "straight_m": 3701, "detour": 1.04, "max_elev_crossed_m": 0.3, "min_depth_m": -10.6, "drying_px": 7, "drying_m": 471, "drying_frac": 0.123}}, {"type": "Feature", "geometry": {"type": "LineString", "coordinates": [[-5.186579, 56.852219], [-5.185538, 56.851177], [-5.184496, 56.851177], [-5.183454, 56.851177], [-5.182413, 56.851177], [-5.181371, 56.851177], [-5.180329, 56.851177], [-5.179288, 56.851177], [-5.178246, 56.851177], [-5.177204, 56.850136], [-5.176162, 56.849094], [-5.175121, 56.848052], [-5.174079, 56.847011], [-5.173038, 56.845969], [-5.171996, 56.844928], [-5.170954, 56.844928], [-5.169913, 56.844928], [-5.168871, 56.844928], [-5.167829, 56.844928], [-5.166788, 56.844928], [-5.165746, 56.844928], [-5.164704, 56.843886], [-5.163662, 56.842844], [-5.162621, 56.842844], [-5.161579, 56.841802], [-5.160538, 56.840761], [-5.159496, 56.841802], [-5.158454, 56.841802], [-5.157412, 56.840761], [-5.156371, 56.840761], [-5.155329, 56.840761], [-5.154288, 56.839719], [-5.153246, 56.839719], [-5.152204, 56.838677], [-5.151163, 56.838677], [-5.150121, 56.837636], [-5.149079, 56.837636], [-5.148038, 56.837636], [-5.146996, 56.837636], [-5.145954, 56.837636], [-5.144912, 56.837636], [-5.143871, 56.837636], [-5.142829, 56.838677], [-5.141788, 56.838677], [-5.140746, 56.838677], [-5.139704, 56.838677], [-5.138663, 56.838677], [-5.137621, 56.838677], [-5.136579, 56.838677], [-5.135538, 56.837636]]}, "properties": {"node_id": "os:node/60F59AA0-3B4F-4FB9-B30C-86DFE07ED09A", "lat": 56.85274, "lon": -5.1871, "dist_m": 3652, "in_scope": false, "traced": true, "path_m": 4344, "straight_m": 3652, "detour": 1.19, "max_elev_crossed_m": 5.0, "min_depth_m": -12.3, "drying_px": 36, "drying_m": 3128, "drying_frac": 0.72}}, {"type": "Feature", "geometry": {"type": "LineString", "coordinates": [[-5.810288, 56.791922], [-5.811329, 56.79088], [-5.812371, 56.79088], [-5.813413, 56.79088], [-5.814454, 56.79088], [-5.815496, 56.79088], [-5.816538, 56.789839], [-5.817579, 56.789839], [-5.818621, 56.789839], [-5.819663, 56.788797], [-5.820704, 56.788797], [-5.821746, 56.787755], [-5.822788, 56.786714], [-5.823829, 56.785672], [-5.824871, 56.78463], [-5.824871, 56.783589], [-5.825913, 56.782547], [-5.826954, 56.782547], [-5.827996, 56.781505], [-5.829038, 56.781505], [-5.830079, 56.781505], [-5.831121, 56.781505], [-5.832163, 56.781505], [-5.833204, 56.781505], [-5.834246, 56.781505], [-5.835288, 56.781505], [-5.836329, 56.781505], [-5.837371, 56.781505], [-5.838413, 56.781505], [-5.839454, 56.782547], [-5.840496, 56.782547], [-5.841538, 56.782547], [-5.842579, 56.782547], [-5.843621, 56.782547], [-5.844663, 56.782547], [-5.845704, 56.782547], [-5.846746, 56.782547], [-5.847788, 56.782547], [-5.848829, 56.782547], [-5.849871, 56.782547], [-5.850913, 56.782547], [-5.851954, 56.782547], [-5.852996, 56.782547], [-5.854038, 56.782547], [-5.855079, 56.782547], [-5.856121, 56.782547], [-5.857163, 56.782547], [-5.858204, 56.782547], [-5.859246, 56.782547], [-5.860288, 56.782547], [-5.861329, 56.782547], [-5.862371, 56.782547], [-5.863413, 56.782547], [-5.864454, 56.782547], [-5.865496, 56.782547], [-5.866538, 56.782547], [-5.867579, 56.782547], [-5.868621, 56.782547], [-5.869663, 56.782547], [-5.870704, 56.782547], [-5.871746, 56.783589], [-5.872788, 56.78463], [-5.873829, 56.785672], [-5.874871, 56.785672], [-5.875913, 56.786714], [-5.876954, 56.785672], [-5.877996, 56.785672], [-5.879038, 56.786714], [-5.879038, 56.787755], [-5.880079, 56.788797], [-5.881121, 56.788797]]}, "properties": {"node_id": "os:node/5CB8B472-F480-45DB-8D60-6480521399FD", "lat": 56.79149, "lon": -5.8106, "dist_m": 3624, "in_scope": false, "traced": true, "path_m": 5718, "straight_m": 3624, "detour": 1.58, "max_elev_crossed_m": 0.0, "min_depth_m": -34.1, "drying_px": 31, "drying_m": 2497, "drying_frac": 0.437}}, {"type": "Feature", "geometry": {"type": "LineString", "coordinates": [[-2.910045, 53.731239], [-2.911086, 53.731239], [-2.912128, 53.731239], [-2.91317, 53.731239], [-2.914211, 53.731239], [-2.915253, 53.731239], [-2.916295, 53.730197], [-2.917336, 53.730197], [-2.918378, 53.730197], [-2.91942, 53.730197], [-2.920461, 53.730197], [-2.921503, 53.730197], [-2.922545, 53.730197], [-2.923586, 53.730197], [-2.924628, 53.730197], [-2.92567, 53.730197], [-2.926711, 53.730197], [-2.927753, 53.730197], [-2.928795, 53.730197], [-2.929836, 53.730197], [-2.930878, 53.730197], [-2.93192, 53.730197], [-2.932961, 53.730197], [-2.934003, 53.730197], [-2.935045, 53.730197], [-2.936086, 53.730197], [-2.937128, 53.730197], [-2.93817, 53.730197], [-2.939211, 53.730197], [-2.940253, 53.730197], [-2.941295, 53.730197], [-2.942336, 53.730197], [-2.943378, 53.730197], [-2.94442, 53.730197], [-2.945461, 53.730197], [-2.946503, 53.729156], [-2.947545, 53.728114], [-2.948586, 53.727072], [-2.949628, 53.727072], [-2.95067, 53.727072], [-2.951711, 53.727072], [-2.952753, 53.726031], [-2.953795, 53.724989], [-2.954836, 53.724989], [-2.955878, 53.723948], [-2.95692, 53.722906], [-2.957961, 53.721864], [-2.959003, 53.720822], [-2.960045, 53.719781], [-2.961086, 53.718739], [-2.962128, 53.719781]]}, "properties": {"node_id": "os:node/77574BC7-1C27-4549-8FF5-8F7478311ACA", "lat": 53.73176, "lon": -2.90996, "dist_m": 3601, "in_scope": true, "traced": true, "path_m": 4290, "straight_m": 3601, "detour": 1.19, "max_elev_crossed_m": 3.8, "min_depth_m": -1.0, "drying_px": 39, "drying_m": 3280, "drying_frac": 0.765}}, {"type": "Feature", "geometry": {"type": "LineString", "coordinates": [[-1.471466, 60.220361], [-1.472508, 60.220361], [-1.473549, 60.220361], [-1.474591, 60.219319], [-1.475633, 60.219319], [-1.476674, 60.218277], [-1.477716, 60.218277], [-1.478758, 60.218277], [-1.479799, 60.218277], [-1.480841, 60.217236], [-1.481883, 60.217236], [-1.482924, 60.217236], [-1.483966, 60.217236], [-1.485008, 60.217236], [-1.486049, 60.217236], [-1.487091, 60.217236], [-1.488133, 60.217236], [-1.489174, 60.217236], [-1.490216, 60.216194], [-1.491258, 60.216194], [-1.492299, 60.216194], [-1.493341, 60.216194], [-1.494383, 60.215152], [-1.495424, 60.215152], [-1.496466, 60.215152], [-1.497508, 60.215152], [-1.498549, 60.215152], [-1.499591, 60.215152], [-1.500633, 60.215152], [-1.501674, 60.215152], [-1.502716, 60.214111], [-1.503758, 60.213069], [-1.504799, 60.213069], [-1.505841, 60.213069], [-1.506883, 60.213069], [-1.507924, 60.213069], [-1.508966, 60.213069], [-1.510008, 60.213069], [-1.511049, 60.213069], [-1.512091, 60.213069], [-1.513133, 60.213069], [-1.514174, 60.213069], [-1.515216, 60.213069], [-1.516258, 60.213069], [-1.517299, 60.213069], [-1.518341, 60.213069], [-1.519383, 60.213069], [-1.520424, 60.213069], [-1.521466, 60.213069], [-1.522508, 60.213069], [-1.523549, 60.214111], [-1.524591, 60.215152], [-1.525633, 60.216194], [-1.526674, 60.216194], [-1.527716, 60.216194], [-1.528758, 60.216194], [-1.529799, 60.216194], [-1.530841, 60.216194], [-1.531883, 60.215152], [-1.532924, 60.214111], [-1.532924, 60.213069]]}, "properties": {"node_id": "os:node/A01346E7-618D-4193-9565-356DF8C00087", "lat": 60.21984, "lon": -1.4717, "dist_m": 3556, "in_scope": false, "traced": true, "path_m": 4377, "straight_m": 3556, "detour": 1.23, "max_elev_crossed_m": 2.6, "min_depth_m": -15.0, "drying_px": 24, "drying_m": 1722, "drying_frac": 0.393}}, {"type": "Feature", "geometry": {"type": "LineString", "coordinates": [[-5.34688, 56.470779], [-5.347922, 56.469737], [-5.348963, 56.468696], [-5.350005, 56.468696], [-5.351047, 56.467654], [-5.352088, 56.467654], [-5.35313, 56.467654], [-5.354172, 56.466612], [-5.355213, 56.465571], [-5.356255, 56.464529], [-5.357297, 56.463488], [-5.358338, 56.462446], [-5.35938, 56.461404], [-5.360422, 56.460362], [-5.361463, 56.460362], [-5.362505, 56.459321], [-5.363547, 56.459321], [-5.364588, 56.458279], [-5.36563, 56.458279], [-5.366672, 56.458279], [-5.367713, 56.458279], [-5.368755, 56.457238], [-5.369797, 56.457238], [-5.370838, 56.457238], [-5.37188, 56.457238], [-5.372922, 56.457238], [-5.373963, 56.457238], [-5.375005, 56.457238], [-5.376047, 56.457238], [-5.377088, 56.457238], [-5.37813, 56.457238], [-5.379172, 56.457238], [-5.380213, 56.457238], [-5.381255, 56.457238], [-5.382297, 56.457238], [-5.383338, 56.457238], [-5.38438, 56.457238], [-5.385422, 56.457238], [-5.386463, 56.457238], [-5.387505, 56.457238], [-5.388547, 56.457238], [-5.389588, 56.457238], [-5.39063, 56.457238], [-5.391672, 56.457238], [-5.392713, 56.457238], [-5.393755, 56.457238], [-5.394797, 56.457238], [-5.395838, 56.456196]]}, "properties": {"node_id": "os:node/BA90BA8D-B9FC-43CC-ADEC-349D854F6D43", "lat": 56.4713, "lon": -5.34668, "dist_m": 3530, "in_scope": false, "traced": true, "path_m": 3968, "straight_m": 3530, "detour": 1.12, "max_elev_crossed_m": 0.6, "min_depth_m": -23.1, "drying_px": 5, "drying_m": 413, "drying_frac": 0.104}}, {"type": "Feature", "geometry": {"type": "LineString", "coordinates": [[-7.318204, 57.481527], [-7.317162, 57.482569], [-7.316121, 57.48361], [-7.315079, 57.484652], [-7.315079, 57.485694], [-7.316121, 57.486735], [-7.317162, 57.487777], [-7.318204, 57.488819], [-7.319246, 57.488819], [-7.320287, 57.48986], [-7.321329, 57.48986], [-7.322371, 57.490902], [-7.323412, 57.491944], [-7.324454, 57.491944], [-7.325496, 57.491944], [-7.326537, 57.491944], [-7.327579, 57.492985], [-7.328621, 57.494027], [-7.329662, 57.495069], [-7.330704, 57.49611], [-7.331746, 57.497152], [-7.332787, 57.498194], [-7.333829, 57.498194], [-7.334871, 57.498194], [-7.335912, 57.498194], [-7.336954, 57.498194], [-7.337996, 57.497152], [-7.339037, 57.497152], [-7.340079, 57.497152], [-7.341121, 57.497152], [-7.342162, 57.49611], [-7.343204, 57.49611], [-7.344246, 57.49611], [-7.345287, 57.49611], [-7.346329, 57.497152], [-7.347371, 57.497152], [-7.348412, 57.497152], [-7.349454, 57.497152], [-7.350496, 57.497152], [-7.351537, 57.49611], [-7.352579, 57.495069], [-7.353621, 57.49611], [-7.354662, 57.49611], [-7.355704, 57.49611], [-7.356746, 57.495069], [-7.357787, 57.495069], [-7.358829, 57.49611], [-7.359871, 57.49611], [-7.360912, 57.497152], [-7.361954, 57.498194], [-7.362996, 57.499235], [-7.364037, 57.499235], [-7.365079, 57.499235], [-7.366121, 57.498194], [-7.367162, 57.498194], [-7.368204, 57.497152], [-7.369246, 57.49611], [-7.370287, 57.49611], [-7.371329, 57.495069], [-7.372371, 57.49611]]}, "properties": {"node_id": "os:node/89C3D6F6-90FC-4732-A0CC-231FE99535B7", "lat": 57.482, "lon": -7.31853, "dist_m": 3506, "in_scope": false, "traced": true, "path_m": 5880, "straight_m": 3506, "detour": 1.68, "max_elev_crossed_m": 4.6, "min_depth_m": -4.1, "drying_px": 33, "drying_m": 3234, "drying_frac": 0.55}}, {"type": "Feature", "geometry": {"type": "LineString", "coordinates": [[-6.495479, 58.092695], [-6.494438, 58.093736], [-6.493396, 58.094778], [-6.492354, 58.094778], [-6.491313, 58.094778], [-6.490271, 58.094778], [-6.489229, 58.094778], [-6.488188, 58.094778], [-6.487146, 58.094778], [-6.486104, 58.094778], [-6.485063, 58.094778], [-6.484021, 58.094778], [-6.482979, 58.094778], [-6.481938, 58.09582], [-6.480896, 58.096861], [-6.479854, 58.096861], [-6.478813, 58.096861], [-6.477771, 58.096861], [-6.476729, 58.096861], [-6.475688, 58.096861], [-6.474646, 58.096861], [-6.473604, 58.096861], [-6.472563, 58.096861], [-6.471521, 58.096861], [-6.470479, 58.096861], [-6.469438, 58.096861], [-6.468396, 58.096861], [-6.467354, 58.097903], [-6.466313, 58.097903], [-6.465271, 58.097903], [-6.464229, 58.097903], [-6.463188, 58.098945], [-6.462146, 58.099986], [-6.461104, 58.101028], [-6.460063, 58.10207], [-6.459021, 58.103111], [-6.457979, 58.104153], [-6.456938, 58.105195], [-6.455896, 58.106236], [-6.454854, 58.107278], [-6.453813, 58.10832], [-6.452771, 58.109361], [-6.451729, 58.110403], [-6.450688, 58.111445], [-6.449646, 58.112486], [-6.448604, 58.113528]]}, "properties": {"node_id": "os:node/D193B408-B362-4224-A8C0-51241976EE7D", "lat": 58.0928, "lon": -6.496, "dist_m": 3505, "in_scope": false, "traced": true, "path_m": 4155, "straight_m": 3505, "detour": 1.19, "max_elev_crossed_m": 21.4, "min_depth_m": -27.0, "drying_px": 30, "drying_m": 2710, "drying_frac": 0.652}}, {"type": "Feature", "geometry": {"type": "LineString", "coordinates": [[-2.911086, 53.731139], [-2.912128, 53.731139], [-2.91317, 53.731139], [-2.914211, 53.731139], [-2.915253, 53.731139], [-2.916295, 53.730097], [-2.917336, 53.730097], [-2.918378, 53.730097], [-2.91942, 53.730097], [-2.920461, 53.730097], [-2.921503, 53.730097], [-2.922545, 53.730097], [-2.923586, 53.730097], [-2.924628, 53.730097], [-2.92567, 53.730097], [-2.926711, 53.730097], [-2.927753, 53.730097], [-2.928795, 53.730097], [-2.929836, 53.730097], [-2.930878, 53.730097], [-2.93192, 53.730097], [-2.932961, 53.730097], [-2.934003, 53.730097], [-2.935045, 53.730097], [-2.936086, 53.730097], [-2.937128, 53.730097], [-2.93817, 53.730097], [-2.939211, 53.730097], [-2.940253, 53.730097], [-2.941295, 53.730097], [-2.942336, 53.730097], [-2.943378, 53.730097], [-2.94442, 53.730097], [-2.945461, 53.730097], [-2.946503, 53.729056], [-2.947545, 53.728014], [-2.948586, 53.726972], [-2.949628, 53.726972], [-2.95067, 53.726972], [-2.951711, 53.726972], [-2.952753, 53.725931], [-2.953795, 53.724889], [-2.954836, 53.724889], [-2.955878, 53.723848], [-2.95692, 53.722806], [-2.957961, 53.721764], [-2.959003, 53.720722], [-2.960045, 53.719681], [-2.961086, 53.718639], [-2.962128, 53.719681]]}, "properties": {"node_id": "os:node/4A9D7A76-6B77-4CC4-BA69-88F0702D5D73", "lat": 53.73166, "lon": -2.91159, "dist_m": 3497, "in_scope": true, "traced": true, "path_m": 4221, "straight_m": 3497, "detour": 1.21, "max_elev_crossed_m": 3.8, "min_depth_m": -1.0, "drying_px": 38, "drying_m": 3208, "drying_frac": 0.76}}, {"type": "Feature", "geometry": {"type": "LineString", "coordinates": [[-4.467064, 55.924638], [-4.468106, 55.924638], [-4.469148, 55.923597], [-4.470189, 55.923597], [-4.471231, 55.923597], [-4.472273, 55.924638], [-4.473314, 55.924638], [-4.474356, 55.924638], [-4.475398, 55.924638], [-4.476439, 55.924638], [-4.477481, 55.924638], [-4.478523, 55.92568], [-4.479564, 55.926722], [-4.480606, 55.926722], [-4.481648, 55.926722], [-4.482689, 55.926722], [-4.483731, 55.927763], [-4.484773, 55.927763], [-4.485814, 55.926722], [-4.486856, 55.926722], [-4.487898, 55.926722], [-4.488939, 55.926722], [-4.489981, 55.926722], [-4.491023, 55.926722], [-4.492064, 55.926722], [-4.493106, 55.92568], [-4.494148, 55.92568], [-4.495189, 55.92568], [-4.496231, 55.92568], [-4.497273, 55.924638], [-4.498314, 55.923597], [-4.499356, 55.923597], [-4.500398, 55.923597], [-4.501439, 55.923597], [-4.502481, 55.924638], [-4.503523, 55.924638], [-4.504564, 55.924638], [-4.505606, 55.924638], [-4.506648, 55.92568], [-4.507689, 55.926722], [-4.508731, 55.926722], [-4.509773, 55.926722], [-4.510814, 55.926722], [-4.511856, 55.926722], [-4.512898, 55.926722], [-4.513939, 55.92568], [-4.514981, 55.92568], [-4.516023, 55.92568], [-4.517064, 55.926722], [-4.518106, 55.927763], [-4.519148, 55.928805], [-4.519148, 55.929847]]}, "properties": {"node_id": "os:node/3816379C-903D-4584-BDB3-D62AA2C140E5", "lat": 55.92468, "lon": -4.46673, "dist_m": 3486, "in_scope": false, "traced": true, "path_m": 4452, "straight_m": 3486, "detour": 1.28, "max_elev_crossed_m": 2.4, "min_depth_m": -7.4, "drying_px": 38, "drying_m": 3253, "drying_frac": 0.731}}, {"type": "Feature", "geometry": {"type": "LineString", "coordinates": [[-6.146139, 57.301663], [-6.145098, 57.302705], [-6.144056, 57.303747], [-6.143014, 57.303747], [-6.141973, 57.304788], [-6.140931, 57.30583], [-6.139889, 57.30583], [-6.138848, 57.306872], [-6.137806, 57.306872], [-6.136764, 57.307913], [-6.135722, 57.308955], [-6.134681, 57.309997], [-6.133639, 57.311038], [-6.132598, 57.311038], [-6.131556, 57.311038], [-6.130514, 57.311038], [-6.129472, 57.311038], [-6.128431, 57.311038], [-6.127389, 57.311038], [-6.126348, 57.311038], [-6.125306, 57.311038], [-6.124264, 57.31208], [-6.123222, 57.31208], [-6.122181, 57.313122], [-6.121139, 57.313122], [-6.120098, 57.313122], [-6.119056, 57.314163], [-6.118014, 57.314163], [-6.116972, 57.314163], [-6.115931, 57.314163], [-6.114889, 57.314163], [-6.113848, 57.314163], [-6.112806, 57.314163], [-6.111764, 57.314163], [-6.110723, 57.314163], [-6.109681, 57.315205], [-6.108639, 57.315205], [-6.107598, 57.315205], [-6.106556, 57.316247], [-6.105514, 57.317288], [-6.104472, 57.317288], [-6.103431, 57.31833], [-6.102389, 57.317288], [-6.101348, 57.31833], [-6.100306, 57.31833], [-6.099264, 57.319372], [-6.098222, 57.319372], [-6.097181, 57.319372], [-6.096139, 57.319372]]}, "properties": {"node_id": "os:node/C10CD702-B62C-45D6-A184-1993A7CF6BFD", "lat": 57.30181, "lon": -6.14666, "dist_m": 3478, "in_scope": false, "traced": true, "path_m": 4321, "straight_m": 3478, "detour": 1.24, "max_elev_crossed_m": 1.7, "min_depth_m": -4.4, "drying_px": 40, "drying_m": 3527, "drying_frac": 0.816}}, {"type": "Feature", "geometry": {"type": "LineString", "coordinates": [[-5.610394, 56.688981], [-5.611436, 56.687939], [-5.612478, 56.687939], [-5.613519, 56.686897], [-5.614561, 56.685856], [-5.615603, 56.684814], [-5.616644, 56.683772], [-5.617686, 56.682731], [-5.618728, 56.683772], [-5.619769, 56.683772], [-5.620811, 56.684814], [-5.621853, 56.684814], [-5.622894, 56.684814], [-5.623936, 56.685856], [-5.624978, 56.685856], [-5.626019, 56.685856], [-5.627061, 56.684814], [-5.628103, 56.684814], [-5.629144, 56.684814], [-5.630186, 56.684814], [-5.631228, 56.683772], [-5.632269, 56.683772], [-5.633311, 56.683772], [-5.634353, 56.683772], [-5.635394, 56.683772], [-5.636436, 56.683772], [-5.637478, 56.683772], [-5.638519, 56.683772], [-5.639561, 56.683772], [-5.640603, 56.683772], [-5.641644, 56.683772], [-5.642686, 56.683772], [-5.643728, 56.682731], [-5.644769, 56.682731], [-5.645811, 56.682731], [-5.646853, 56.682731], [-5.647894, 56.681689], [-5.648936, 56.680648], [-5.649978, 56.679606], [-5.651019, 56.679606], [-5.652061, 56.679606], [-5.653103, 56.679606], [-5.654144, 56.679606], [-5.655186, 56.679606], [-5.656228, 56.678564], [-5.657269, 56.678564], [-5.658311, 56.678564], [-5.659353, 56.679606], [-5.660394, 56.679606], [-5.661436, 56.679606], [-5.662478, 56.679606], [-5.663519, 56.679606], [-5.664561, 56.679606]]}, "properties": {"node_id": "os:node/C717F54B-9491-4C2B-93AF-EF1E0F85F2FC", "lat": 56.68846, "lon": -5.61084, "dist_m": 3461, "in_scope": false, "traced": true, "path_m": 4478, "straight_m": 3461, "detour": 1.29, "max_elev_crossed_m": 4.6, "min_depth_m": -19.3, "drying_px": 36, "drying_m": 3042, "drying_frac": 0.679}}, {"type": "Feature", "geometry": {"type": "LineString", "coordinates": [[-6.483319, 58.138559], [-6.482278, 58.138559], [-6.481236, 58.138559], [-6.480194, 58.138559], [-6.479153, 58.138559], [-6.478111, 58.138559], [-6.477069, 58.138559], [-6.476028, 58.137517], [-6.474986, 58.137517], [-6.473944, 58.137517], [-6.472902, 58.137517], [-6.471861, 58.137517], [-6.470819, 58.136476], [-6.469778, 58.135434], [-6.468736, 58.134392], [-6.467694, 58.134392], [-6.466652, 58.134392], [-6.465611, 58.134392], [-6.464569, 58.134392], [-6.463528, 58.134392], [-6.462486, 58.134392], [-6.461444, 58.134392], [-6.460402, 58.133351], [-6.459361, 58.133351], [-6.458319, 58.132309], [-6.457278, 58.132309], [-6.456236, 58.132309], [-6.455194, 58.132309], [-6.454152, 58.132309], [-6.453111, 58.132309], [-6.452069, 58.131268], [-6.451028, 58.131268], [-6.449986, 58.131268], [-6.448944, 58.131268], [-6.447903, 58.131268], [-6.446861, 58.130226], [-6.445819, 58.130226], [-6.444778, 58.130226], [-6.443736, 58.130226], [-6.442694, 58.130226], [-6.441652, 58.130226], [-6.440611, 58.130226], [-6.439569, 58.130226], [-6.438528, 58.130226], [-6.437486, 58.130226], [-6.436444, 58.130226], [-6.435402, 58.130226], [-6.434361, 58.130226], [-6.433319, 58.130226], [-6.432278, 58.129184], [-6.431236, 58.128142], [-6.430194, 58.127101], [-6.429152, 58.126059], [-6.428111, 58.125018], [-6.428111, 58.123976], [-6.428111, 58.122934], [-6.427069, 58.121892]]}, "properties": {"node_id": "os:node/79B5CA18-184F-4F15-B957-B6C95C0E975D", "lat": 58.13908, "lon": -6.48384, "dist_m": 3392, "in_scope": false, "traced": true, "path_m": 4516, "straight_m": 3392, "detour": 1.33, "max_elev_crossed_m": 0.3, "min_depth_m": -22.4, "drying_px": 50, "drying_m": 3961, "drying_frac": 0.877}}, {"type": "Feature", "geometry": {"type": "LineString", "coordinates": [[-7.229169, 57.499259], [-7.229169, 57.500301], [-7.228128, 57.501343], [-7.227086, 57.502384], [-7.226044, 57.502384], [-7.225003, 57.503426], [-7.223961, 57.504468], [-7.222919, 57.505509], [-7.221878, 57.505509], [-7.220836, 57.505509], [-7.219794, 57.505509], [-7.218753, 57.505509], [-7.217711, 57.504468], [-7.216669, 57.503426], [-7.215628, 57.502384], [-7.214586, 57.501343], [-7.214586, 57.500301], [-7.214586, 57.499259], [-7.214586, 57.498218], [-7.214586, 57.497176], [-7.214586, 57.496134], [-7.214586, 57.495093], [-7.213544, 57.494051], [-7.212503, 57.493009], [-7.211461, 57.491968], [-7.210419, 57.490926], [-7.209378, 57.489884], [-7.208336, 57.488843], [-7.207294, 57.487801], [-7.206253, 57.486759], [-7.205211, 57.485718], [-7.204169, 57.484676], [-7.203128, 57.483634], [-7.203128, 57.482592], [-7.204169, 57.481551], [-7.203128, 57.480509], [-7.202086, 57.480509], [-7.201044, 57.479468], [-7.200003, 57.478426], [-7.198961, 57.477384], [-7.200003, 57.476343], [-7.201044, 57.475301], [-7.202086, 57.474259], [-7.203128, 57.473218]]}, "properties": {"node_id": "os:node/CB2B018D-F9BA-4AEA-B5B2-17144CA31915", "lat": 57.49978, "lon": -7.22969, "dist_m": 3378, "in_scope": false, "traced": true, "path_m": 5119, "straight_m": 3378, "detour": 1.52, "max_elev_crossed_m": 1.1, "min_depth_m": -0.1, "drying_px": 41, "drying_m": 4770, "drying_frac": 0.932}}, {"type": "Feature", "geometry": {"type": "LineString", "coordinates": [[-2.914211, 53.731981], [-2.915253, 53.731981], [-2.916295, 53.730939], [-2.917336, 53.730939], [-2.918378, 53.730939], [-2.91942, 53.730939], [-2.920461, 53.730939], [-2.921503, 53.730939], [-2.922545, 53.730939], [-2.923586, 53.730939], [-2.924628, 53.730939], [-2.92567, 53.730939], [-2.926711, 53.730939], [-2.927753, 53.730939], [-2.928795, 53.730939], [-2.929836, 53.730939], [-2.930878, 53.730939], [-2.93192, 53.730939], [-2.932961, 53.730939], [-2.934003, 53.730939], [-2.935045, 53.730939], [-2.936086, 53.730939], [-2.937128, 53.730939], [-2.93817, 53.730939], [-2.939211, 53.730939], [-2.940253, 53.730939], [-2.941295, 53.730939], [-2.942336, 53.730939], [-2.943378, 53.730939], [-2.94442, 53.730939], [-2.945461, 53.730939], [-2.946503, 53.729897], [-2.947545, 53.728856], [-2.948586, 53.727814], [-2.949628, 53.727814], [-2.95067, 53.727814], [-2.951711, 53.727814], [-2.952753, 53.726772], [-2.953795, 53.725731], [-2.954836, 53.725731], [-2.955878, 53.724689], [-2.95692, 53.723648], [-2.957961, 53.722606], [-2.959003, 53.721564], [-2.960045, 53.720522], [-2.961086, 53.719481], [-2.962128, 53.720522]]}, "properties": {"node_id": "os:node/93236FBB-59C0-4175-9889-936DE1B2082B", "lat": 53.73146, "lon": -2.91371, "dist_m": 3360, "in_scope": true, "traced": true, "path_m": 4015, "straight_m": 3360, "detour": 1.19, "max_elev_crossed_m": 3.2, "min_depth_m": -1.0, "drying_px": 35, "drying_m": 2990, "drying_frac": 0.745}}, {"type": "Feature", "geometry": {"type": "LineString", "coordinates": [[-1.514299, 60.240459], [-1.51534, 60.240459], [-1.516382, 60.240459], [-1.517424, 60.240459], [-1.518465, 60.240459], [-1.519507, 60.240459], [-1.520549, 60.239417], [-1.52159, 60.238376], [-1.522632, 60.237334], [-1.52159, 60.236292], [-1.520549, 60.235251], [-1.520549, 60.234209], [-1.519507, 60.233168], [-1.518465, 60.232126], [-1.518465, 60.231084], [-1.518465, 60.230042], [-1.517424, 60.229001], [-1.517424, 60.227959], [-1.517424, 60.226918], [-1.517424, 60.225876], [-1.517424, 60.224834], [-1.516382, 60.223792], [-1.516382, 60.222751], [-1.516382, 60.221709], [-1.516382, 60.220668], [-1.517424, 60.219626], [-1.518465, 60.218584], [-1.519507, 60.217542], [-1.520549, 60.216501], [-1.52159, 60.215459], [-1.522632, 60.214417], [-1.523674, 60.214417], [-1.524715, 60.214417], [-1.525757, 60.215459], [-1.526799, 60.215459], [-1.52784, 60.215459], [-1.528882, 60.215459], [-1.529924, 60.215459], [-1.530965, 60.215459], [-1.532007, 60.214417], [-1.533049, 60.213376], [-1.533049, 60.212334]]}, "properties": {"node_id": "os:node/8165F733-F0F0-4F5D-86DF-183C40717E6B", "lat": 60.24098, "lon": -1.51477, "dist_m": 3310, "in_scope": false, "traced": true, "path_m": 4296, "straight_m": 3310, "detour": 1.3, "max_elev_crossed_m": 1.8, "min_depth_m": -6.0, "drying_px": 29, "drying_m": 2967, "drying_frac": 0.69}}, {"type": "Feature", "geometry": {"type": "LineString", "coordinates": [[-5.375398, 56.512425], [-5.37644, 56.513466], [-5.377482, 56.514508], [-5.378523, 56.51555], [-5.379565, 56.516591], [-5.380607, 56.517633], [-5.381648, 56.518675], [-5.38269, 56.519716], [-5.383732, 56.520758], [-5.384773, 56.5218], [-5.385815, 56.522841], [-5.386857, 56.523883], [-5.387898, 56.524925], [-5.387898, 56.525966], [-5.38894, 56.527008], [-5.389982, 56.52805], [-5.391023, 56.529091], [-5.392065, 56.530133], [-5.393107, 56.531175], [-5.394148, 56.532216], [-5.39519, 56.533258], [-5.396232, 56.5343], [-5.397273, 56.535341], [-5.398315, 56.536383], [-5.399357, 56.537425], [-5.400398, 56.538466], [-5.40144, 56.538466], [-5.402482, 56.538466], [-5.403523, 56.538466], [-5.404565, 56.538466], [-5.405607, 56.539508], [-5.406648, 56.54055], [-5.40769, 56.54055], [-5.408732, 56.54055], [-5.409773, 56.54055], [-5.410815, 56.539508]]}, "properties": {"node_id": "os:node/60A36F82-85CB-496D-9D13-3363DE7C7342", "lat": 56.51268, "lon": -5.37581, "dist_m": 3255, "in_scope": false, "traced": true, "path_m": 4140, "straight_m": 3255, "detour": 1.27, "max_elev_crossed_m": 2.4, "min_depth_m": -20.2, "drying_px": 8, "drying_m": 920, "drying_frac": 0.222}}, {"type": "Feature", "geometry": {"type": "LineString", "coordinates": [[-5.139362, 56.679692], [-5.140404, 56.679692], [-5.141445, 56.679692], [-5.142487, 56.679692], [-5.143529, 56.679692], [-5.14457, 56.680734], [-5.145612, 56.680734], [-5.146654, 56.680734], [-5.147695, 56.680734], [-5.148737, 56.680734], [-5.149779, 56.680734], [-5.15082, 56.680734], [-5.151862, 56.680734], [-5.152904, 56.680734], [-5.153945, 56.680734], [-5.154987, 56.681776], [-5.156029, 56.682817], [-5.15707, 56.682817], [-5.158112, 56.683859], [-5.159154, 56.684901], [-5.160195, 56.684901], [-5.161237, 56.684901], [-5.162279, 56.683859], [-5.16332, 56.683859], [-5.164362, 56.684901], [-5.165404, 56.684901], [-5.166445, 56.685942], [-5.167487, 56.686984], [-5.168529, 56.686984], [-5.16957, 56.686984], [-5.170612, 56.686984], [-5.171654, 56.686984], [-5.172695, 56.688026], [-5.173737, 56.688026], [-5.174779, 56.688026], [-5.17582, 56.688026], [-5.176862, 56.689067], [-5.177904, 56.688026], [-5.178945, 56.688026], [-5.179987, 56.688026], [-5.181029, 56.688026], [-5.18207, 56.689067], [-5.183112, 56.689067], [-5.184154, 56.690109], [-5.185195, 56.690109], [-5.186237, 56.691151], [-5.187279, 56.690109], [-5.18832, 56.690109], [-5.189362, 56.690109], [-5.190404, 56.690109]]}, "properties": {"node_id": "os:node/28D531E3-0763-4C4B-92F7-7E2AA71E0A1A", "lat": 56.67966, "lon": -5.13934, "dist_m": 3237, "in_scope": false, "traced": true, "path_m": 4219, "straight_m": 3237, "detour": 1.3, "max_elev_crossed_m": 3.2, "min_depth_m": -87.1, "drying_px": 19, "drying_m": 1603, "drying_frac": 0.38}}, {"type": "Feature", "geometry": {"type": "LineString", "coordinates": [[-5.615603, 56.688559], [-5.615603, 56.687517], [-5.616644, 56.686476], [-5.617686, 56.685434], [-5.618728, 56.685434], [-5.619769, 56.685434], [-5.620811, 56.685434], [-5.621853, 56.685434], [-5.622894, 56.686476], [-5.623936, 56.686476], [-5.624978, 56.686476], [-5.626019, 56.685434], [-5.627061, 56.685434], [-5.628103, 56.685434], [-5.629144, 56.685434], [-5.630186, 56.684392], [-5.631228, 56.684392], [-5.632269, 56.684392], [-5.633311, 56.684392], [-5.634353, 56.684392], [-5.635394, 56.684392], [-5.636436, 56.684392], [-5.637478, 56.684392], [-5.638519, 56.684392], [-5.639561, 56.684392], [-5.640603, 56.684392], [-5.641644, 56.684392], [-5.642686, 56.683351], [-5.643728, 56.683351], [-5.644769, 56.683351], [-5.645811, 56.683351], [-5.646853, 56.682309], [-5.647894, 56.681268], [-5.648936, 56.680226], [-5.649978, 56.680226], [-5.651019, 56.680226], [-5.652061, 56.680226], [-5.653103, 56.680226], [-5.654144, 56.680226], [-5.655186, 56.679184], [-5.656228, 56.679184], [-5.657269, 56.679184], [-5.658311, 56.680226], [-5.659353, 56.680226], [-5.660394, 56.680226], [-5.661436, 56.680226], [-5.662478, 56.680226], [-5.663519, 56.680226]]}, "properties": {"node_id": "os:node/BF4ECAF2-0E9C-4710-9D18-D4AF2972DD2B", "lat": 56.68908, "lon": -5.61538, "dist_m": 3219, "in_scope": false, "traced": true, "path_m": 3800, "straight_m": 3219, "detour": 1.18, "max_elev_crossed_m": 5.2, "min_depth_m": -19.3, "drying_px": 37, "drying_m": 2929, "drying_frac": 0.771}}, {"type": "Feature", "geometry": {"type": "LineString", "coordinates": [[-5.565782, 56.995321], [-5.566823, 56.994279], [-5.567865, 56.993237], [-5.568907, 56.993237], [-5.569948, 56.993237], [-5.57099, 56.992196], [-5.572032, 56.992196], [-5.573073, 56.992196], [-5.574115, 56.991154], [-5.575157, 56.990112], [-5.576198, 56.989071], [-5.57724, 56.988029], [-5.578282, 56.986988], [-5.579323, 56.985946], [-5.580365, 56.985946], [-5.581407, 56.985946], [-5.582448, 56.985946], [-5.58349, 56.985946], [-5.584532, 56.985946], [-5.585573, 56.985946], [-5.586615, 56.985946], [-5.587657, 56.985946], [-5.588698, 56.985946], [-5.58974, 56.985946], [-5.590782, 56.985946], [-5.591823, 56.985946], [-5.592865, 56.985946], [-5.593907, 56.985946], [-5.594948, 56.985946], [-5.59599, 56.984904], [-5.597032, 56.984904], [-5.598073, 56.984904], [-5.599115, 56.984904], [-5.600157, 56.984904], [-5.601198, 56.984904], [-5.60224, 56.984904], [-5.603282, 56.984904], [-5.604323, 56.984904], [-5.605365, 56.984904], [-5.606407, 56.984904], [-5.607448, 56.984904], [-5.60849, 56.983862], [-5.609532, 56.983862], [-5.610573, 56.983862], [-5.611615, 56.983862], [-5.612657, 56.982821], [-5.613698, 56.982821]]}, "properties": {"node_id": "os:node/12BB0C1D-53EF-4050-91CB-A576753FE2E7", "lat": 56.9948, "lon": -5.56596, "dist_m": 3218, "in_scope": false, "traced": true, "path_m": 3732, "straight_m": 3218, "detour": 1.16, "max_elev_crossed_m": 8.8, "min_depth_m": -71.7, "drying_px": 17, "drying_m": 1350, "drying_frac": 0.362}}, {"type": "Feature", "geometry": {"type": "LineString", "coordinates": [[-2.916295, 53.731801], [-2.917336, 53.730759], [-2.918378, 53.730759], [-2.91942, 53.730759], [-2.920461, 53.730759], [-2.921503, 53.730759], [-2.922545, 53.730759], [-2.923586, 53.730759], [-2.924628, 53.730759], [-2.92567, 53.730759], [-2.926711, 53.730759], [-2.927753, 53.730759], [-2.928795, 53.730759], [-2.929836, 53.730759], [-2.930878, 53.730759], [-2.93192, 53.730759], [-2.932961, 53.730759], [-2.934003, 53.730759], [-2.935045, 53.730759], [-2.936086, 53.730759], [-2.937128, 53.730759], [-2.93817, 53.730759], [-2.939211, 53.730759], [-2.940253, 53.730759], [-2.941295, 53.730759], [-2.942336, 53.730759], [-2.943378, 53.730759], [-2.94442, 53.730759], [-2.945461, 53.730759], [-2.946503, 53.729717], [-2.947545, 53.728676], [-2.948586, 53.727634], [-2.949628, 53.727634], [-2.95067, 53.727634], [-2.951711, 53.727634], [-2.952753, 53.726592], [-2.953795, 53.725551], [-2.954836, 53.725551], [-2.955878, 53.724509], [-2.95692, 53.723468], [-2.957961, 53.722426], [-2.959003, 53.721384], [-2.960045, 53.720342], [-2.961086, 53.719301], [-2.962128, 53.720342]]}, "properties": {"node_id": "os:node/D8C9AAF3-EB21-482E-B45C-BF4C1B4CC68E", "lat": 53.73128, "lon": -2.91604, "dist_m": 3212, "in_scope": true, "traced": true, "path_m": 3878, "straight_m": 3212, "detour": 1.21, "max_elev_crossed_m": 3.3, "min_depth_m": -1.0, "drying_px": 33, "drying_m": 2844, "drying_frac": 0.733}}, {"type": "Feature", "geometry": {"type": "LineString", "coordinates": [[-6.477669, 58.138919], [-6.476628, 58.138919], [-6.475586, 58.137877], [-6.474544, 58.137877], [-6.473502, 58.137877], [-6.472461, 58.137877], [-6.471419, 58.137877], [-6.470378, 58.137877], [-6.469336, 58.137877], [-6.468294, 58.137877], [-6.467252, 58.137877], [-6.466211, 58.136836], [-6.465169, 58.136836], [-6.464128, 58.135794], [-6.463086, 58.134752], [-6.462044, 58.134752], [-6.461002, 58.134752], [-6.459961, 58.133711], [-6.458919, 58.133711], [-6.457878, 58.132669], [-6.456836, 58.132669], [-6.455794, 58.132669], [-6.454752, 58.132669], [-6.453711, 58.132669], [-6.452669, 58.132669], [-6.451628, 58.131628], [-6.450586, 58.131628], [-6.449544, 58.131628], [-6.448502, 58.131628], [-6.447461, 58.131628], [-6.446419, 58.130586], [-6.445378, 58.130586], [-6.444336, 58.130586], [-6.443294, 58.130586], [-6.442252, 58.130586], [-6.441211, 58.130586], [-6.440169, 58.130586], [-6.439128, 58.130586], [-6.438086, 58.130586], [-6.437044, 58.130586], [-6.436002, 58.130586], [-6.434961, 58.130586], [-6.433919, 58.130586], [-6.432878, 58.130586], [-6.431836, 58.129544], [-6.430794, 58.128502], [-6.429752, 58.127461], [-6.428711, 58.126419], [-6.427669, 58.125378], [-6.427669, 58.124336], [-6.427669, 58.123294], [-6.426628, 58.122252]]}, "properties": {"node_id": "os:node/AEE9CF97-F46E-44E6-82AF-D4E804388F01", "lat": 58.13944, "lon": -6.47819, "dist_m": 3211, "in_scope": false, "traced": true, "path_m": 4210, "straight_m": 3211, "detour": 1.31, "max_elev_crossed_m": 0.3, "min_depth_m": -7.7, "drying_px": 44, "drying_m": 3562, "drying_frac": 0.846}}, {"type": "Feature", "geometry": {"type": "LineString", "coordinates": [[-7.340879, 57.233889], [-7.339838, 57.232847], [-7.338796, 57.231806], [-7.337754, 57.230764], [-7.336713, 57.229722], [-7.335671, 57.229722], [-7.334629, 57.229722], [-7.333588, 57.229722], [-7.332546, 57.229722], [-7.331504, 57.229722], [-7.330463, 57.229722], [-7.329421, 57.229722], [-7.328379, 57.229722], [-7.327338, 57.229722], [-7.326296, 57.229722], [-7.325254, 57.229722], [-7.324213, 57.229722], [-7.323171, 57.229722], [-7.322129, 57.229722], [-7.321088, 57.229722], [-7.320046, 57.229722], [-7.319004, 57.229722], [-7.317963, 57.229722], [-7.316921, 57.230764], [-7.315879, 57.230764], [-7.314838, 57.230764], [-7.313796, 57.230764], [-7.312754, 57.230764], [-7.311713, 57.230764], [-7.310671, 57.230764], [-7.309629, 57.230764], [-7.308588, 57.230764], [-7.307546, 57.230764], [-7.306504, 57.229722], [-7.306504, 57.228681], [-7.305463, 57.227639], [-7.305463, 57.226598], [-7.305463, 57.225556], [-7.304421, 57.224514], [-7.303379, 57.224514], [-7.302338, 57.223472], [-7.301296, 57.223472], [-7.300254, 57.223472], [-7.299213, 57.223472], [-7.298171, 57.223472], [-7.297129, 57.223472], [-7.296088, 57.223472], [-7.295046, 57.222431]]}, "properties": {"node_id": "os:node/42B222EA-BEC6-4102-B59E-57E7CC1E02FE", "lat": 57.23441, "lon": -7.3414, "dist_m": 3205, "in_scope": false, "traced": true, "path_m": 3800, "straight_m": 3205, "detour": 1.19, "max_elev_crossed_m": 0.4, "min_depth_m": -26.0, "drying_px": 47, "drying_m": 3721, "drying_frac": 0.979}}, {"type": "Feature", "geometry": {"type": "LineString", "coordinates": [[-7.328776, 57.529809], [-7.329818, 57.530851], [-7.33086, 57.529809], [-7.331901, 57.530851], [-7.332943, 57.530851], [-7.333985, 57.531892], [-7.335026, 57.530851], [-7.336068, 57.531892], [-7.33711, 57.530851], [-7.33711, 57.529809], [-7.338151, 57.528767], [-7.339193, 57.528767], [-7.340235, 57.527726], [-7.340235, 57.526684], [-7.339193, 57.525642], [-7.339193, 57.524601], [-7.340235, 57.523559], [-7.341276, 57.522518], [-7.342318, 57.521476], [-7.342318, 57.520434], [-7.342318, 57.519392], [-7.342318, 57.518351], [-7.342318, 57.517309], [-7.342318, 57.516268], [-7.342318, 57.515226], [-7.342318, 57.514184], [-7.342318, 57.513142], [-7.342318, 57.512101], [-7.34336, 57.511059], [-7.344401, 57.510018], [-7.345443, 57.508976], [-7.346485, 57.507934], [-7.346485, 57.506892], [-7.347526, 57.505851], [-7.348568, 57.504809], [-7.34961, 57.503767], [-7.350651, 57.502726], [-7.351693, 57.502726], [-7.352735, 57.501684], [-7.352735, 57.500642], [-7.353776, 57.499601], [-7.353776, 57.498559], [-7.353776, 57.497517], [-7.354818, 57.496476], [-7.35586, 57.496476], [-7.356901, 57.495434], [-7.357943, 57.495434], [-7.358985, 57.496476], [-7.360026, 57.496476], [-7.361068, 57.497517], [-7.36211, 57.498559], [-7.363151, 57.499601], [-7.364193, 57.499601], [-7.365235, 57.499601], [-7.366276, 57.498559], [-7.367318, 57.498559], [-7.36836, 57.497517], [-7.369401, 57.496476], [-7.370443, 57.496476], [-7.371485, 57.495434], [-7.372526, 57.496476]]}, "properties": {"node_id": "os:node/49D57BF5-713B-485B-AAD9-2EDE579E1AE6", "lat": 57.53033, "lon": -7.32853, "dist_m": 3178, "in_scope": false, "traced": true, "path_m": 6953, "straight_m": 3178, "detour": 2.19, "max_elev_crossed_m": 4.6, "min_depth_m": -0.5, "drying_px": 44, "drying_m": 5015, "drying_frac": 0.721}}, {"type": "Feature", "geometry": {"type": "LineString", "coordinates": [[-5.832027, 56.78399], [-5.833069, 56.78399], [-5.834111, 56.78399], [-5.835152, 56.78399], [-5.836194, 56.78399], [-5.837236, 56.78399], [-5.838277, 56.78399], [-5.839319, 56.78399], [-5.840361, 56.78399], [-5.841402, 56.78399], [-5.842444, 56.78399], [-5.843486, 56.78399], [-5.844527, 56.78399], [-5.845569, 56.78399], [-5.846611, 56.78399], [-5.847652, 56.785032], [-5.848694, 56.785032], [-5.849736, 56.785032], [-5.850777, 56.785032], [-5.851819, 56.785032], [-5.852861, 56.785032], [-5.853902, 56.785032], [-5.854944, 56.785032], [-5.855986, 56.785032], [-5.857027, 56.785032], [-5.858069, 56.785032], [-5.859111, 56.785032], [-5.860152, 56.785032], [-5.861194, 56.785032], [-5.862236, 56.785032], [-5.863277, 56.785032], [-5.864319, 56.785032], [-5.865361, 56.785032], [-5.866402, 56.785032], [-5.867444, 56.785032], [-5.868486, 56.785032], [-5.869527, 56.785032], [-5.870569, 56.785032], [-5.871611, 56.785032], [-5.872652, 56.785032], [-5.873694, 56.786074], [-5.874736, 56.786074], [-5.875777, 56.787115], [-5.876819, 56.786074], [-5.877861, 56.786074], [-5.878902, 56.787115], [-5.878902, 56.788157], [-5.879944, 56.789199], [-5.880986, 56.79024], [-5.882027, 56.791282], [-5.883069, 56.79024], [-5.884111, 56.789199]]}, "properties": {"node_id": "os:node/37006AF3-DC39-4A1C-8C71-48284ACA7F73", "lat": 56.78428, "lon": -5.83241, "dist_m": 3156, "in_scope": false, "traced": true, "path_m": 3979, "straight_m": 3156, "detour": 1.26, "max_elev_crossed_m": 1.2, "min_depth_m": -39.2, "drying_px": 22, "drying_m": 1683, "drying_frac": 0.423}}, {"type": "Feature", "geometry": {"type": "LineString", "coordinates": [[-1.049079, 60.659011], [-1.048038, 60.659011], [-1.046996, 60.659011], [-1.045954, 60.657969], [-1.046996, 60.656928], [-1.046996, 60.655886], [-1.045954, 60.654844], [-1.044913, 60.653803], [-1.044913, 60.652761], [-1.043871, 60.651719], [-1.043871, 60.650678], [-1.042829, 60.649636], [-1.041788, 60.648594], [-1.040746, 60.647553], [-1.039704, 60.646511], [-1.038663, 60.645469], [-1.037621, 60.645469], [-1.036579, 60.644428], [-1.035538, 60.644428], [-1.034496, 60.644428], [-1.033454, 60.643386], [-1.032413, 60.643386], [-1.031371, 60.642344], [-1.030329, 60.642344], [-1.029288, 60.642344], [-1.028246, 60.642344], [-1.027204, 60.642344], [-1.026163, 60.641303], [-1.025121, 60.641303], [-1.024079, 60.640261], [-1.023038, 60.640261], [-1.021996, 60.639219], [-1.020954, 60.639219], [-1.019913, 60.639219], [-1.018871, 60.639219], [-1.017829, 60.639219], [-1.016788, 60.639219], [-1.015746, 60.639219], [-1.014704, 60.639219], [-1.013663, 60.639219], [-1.012621, 60.639219], [-1.011579, 60.639219], [-1.010538, 60.639219], [-1.009496, 60.638178], [-1.008454, 60.637136], [-1.007413, 60.636094], [-1.006371, 60.635053]]}, "properties": {"node_id": "os:node/72FB4A94-A273-43B6-A4E5-DC846560538E", "lat": 60.65936, "lon": -1.0496, "dist_m": 3119, "in_scope": false, "traced": true, "path_m": 4237, "straight_m": 3119, "detour": 1.36, "max_elev_crossed_m": 0.9, "min_depth_m": -0.7, "drying_px": 14, "drying_m": 1262, "drying_frac": 0.298}}, {"type": "Feature", "geometry": {"type": "LineString", "coordinates": [[-5.096368, 57.861546], [-5.09741, 57.861546], [-5.098451, 57.861546], [-5.099493, 57.861546], [-5.100535, 57.861546], [-5.101576, 57.862588], [-5.102618, 57.863629], [-5.10366, 57.864671], [-5.104701, 57.865713], [-5.105743, 57.866754], [-5.106785, 57.867796], [-5.107826, 57.868838], [-5.108868, 57.869879], [-5.10991, 57.869879], [-5.110951, 57.869879], [-5.111993, 57.869879], [-5.113035, 57.869879], [-5.114076, 57.869879], [-5.115118, 57.869879], [-5.11616, 57.870921], [-5.117201, 57.871963], [-5.118243, 57.873004], [-5.119285, 57.874046], [-5.120326, 57.875088], [-5.121368, 57.876129], [-5.12241, 57.877171], [-5.123451, 57.877171], [-5.124493, 57.877171], [-5.125535, 57.877171], [-5.126576, 57.877171], [-5.127618, 57.878213], [-5.12866, 57.878213], [-5.129701, 57.878213], [-5.130743, 57.878213], [-5.131785, 57.878213], [-5.132826, 57.877171], [-5.133868, 57.877171], [-5.13491, 57.878213], [-5.135951, 57.878213], [-5.136993, 57.878213]]}, "properties": {"node_id": "os:node/43D1FDD7-4858-43AF-B605-8EF8337C195A", "lat": 57.8612, "lon": -5.09666, "dist_m": 3118, "in_scope": false, "traced": true, "path_m": 3660, "straight_m": 3118, "detour": 1.17, "max_elev_crossed_m": 3.4, "min_depth_m": -39.4, "drying_px": 15, "drying_m": 1372, "drying_frac": 0.375}}, {"type": "Feature", "geometry": {"type": "LineString", "coordinates": [[-7.324454, 57.482569], [-7.325496, 57.481527], [-7.326537, 57.481527], [-7.327579, 57.481527], [-7.328621, 57.482569], [-7.329662, 57.48361], [-7.329662, 57.484652], [-7.330704, 57.485694], [-7.330704, 57.486735], [-7.329662, 57.487777], [-7.329662, 57.488819], [-7.330704, 57.48986], [-7.331746, 57.490902], [-7.332787, 57.490902], [-7.333829, 57.491944], [-7.334871, 57.492985], [-7.335912, 57.491944], [-7.336954, 57.491944], [-7.337996, 57.492985], [-7.339037, 57.494027], [-7.340079, 57.495069], [-7.341121, 57.495069], [-7.342162, 57.495069], [-7.343204, 57.495069], [-7.344246, 57.49611], [-7.345287, 57.49611], [-7.346329, 57.497152], [-7.347371, 57.497152], [-7.348412, 57.497152], [-7.349454, 57.497152], [-7.350496, 57.497152], [-7.351537, 57.49611], [-7.352579, 57.495069], [-7.353621, 57.49611], [-7.354662, 57.49611], [-7.355704, 57.49611], [-7.356746, 57.495069], [-7.357787, 57.495069], [-7.358829, 57.49611], [-7.359871, 57.49611], [-7.360912, 57.497152], [-7.361954, 57.498194], [-7.362996, 57.499235], [-7.364037, 57.499235], [-7.365079, 57.499235], [-7.366121, 57.498194], [-7.367162, 57.498194], [-7.368204, 57.497152], [-7.369246, 57.49611], [-7.370287, 57.49611], [-7.371329, 57.495069], [-7.372371, 57.49611]]}, "properties": {"node_id": "os:node/572CEB6E-BBAB-4F91-B5B1-43F641FDBD39", "lat": 57.48286, "lon": -7.32486, "dist_m": 3117, "in_scope": false, "traced": true, "path_m": 5281, "straight_m": 3117, "detour": 1.69, "max_elev_crossed_m": 4.6, "min_depth_m": -2.0, "drying_px": 39, "drying_m": 3961, "drying_frac": 0.75}}, {"type": "Feature", "geometry": {"type": "LineString", "coordinates": [[-2.918378, 53.731541], [-2.91942, 53.730499], [-2.920461, 53.730499], [-2.921503, 53.730499], [-2.922545, 53.730499], [-2.923586, 53.730499], [-2.924628, 53.730499], [-2.92567, 53.730499], [-2.926711, 53.730499], [-2.927753, 53.730499], [-2.928795, 53.730499], [-2.929836, 53.730499], [-2.930878, 53.730499], [-2.93192, 53.730499], [-2.932961, 53.730499], [-2.934003, 53.730499], [-2.935045, 53.730499], [-2.936086, 53.730499], [-2.937128, 53.730499], [-2.93817, 53.730499], [-2.939211, 53.730499], [-2.940253, 53.730499], [-2.941295, 53.730499], [-2.942336, 53.730499], [-2.943378, 53.730499], [-2.94442, 53.730499], [-2.945461, 53.730499], [-2.946503, 53.729457], [-2.947545, 53.728416], [-2.948586, 53.727374], [-2.949628, 53.727374], [-2.95067, 53.727374], [-2.951711, 53.727374], [-2.952753, 53.726332], [-2.953795, 53.725291], [-2.954836, 53.725291], [-2.955878, 53.724249], [-2.95692, 53.723208], [-2.957961, 53.722166], [-2.959003, 53.721124], [-2.960045, 53.720082], [-2.961086, 53.719041], [-2.962128, 53.720082]]}, "properties": {"node_id": "os:node/AC0FE524-C6E2-4619-AC56-B39C4F6A35C3", "lat": 53.73102, "lon": -2.91851, "dist_m": 3052, "in_scope": true, "traced": true, "path_m": 3741, "straight_m": 3052, "detour": 1.23, "max_elev_crossed_m": 4.2, "min_depth_m": -1.0, "drying_px": 31, "drying_m": 2697, "drying_frac": 0.721}}, {"type": "Feature", "geometry": {"type": "LineString", "coordinates": [[-6.754919, 58.003389], [-6.753878, 58.002347], [-6.752836, 58.001306], [-6.751794, 58.001306], [-6.750753, 58.000264], [-6.749711, 58.000264], [-6.748669, 58.000264], [-6.747628, 58.000264], [-6.746586, 57.999222], [-6.745544, 57.998181], [-6.744503, 57.997139], [-6.743461, 57.996098], [-6.742419, 57.995056], [-6.741378, 57.995056], [-6.740336, 57.995056], [-6.739294, 57.994014], [-6.738253, 57.992972], [-6.737211, 57.991931], [-6.736169, 57.990889], [-6.735128, 57.989847], [-6.734086, 57.988806], [-6.733044, 57.987764], [-6.732003, 57.986722], [-6.730961, 57.985681], [-6.729919, 57.984639], [-6.728878, 57.983597], [-6.727836, 57.982556]]}, "properties": {"node_id": "os:node/DAC200CC-738F-46A0-BA32-AED70D405655", "lat": 58.00391, "lon": -6.75544, "dist_m": 3009, "in_scope": false, "traced": true, "path_m": 2993, "straight_m": 3009, "detour": 0.99, "max_elev_crossed_m": 0.6, "min_depth_m": -30.5, "drying_px": 15, "drying_m": 1663, "drying_frac": 0.556}}, {"type": "Feature", "geometry": {"type": "LineString", "coordinates": [[-5.096368, 57.863629], [-5.09741, 57.862588], [-5.098451, 57.862588], [-5.099493, 57.862588], [-5.100535, 57.862588], [-5.101576, 57.862588], [-5.102618, 57.863629], [-5.10366, 57.864671], [-5.104701, 57.865713], [-5.105743, 57.866754], [-5.106785, 57.867796], [-5.107826, 57.868838], [-5.108868, 57.869879], [-5.10991, 57.869879], [-5.110951, 57.869879], [-5.111993, 57.869879], [-5.113035, 57.869879], [-5.114076, 57.869879], [-5.115118, 57.869879], [-5.11616, 57.870921], [-5.117201, 57.871963], [-5.118243, 57.873004], [-5.119285, 57.874046], [-5.120326, 57.875088], [-5.121368, 57.876129], [-5.12241, 57.877171], [-5.123451, 57.877171], [-5.124493, 57.877171], [-5.125535, 57.877171], [-5.126576, 57.877171], [-5.127618, 57.878213], [-5.12866, 57.878213], [-5.129701, 57.878213], [-5.130743, 57.878213], [-5.131785, 57.878213], [-5.132826, 57.877171], [-5.133868, 57.877171], [-5.13491, 57.878213], [-5.135951, 57.878213], [-5.136993, 57.878213]]}, "properties": {"node_id": "os:node/DF5B67EA-84AF-4058-99A0-4889BB646D1F", "lat": 57.8641, "lon": -5.09608, "dist_m": 2982, "in_scope": false, "traced": true, "path_m": 3659, "straight_m": 2982, "detour": 1.23, "max_elev_crossed_m": 3.4, "min_depth_m": -39.4, "drying_px": 15, "drying_m": 1372, "drying_frac": 0.375}}, {"type": "Feature", "geometry": {"type": "LineString", "coordinates": [[-1.495424, 60.230749], [-1.496466, 60.230749], [-1.497508, 60.230749], [-1.498549, 60.229708], [-1.499591, 60.229708], [-1.500633, 60.229708], [-1.501674, 60.229708], [-1.502716, 60.229708], [-1.503758, 60.228666], [-1.504799, 60.227624], [-1.505841, 60.226582], [-1.506883, 60.227624], [-1.507924, 60.227624], [-1.508966, 60.226582], [-1.510008, 60.225541], [-1.511049, 60.224499], [-1.512091, 60.223458], [-1.513133, 60.222416], [-1.514174, 60.221374], [-1.515216, 60.220332], [-1.516258, 60.219291], [-1.517299, 60.218249], [-1.518341, 60.217208], [-1.519383, 60.216166], [-1.520424, 60.216166], [-1.521466, 60.215124], [-1.522508, 60.214082], [-1.523549, 60.214082], [-1.524591, 60.215124], [-1.525633, 60.216166], [-1.526674, 60.216166], [-1.527716, 60.216166], [-1.528758, 60.216166], [-1.529799, 60.216166], [-1.530841, 60.216166], [-1.531883, 60.215124], [-1.532924, 60.214082], [-1.532924, 60.213041]]}, "properties": {"node_id": "os:node/D1628330-3721-44AB-B91E-52804E04CA52", "lat": 60.23127, "lon": -1.49591, "dist_m": 2964, "in_scope": false, "traced": true, "path_m": 3770, "straight_m": 2964, "detour": 1.27, "max_elev_crossed_m": 1.8, "min_depth_m": -12.8, "drying_px": 18, "drying_m": 1786, "drying_frac": 0.474}}, {"type": "Feature", "geometry": {"type": "LineString", "coordinates": [[-4.147725, 51.638433], [-4.148767, 51.639474], [-4.149809, 51.640516], [-4.15085, 51.641558], [-4.151892, 51.641558], [-4.152934, 51.641558], [-4.153975, 51.642599], [-4.155017, 51.643641], [-4.156059, 51.644683], [-4.1571, 51.645724], [-4.158142, 51.645724], [-4.159184, 51.645724], [-4.160225, 51.645724], [-4.161267, 51.645724], [-4.162309, 51.645724], [-4.16335, 51.645724], [-4.164392, 51.645724], [-4.165434, 51.645724], [-4.166475, 51.645724], [-4.167517, 51.645724], [-4.168559, 51.645724], [-4.1696, 51.646766], [-4.170642, 51.647808], [-4.171684, 51.648849], [-4.172725, 51.648849], [-4.173767, 51.649891], [-4.174809, 51.649891], [-4.17585, 51.649891], [-4.176892, 51.649891], [-4.177934, 51.649891], [-4.178975, 51.650933], [-4.180017, 51.650933], [-4.181059, 51.650933], [-4.1821, 51.650933], [-4.183142, 51.651974]]}, "properties": {"node_id": "os:node/2810E885-207B-445B-86C8-B79B5F8F1062", "lat": 51.63806, "lon": -4.14808, "dist_m": 2952, "in_scope": true, "traced": true, "path_m": 3285, "straight_m": 2952, "detour": 1.11, "max_elev_crossed_m": 2.8, "min_depth_m": -0.4, "drying_px": 27, "drying_m": 2535, "drying_frac": 0.771}}, {"type": "Feature", "geometry": {"type": "LineString", "coordinates": [[-4.229919, 57.870829], [-4.228878, 57.870829], [-4.227836, 57.870829], [-4.226794, 57.870829], [-4.225753, 57.870829], [-4.224711, 57.870829], [-4.223669, 57.870829], [-4.222628, 57.870829], [-4.221586, 57.870829], [-4.220544, 57.869787], [-4.219502, 57.868746], [-4.218461, 57.867704], [-4.217419, 57.866662], [-4.216378, 57.865621], [-4.215336, 57.864579], [-4.214294, 57.864579], [-4.213252, 57.864579], [-4.212211, 57.864579], [-4.211169, 57.864579], [-4.210128, 57.864579], [-4.209086, 57.864579], [-4.208044, 57.864579], [-4.207002, 57.864579], [-4.205961, 57.864579], [-4.204919, 57.864579], [-4.203878, 57.864579], [-4.202836, 57.864579], [-4.201794, 57.864579], [-4.200752, 57.864579], [-4.199711, 57.864579], [-4.198669, 57.864579], [-4.197628, 57.864579], [-4.196586, 57.864579], [-4.195544, 57.864579], [-4.194503, 57.864579], [-4.193461, 57.864579], [-4.192419, 57.864579], [-4.191377, 57.864579], [-4.190336, 57.864579], [-4.189294, 57.863538], [-4.188252, 57.862496], [-4.187211, 57.861454]]}, "properties": {"node_id": "os:node/90CAF0CF-9D06-48FE-AAD0-E0676505CB44", "lat": 57.87135, "lon": -4.23044, "dist_m": 2919, "in_scope": false, "traced": true, "path_m": 3155, "straight_m": 2919, "detour": 1.08, "max_elev_crossed_m": 0.0, "min_depth_m": -0.2, "drying_px": 41, "drying_m": 3080, "drying_frac": 0.976}}, {"type": "Feature", "geometry": {"type": "LineString", "coordinates": [[-3.584139, 57.637144], [-3.585181, 57.637144], [-3.586222, 57.637144], [-3.587264, 57.637144], [-3.588306, 57.637144], [-3.589347, 57.638186], [-3.590389, 57.639228], [-3.591431, 57.640269], [-3.592472, 57.641311], [-3.593514, 57.642353], [-3.594556, 57.643394], [-3.595598, 57.644436], [-3.596639, 57.645478], [-3.597681, 57.645478], [-3.598722, 57.645478], [-3.599764, 57.645478], [-3.600806, 57.645478], [-3.601848, 57.645478], [-3.602889, 57.645478], [-3.603931, 57.645478], [-3.604972, 57.645478], [-3.606014, 57.645478], [-3.607056, 57.645478], [-3.608098, 57.645478], [-3.609139, 57.645478], [-3.610181, 57.645478], [-3.611222, 57.646519], [-3.612264, 57.647561], [-3.613306, 57.648603], [-3.614347, 57.649644], [-3.615389, 57.650686], [-3.616431, 57.651728], [-3.617472, 57.652769], [-3.618514, 57.653811], [-3.619556, 57.654853], [-3.620597, 57.655894], [-3.621639, 57.656936], [-3.622681, 57.657978], [-3.623722, 57.659019]]}, "properties": {"node_id": "os:node/D261D8BD-6D5F-4798-A441-304DB4145F64", "lat": 57.63763, "lon": -3.58466, "dist_m": 2896, "in_scope": false, "traced": true, "path_m": 3817, "straight_m": 2896, "detour": 1.32, "max_elev_crossed_m": 4.7, "min_depth_m": -5.4, "drying_px": 6, "drying_m": 587, "drying_frac": 0.154}}, {"type": "Feature", "geometry": {"type": "LineString", "coordinates": [[-7.438126, 57.585579], [-7.437084, 57.585579], [-7.436042, 57.584538], [-7.435001, 57.583496], [-7.433959, 57.582454], [-7.432917, 57.582454], [-7.431876, 57.581413], [-7.430834, 57.580371], [-7.429792, 57.580371], [-7.428751, 57.579329], [-7.427709, 57.578288], [-7.427709, 57.577246], [-7.428751, 57.576204], [-7.429792, 57.575163], [-7.430834, 57.574121], [-7.431876, 57.574121], [-7.432917, 57.573079], [-7.433959, 57.572038], [-7.435001, 57.573079], [-7.436042, 57.573079], [-7.437084, 57.573079], [-7.438126, 57.572038], [-7.437084, 57.570996], [-7.437084, 57.569954], [-7.438126, 57.568912], [-7.439167, 57.567871], [-7.438126, 57.566829], [-7.438126, 57.565788], [-7.438126, 57.564746], [-7.439167, 57.563704], [-7.438126, 57.562663], [-7.439167, 57.561621], [-7.440209, 57.560579]]}, "properties": {"node_id": "os:node/BCC6DD7F-B624-4E3F-99D7-B94746D28AF1", "lat": 57.5861, "lon": -7.43791, "dist_m": 2894, "in_scope": false, "traced": true, "path_m": 3731, "straight_m": 2894, "detour": 1.29, "max_elev_crossed_m": 4.6, "min_depth_m": -0.4, "drying_px": 29, "drying_m": 3279, "drying_frac": 0.879}}, {"type": "Feature", "geometry": {"type": "LineString", "coordinates": [[-6.747642, 58.192847], [-6.748683, 58.192847], [-6.749725, 58.192847], [-6.750767, 58.193888], [-6.751808, 58.193888], [-6.75285, 58.19493], [-6.75285, 58.195972], [-6.753892, 58.197013], [-6.754933, 58.197013], [-6.755975, 58.197013], [-6.757017, 58.198055], [-6.758058, 58.198055], [-6.7591, 58.198055], [-6.760142, 58.199097], [-6.761183, 58.200138], [-6.762225, 58.200138], [-6.763267, 58.200138], [-6.764308, 58.20118], [-6.76535, 58.202222], [-6.764308, 58.203263], [-6.764308, 58.204305], [-6.76535, 58.205347], [-6.76535, 58.206388], [-6.76535, 58.20743], [-6.76535, 58.208472], [-6.76535, 58.209513], [-6.76535, 58.210555], [-6.766392, 58.211597], [-6.76535, 58.212638], [-6.766392, 58.21368], [-6.766392, 58.214722], [-6.766392, 58.215763], [-6.767433, 58.216805]]}, "properties": {"node_id": "os:node/2CAE2C5A-5864-4DF1-81E4-D418159461D1", "lat": 58.19307, "lon": -6.74803, "dist_m": 2893, "in_scope": false, "traced": true, "path_m": 3429, "straight_m": 2893, "detour": 1.19, "max_elev_crossed_m": 4.7, "min_depth_m": -0.2, "drying_px": 28, "drying_m": 2909, "drying_frac": 0.848}}, {"type": "Feature", "geometry": {"type": "LineString", "coordinates": [[-6.750529, 58.004739], [-6.749488, 58.004739], [-6.748446, 58.003697], [-6.747404, 58.002656], [-6.746363, 58.001614], [-6.745321, 58.000572], [-6.744279, 57.999531], [-6.743238, 57.998489], [-6.742196, 57.997448], [-6.741154, 57.996406], [-6.740113, 57.995364], [-6.739071, 57.994322], [-6.738029, 57.993281], [-6.736988, 57.992239], [-6.735946, 57.991198], [-6.734904, 57.990156], [-6.733863, 57.989114], [-6.732821, 57.988072], [-6.731779, 57.987031], [-6.730738, 57.985989], [-6.729696, 57.984948], [-6.728654, 57.983906], [-6.727613, 57.982864]]}, "properties": {"node_id": "os:node/078E3DA7-13C2-4B18-8BE7-AD225B9DFC9D", "lat": 58.00526, "lon": -6.75105, "dist_m": 2848, "in_scope": false, "traced": true, "path_m": 2817, "straight_m": 2848, "detour": 0.99, "max_elev_crossed_m": 0.0, "min_depth_m": -31.1, "drying_px": 12, "drying_m": 1470, "drying_frac": 0.522}}, {"type": "Feature", "geometry": {"type": "LineString", "coordinates": [[-5.172729, 56.852391], [-5.173771, 56.851349], [-5.172729, 56.850307], [-5.171688, 56.849266], [-5.170646, 56.849266], [-5.169604, 56.848224], [-5.168563, 56.848224], [-5.167521, 56.847182], [-5.166479, 56.846141], [-5.165438, 56.845099], [-5.164396, 56.844058], [-5.163354, 56.843016], [-5.162313, 56.843016], [-5.161271, 56.841974], [-5.160229, 56.840932], [-5.159188, 56.841974], [-5.158146, 56.841974], [-5.157104, 56.840932], [-5.156063, 56.840932], [-5.155021, 56.840932], [-5.153979, 56.839891], [-5.152938, 56.839891], [-5.151896, 56.838849], [-5.150854, 56.838849], [-5.149812, 56.837808], [-5.148771, 56.837808], [-5.147729, 56.837808], [-5.146688, 56.837808], [-5.145646, 56.837808], [-5.144604, 56.837808], [-5.143563, 56.837808], [-5.142521, 56.838849], [-5.141479, 56.838849], [-5.140438, 56.838849], [-5.139396, 56.838849], [-5.138354, 56.838849], [-5.137313, 56.838849], [-5.136271, 56.838849], [-5.135229, 56.837807]]}, "properties": {"node_id": "os:node/F27244E0-C35F-4D8C-B092-E0C9DE775EBD", "lat": 56.85187, "lon": -5.17325, "dist_m": 2843, "in_scope": false, "traced": true, "path_m": 3647, "straight_m": 2843, "detour": 1.28, "max_elev_crossed_m": 17.5, "min_depth_m": -12.3, "drying_px": 25, "drying_m": 2338, "drying_frac": 0.641}}, {"type": "Feature", "geometry": {"type": "LineString", "coordinates": [[-5.752033, 56.560269], [-5.753075, 56.559227], [-5.754117, 56.558186], [-5.754117, 56.557144], [-5.755158, 56.556102], [-5.755158, 56.555061], [-5.7562, 56.554019], [-5.757242, 56.552978], [-5.758283, 56.551936], [-5.759325, 56.550894], [-5.760367, 56.549852], [-5.761408, 56.548811], [-5.76245, 56.547769], [-5.763492, 56.546727], [-5.764533, 56.545686], [-5.765575, 56.544644], [-5.766617, 56.543602], [-5.767658, 56.542561], [-5.7687, 56.541519], [-5.769742, 56.541519], [-5.770783, 56.541519], [-5.770783, 56.540477], [-5.771825, 56.539436], [-5.772867, 56.539436]]}, "properties": {"node_id": "os:node/867451F4-9DD4-402A-99AD-6BCDD1608992", "lat": 56.56079, "lon": -5.75233, "dist_m": 2818, "in_scope": false, "traced": true, "path_m": 2790, "straight_m": 2818, "detour": 0.99, "max_elev_crossed_m": 5.0, "min_depth_m": -64.4, "drying_px": 5, "drying_m": 581, "drying_frac": 0.208}}, {"type": "Feature", "geometry": {"type": "LineString", "coordinates": [[-4.389389, 54.895279], [-4.389389, 54.894237], [-4.389389, 54.893196], [-4.389389, 54.892154], [-4.390431, 54.891112], [-4.391473, 54.890071], [-4.391473, 54.889029], [-4.392514, 54.887988], [-4.393556, 54.886946], [-4.393556, 54.885904], [-4.393556, 54.884862], [-4.394598, 54.883821], [-4.394598, 54.882779], [-4.394598, 54.881738], [-4.395639, 54.880696], [-4.395639, 54.879654], [-4.395639, 54.878612], [-4.396681, 54.877571], [-4.396681, 54.876529], [-4.396681, 54.875488], [-4.396681, 54.874446], [-4.397722, 54.873404], [-4.398764, 54.872362], [-4.399806, 54.871321]]}, "properties": {"node_id": "os:node/BA49B2F2-18EC-427A-A747-E64BA97DDD34", "lat": 54.8958, "lon": -4.38991, "dist_m": 2784, "in_scope": false, "traced": true, "path_m": 2845, "straight_m": 2784, "detour": 1.02, "max_elev_crossed_m": 8.2, "min_depth_m": -0.3, "drying_px": 22, "drying_m": 2608, "drying_frac": 0.917}}, {"type": "Feature", "geometry": {"type": "LineString", "coordinates": [[-7.420542, 57.581749], [-7.420542, 57.580707], [-7.421584, 57.579666], [-7.422626, 57.578624], [-7.423667, 57.577582], [-7.424709, 57.577582], [-7.425751, 57.576541], [-7.426792, 57.576541], [-7.427834, 57.575499], [-7.428876, 57.576541], [-7.429917, 57.575499], [-7.430959, 57.574458], [-7.432001, 57.574458], [-7.433042, 57.573416], [-7.434084, 57.572374], [-7.435126, 57.573416], [-7.436167, 57.573416], [-7.437209, 57.573416], [-7.438251, 57.572374], [-7.437209, 57.571332], [-7.437209, 57.570291], [-7.438251, 57.569249], [-7.439292, 57.568208], [-7.438251, 57.567166], [-7.438251, 57.566124], [-7.438251, 57.565082], [-7.439292, 57.564041], [-7.438251, 57.562999], [-7.439292, 57.561958], [-7.440334, 57.560916], [-7.440334, 57.559874]]}, "properties": {"node_id": "os:node/51C85D6A-AD6C-4156-AA9A-9112B9695025", "lat": 57.58227, "lon": -7.42082, "dist_m": 2769, "in_scope": false, "traced": true, "path_m": 3522, "straight_m": 2769, "detour": 1.27, "max_elev_crossed_m": 2.6, "min_depth_m": -0.4, "drying_px": 26, "drying_m": 2954, "drying_frac": 0.839}}, {"type": "Feature", "geometry": {"type": "LineString", "coordinates": [[-4.780351, 58.544184], [-4.781393, 58.544184], [-4.782435, 58.544184], [-4.783476, 58.544184], [-4.784518, 58.544184], [-4.78556, 58.544184], [-4.786601, 58.544184], [-4.787643, 58.545225], [-4.788685, 58.546267], [-4.789726, 58.547309], [-4.790768, 58.54835], [-4.79181, 58.549392], [-4.792851, 58.550434], [-4.793893, 58.551475], [-4.794935, 58.552517], [-4.795976, 58.553559], [-4.797018, 58.553559], [-4.79806, 58.5546], [-4.799101, 58.555642], [-4.800143, 58.556684], [-4.801185, 58.556684], [-4.802226, 58.557725], [-4.803268, 58.557725], [-4.80431, 58.558767], [-4.805351, 58.559809], [-4.806393, 58.56085], [-4.807435, 58.561892], [-4.808476, 58.562934], [-4.808476, 58.563975]]}, "properties": {"node_id": "os:node/9F44DE6A-16B1-4D7E-AAC5-74870CB00F7D", "lat": 58.54396, "lon": -4.78055, "dist_m": 2761, "in_scope": false, "traced": true, "path_m": 3015, "straight_m": 2761, "detour": 1.09, "max_elev_crossed_m": 1.4, "min_depth_m": -0.3, "drying_px": 27, "drying_m": 2807, "drying_frac": 0.931}}, {"type": "Feature", "geometry": {"type": "LineString", "coordinates": [[-1.483288, 60.207442], [-1.48433, 60.207442], [-1.485372, 60.2064], [-1.486413, 60.2064], [-1.487455, 60.205359], [-1.488497, 60.205359], [-1.489538, 60.205359], [-1.49058, 60.205359], [-1.491622, 60.205359], [-1.492663, 60.205359], [-1.493705, 60.205359], [-1.494747, 60.205359], [-1.495788, 60.205359], [-1.49683, 60.205359], [-1.497872, 60.205359], [-1.498913, 60.205359], [-1.499955, 60.2064], [-1.500997, 60.2064], [-1.502038, 60.2064], [-1.50308, 60.207442], [-1.504122, 60.208484], [-1.504122, 60.209525], [-1.505163, 60.210567], [-1.506205, 60.210567], [-1.507247, 60.210567], [-1.508288, 60.210567], [-1.50933, 60.210567], [-1.510372, 60.210567], [-1.511413, 60.210567], [-1.512455, 60.210567], [-1.513497, 60.210567], [-1.514538, 60.211609], [-1.51558, 60.211609], [-1.516622, 60.211609], [-1.517663, 60.211609], [-1.518705, 60.211609], [-1.519747, 60.211609], [-1.520788, 60.211609], [-1.52183, 60.21265], [-1.522872, 60.213692], [-1.523913, 60.214734], [-1.524955, 60.215775], [-1.525997, 60.215775], [-1.527038, 60.215775], [-1.52808, 60.215775], [-1.529122, 60.215775], [-1.530163, 60.215775], [-1.531205, 60.214734], [-1.532247, 60.213692], [-1.532247, 60.21265]]}, "properties": {"node_id": "os:node/09D3674A-170C-4503-AE37-03B57676899D", "lat": 60.20727, "lon": -1.48312, "dist_m": 2744, "in_scope": false, "traced": true, "path_m": 3874, "straight_m": 2744, "detour": 1.41, "max_elev_crossed_m": 1.3, "min_depth_m": -10.4, "drying_px": 21, "drying_m": 1627, "drying_frac": 0.42}}, {"type": "Feature", "geometry": {"type": "LineString", "coordinates": [[-7.264429, 57.450439], [-7.264429, 57.449398], [-7.264429, 57.448356], [-7.263388, 57.447314], [-7.262346, 57.446272], [-7.261304, 57.445231], [-7.260263, 57.444189], [-7.259221, 57.443148], [-7.258179, 57.442106], [-7.257138, 57.441064], [-7.256096, 57.440022], [-7.255054, 57.438981], [-7.254012, 57.437939], [-7.252971, 57.437939], [-7.251929, 57.437939], [-7.250888, 57.437939], [-7.249846, 57.437939], [-7.248804, 57.437939], [-7.247762, 57.438981], [-7.246721, 57.440022], [-7.246721, 57.441064], [-7.245679, 57.442106], [-7.244638, 57.443148], [-7.243596, 57.444189], [-7.242554, 57.443148], [-7.241512, 57.443148], [-7.240471, 57.443148], [-7.239429, 57.444189], [-7.238388, 57.444189], [-7.237346, 57.444189], [-7.236304, 57.444189], [-7.235262, 57.443148], [-7.234221, 57.444189], [-7.233179, 57.444189], [-7.232138, 57.444189], [-7.231096, 57.444189], [-7.230054, 57.444189], [-7.229013, 57.444189], [-7.227971, 57.443148], [-7.226929, 57.443148], [-7.225888, 57.444189], [-7.224846, 57.444189], [-7.223804, 57.444189]]}, "properties": {"node_id": "os:node/61F133D4-BFFA-4389-AAAD-43F7F4DE9204", "lat": 57.45096, "lon": -7.26495, "dist_m": 2731, "in_scope": false, "traced": true, "path_m": 4236, "straight_m": 2731, "detour": 1.55, "max_elev_crossed_m": 3.5, "min_depth_m": -2.1, "drying_px": 34, "drying_m": 3349, "drying_frac": 0.791}}, {"type": "Feature", "geometry": {"type": "LineString", "coordinates": [[-6.137349, 57.306872], [-6.136308, 57.307913], [-6.135266, 57.307913], [-6.134224, 57.307913], [-6.133183, 57.307913], [-6.132141, 57.308955], [-6.131099, 57.308955], [-6.130058, 57.309997], [-6.129016, 57.311038], [-6.127974, 57.31208], [-6.126933, 57.313122], [-6.125891, 57.314163], [-6.124849, 57.315205], [-6.123808, 57.315205], [-6.122766, 57.315205], [-6.121724, 57.315205], [-6.120683, 57.315205], [-6.119641, 57.315205], [-6.118599, 57.315205], [-6.117558, 57.315205], [-6.116516, 57.315205], [-6.115474, 57.315205], [-6.114433, 57.315205], [-6.113391, 57.315205], [-6.112349, 57.315205], [-6.111308, 57.315205], [-6.110266, 57.315205], [-6.109224, 57.315205], [-6.108183, 57.315205], [-6.107141, 57.316247], [-6.106099, 57.317288], [-6.105058, 57.317288], [-6.104016, 57.31833], [-6.102974, 57.317288], [-6.101933, 57.31833], [-6.100891, 57.31833], [-6.099849, 57.319372], [-6.098808, 57.319372], [-6.097766, 57.319372], [-6.096724, 57.319372]]}, "properties": {"node_id": "os:node/74AB026A-5F17-4213-ABF9-D95CA9CE9F7E", "lat": 57.30732, "lon": -6.13787, "dist_m": 2723, "in_scope": false, "traced": true, "path_m": 3411, "straight_m": 2723, "detour": 1.25, "max_elev_crossed_m": 4.2, "min_depth_m": -17.2, "drying_px": 23, "drying_m": 1961, "drying_frac": 0.575}}, {"type": "Feature", "geometry": {"type": "LineString", "coordinates": [[-7.350003, 57.537429], [-7.348962, 57.537429], [-7.34792, 57.537429], [-7.346878, 57.537429], [-7.345837, 57.538471], [-7.344795, 57.538471], [-7.343753, 57.537429], [-7.344795, 57.536388], [-7.343753, 57.535346], [-7.342712, 57.534304], [-7.34167, 57.533262], [-7.34167, 57.532221], [-7.34167, 57.531179], [-7.34167, 57.530138], [-7.340628, 57.529096], [-7.339587, 57.528054], [-7.339587, 57.527012], [-7.338545, 57.525971], [-7.338545, 57.524929], [-7.339587, 57.523888], [-7.340628, 57.522846], [-7.34167, 57.521804], [-7.34167, 57.520762], [-7.34167, 57.519721], [-7.34167, 57.518679], [-7.34167, 57.517638], [-7.34167, 57.516596], [-7.34167, 57.515554], [-7.34167, 57.514512], [-7.34167, 57.513471], [-7.34167, 57.512429], [-7.342712, 57.511388], [-7.343753, 57.510346], [-7.344795, 57.509304], [-7.345837, 57.508262], [-7.345837, 57.507221], [-7.346878, 57.506179], [-7.34792, 57.505138], [-7.348962, 57.504096], [-7.350003, 57.503054], [-7.351045, 57.503054], [-7.352087, 57.502012], [-7.352087, 57.500971], [-7.352087, 57.499929], [-7.353128, 57.498888], [-7.353128, 57.497846], [-7.35417, 57.496804], [-7.355212, 57.496804], [-7.356253, 57.495762], [-7.357295, 57.495762], [-7.358337, 57.496804], [-7.359378, 57.496804], [-7.36042, 57.496804], [-7.361462, 57.496804], [-7.362503, 57.496804], [-7.363545, 57.496804], [-7.364587, 57.496804], [-7.365628, 57.496804], [-7.36667, 57.496804], [-7.367712, 57.496804], [-7.368753, 57.496804], [-7.369795, 57.496804], [-7.370837, 57.495762], [-7.371878, 57.496804]]}, "properties": {"node_id": "os:node/8399EFD5-1948-48DA-B24F-6DD08BAAAD2A", "lat": 57.53795, "lon": -7.34975, "dist_m": 2723, "in_scope": false, "traced": true, "path_m": 6761, "straight_m": 2723, "detour": 2.48, "max_elev_crossed_m": 5.3, "min_depth_m": -0.5, "drying_px": 47, "drying_m": 4965, "drying_frac": 0.734}}, {"type": "Feature", "geometry": {"type": "LineString", "coordinates": [[-5.352751, 56.458399], [-5.353793, 56.459441], [-5.354834, 56.459441], [-5.355876, 56.459441], [-5.356918, 56.459441], [-5.357959, 56.459441], [-5.359001, 56.459441], [-5.360043, 56.459441], [-5.361084, 56.459441], [-5.362126, 56.459441], [-5.363168, 56.458399], [-5.364209, 56.458399], [-5.365251, 56.457357], [-5.366293, 56.457357], [-5.367334, 56.456316], [-5.368376, 56.456316], [-5.369418, 56.456316], [-5.370459, 56.456316], [-5.371501, 56.456316], [-5.372543, 56.456316], [-5.373584, 56.456316], [-5.374626, 56.456316], [-5.375668, 56.456316], [-5.376709, 56.456316], [-5.377751, 56.456316], [-5.378793, 56.456316], [-5.379834, 56.456316], [-5.380876, 56.456316], [-5.381918, 56.456316], [-5.382959, 56.456316], [-5.384001, 56.456316], [-5.385043, 56.456316], [-5.386084, 56.456316], [-5.387126, 56.456316], [-5.388168, 56.456316], [-5.389209, 56.456316], [-5.390251, 56.456316], [-5.391293, 56.456316], [-5.392334, 56.456316], [-5.393376, 56.456316], [-5.394418, 56.456316], [-5.395459, 56.456316], [-5.396501, 56.455274]]}, "properties": {"node_id": "os:node/0A9F2933-C99D-4C0F-81C8-62B4A2011F2B", "lat": 56.45892, "lon": -5.35272, "dist_m": 2699, "in_scope": false, "traced": true, "path_m": 3033, "straight_m": 2699, "detour": 1.12, "max_elev_crossed_m": 4.9, "min_depth_m": -23.1, "drying_px": 6, "drying_m": 423, "drying_frac": 0.14}}, {"type": "Feature", "geometry": {"type": "LineString", "coordinates": [[-5.360422, 56.469559], [-5.35938, 56.468518], [-5.35938, 56.467476], [-5.35938, 56.466434], [-5.35938, 56.465392], [-5.35938, 56.464351], [-5.35938, 56.463309], [-5.35938, 56.462268], [-5.360422, 56.461226], [-5.361463, 56.460184], [-5.362505, 56.459142], [-5.363547, 56.459142], [-5.364588, 56.458101], [-5.36563, 56.458101], [-5.366672, 56.457059], [-5.367713, 56.457059], [-5.368755, 56.457059], [-5.369797, 56.457059], [-5.370838, 56.457059], [-5.37188, 56.457059], [-5.372922, 56.457059], [-5.373963, 56.457059], [-5.375005, 56.457059], [-5.376047, 56.457059], [-5.377088, 56.457059], [-5.37813, 56.457059], [-5.379172, 56.457059], [-5.380213, 56.457059], [-5.381255, 56.457059], [-5.382297, 56.457059], [-5.383338, 56.457059], [-5.38438, 56.457059], [-5.385422, 56.457059], [-5.386463, 56.457059], [-5.387505, 56.457059], [-5.388547, 56.457059], [-5.389588, 56.457059], [-5.39063, 56.457059], [-5.391672, 56.457059], [-5.392713, 56.457059], [-5.393755, 56.457059], [-5.394797, 56.457059], [-5.395838, 56.456018]]}, "properties": {"node_id": "os:node/3F3BAD94-076D-47EE-8D5E-1C721DBB6C1E", "lat": 56.47008, "lon": -5.36008, "dist_m": 2697, "in_scope": false, "traced": true, "path_m": 3481, "straight_m": 2697, "detour": 1.29, "max_elev_crossed_m": 0.6, "min_depth_m": -24.1, "drying_px": 7, "drying_m": 567, "drying_frac": 0.163}}, {"type": "Feature", "geometry": {"type": "LineString", "coordinates": [[-5.893369, 55.975919], [-5.893369, 55.974877], [-5.894411, 55.973836], [-5.895453, 55.972794], [-5.896494, 55.972794], [-5.897536, 55.972794], [-5.898578, 55.972794], [-5.899619, 55.971752], [-5.900661, 55.970711], [-5.901703, 55.969669], [-5.902744, 55.968628], [-5.903786, 55.967586], [-5.904828, 55.966544], [-5.905869, 55.966544], [-5.906911, 55.966544], [-5.907953, 55.966544], [-5.908994, 55.966544], [-5.910036, 55.966544], [-5.911078, 55.966544], [-5.912119, 55.966544], [-5.913161, 55.966544], [-5.914203, 55.966544], [-5.915244, 55.966544], [-5.916286, 55.965502], [-5.917328, 55.964461], [-5.918369, 55.963419], [-5.919411, 55.963419], [-5.920453, 55.963419], [-5.921494, 55.963419], [-5.922536, 55.963419], [-5.923578, 55.962377], [-5.924619, 55.961336], [-5.925661, 55.961336], [-5.926703, 55.961336], [-5.927744, 55.961336]]}, "properties": {"node_id": "os:node/65C5DF6D-AA9C-4DBA-8458-3F7E18CA6ED9", "lat": 55.97644, "lon": -5.89307, "dist_m": 2677, "in_scope": false, "traced": true, "path_m": 3141, "straight_m": 2677, "detour": 1.17, "max_elev_crossed_m": 2.3, "min_depth_m": -57.4, "drying_px": 12, "drying_m": 1077, "drying_frac": 0.343}}, {"type": "Feature", "geometry": {"type": "LineString", "coordinates": [[-5.433267, 50.177652], [-5.433267, 50.178694], [-5.432225, 50.179736], [-5.432225, 50.180777], [-5.432225, 50.181819], [-5.432225, 50.182861], [-5.431184, 50.183902], [-5.430142, 50.184944], [-5.430142, 50.185986], [-5.430142, 50.187027], [-5.431184, 50.188069], [-5.432225, 50.189111], [-5.433267, 50.190152], [-5.434309, 50.190152], [-5.43535, 50.191194], [-5.436392, 50.192236], [-5.436392, 50.193277], [-5.436392, 50.194319], [-5.436392, 50.195361], [-5.436392, 50.196402], [-5.436392, 50.197444], [-5.436392, 50.198486], [-5.437434, 50.199527], [-5.438475, 50.200569], [-5.439517, 50.201611], [-5.439517, 50.202652]]}, "properties": {"node_id": "os:node/C27AC628-9C7C-4C62-A070-0A1BEBC56C1E", "lat": 50.17765, "lon": -5.43369, "dist_m": 2675, "in_scope": true, "traced": true, "path_m": 3096, "straight_m": 2675, "detour": 1.16, "max_elev_crossed_m": 3.7, "min_depth_m": -3.4, "drying_px": 17, "drying_m": 2025, "drying_frac": 0.654}}, {"type": "Feature", "geometry": {"type": "LineString", "coordinates": [[-6.719199, 58.015939], [-6.719199, 58.014898], [-6.719199, 58.013856], [-6.719199, 58.012814], [-6.719199, 58.011772], [-6.719199, 58.010731], [-6.719199, 58.009689], [-6.719199, 58.008648], [-6.718158, 58.007606], [-6.717116, 58.006564], [-6.716074, 58.005522], [-6.715032, 58.004481], [-6.713991, 58.003439], [-6.713991, 58.002398], [-6.712949, 58.001356], [-6.712949, 58.000314], [-6.712949, 57.999272], [-6.712949, 57.998231], [-6.712949, 57.997189], [-6.711908, 57.996148], [-6.710866, 57.995106], [-6.709824, 57.994064]]}, "properties": {"node_id": "os:node/1661C485-AC0C-47DE-8FB0-CB780287C260", "lat": 58.01646, "lon": -6.71972, "dist_m": 2671, "in_scope": false, "traced": true, "path_m": 2572, "straight_m": 2671, "detour": 0.96, "max_elev_crossed_m": 1.2, "min_depth_m": -21.5, "drying_px": 12, "drying_m": 1403, "drying_frac": 0.545}}, {"type": "Feature", "geometry": {"type": "LineString", "coordinates": [[-1.48433, 60.205359], [-1.485372, 60.205359], [-1.486413, 60.205359], [-1.487455, 60.205359], [-1.488497, 60.205359], [-1.489538, 60.205359], [-1.49058, 60.205359], [-1.491622, 60.205359], [-1.492663, 60.205359], [-1.493705, 60.205359], [-1.494747, 60.205359], [-1.495788, 60.205359], [-1.49683, 60.205359], [-1.497872, 60.205359], [-1.498913, 60.205359], [-1.499955, 60.205359], [-1.500997, 60.2064], [-1.502038, 60.2064], [-1.50308, 60.2064], [-1.504122, 60.207442], [-1.505163, 60.208484], [-1.505163, 60.209525], [-1.506205, 60.210567], [-1.507247, 60.210567], [-1.508288, 60.210567], [-1.50933, 60.210567], [-1.510372, 60.210567], [-1.511413, 60.210567], [-1.512455, 60.210567], [-1.513497, 60.210567], [-1.514538, 60.210567], [-1.51558, 60.211609], [-1.516622, 60.211609], [-1.517663, 60.211609], [-1.518705, 60.211609], [-1.519747, 60.211609], [-1.520788, 60.211609], [-1.52183, 60.211609], [-1.522872, 60.21265], [-1.523913, 60.213692], [-1.524955, 60.214734], [-1.525997, 60.215775], [-1.527038, 60.215775], [-1.52808, 60.215775], [-1.529122, 60.215775], [-1.530163, 60.215775], [-1.531205, 60.215775], [-1.532247, 60.214734], [-1.533288, 60.213692], [-1.533288, 60.21265]]}, "properties": {"node_id": "os:node/13959E77-193A-4456-B92D-85C233420CD6", "lat": 60.20502, "lon": -1.4848, "dist_m": 2670, "in_scope": false, "traced": true, "path_m": 3731, "straight_m": 2670, "detour": 1.4, "max_elev_crossed_m": 1.3, "min_depth_m": -10.4, "drying_px": 24, "drying_m": 1791, "drying_frac": 0.48}}, {"type": "Feature", "geometry": {"type": "LineString", "coordinates": [[-2.998937, 53.910466], [-2.999979, 53.911508], [-2.999979, 53.91255], [-2.999979, 53.913591], [-2.999979, 53.914633], [-2.999979, 53.915675], [-2.999979, 53.916716], [-2.999979, 53.917758], [-2.999979, 53.9188], [-2.999979, 53.919841], [-2.999979, 53.920883], [-2.999979, 53.921925], [-2.999979, 53.922966], [-2.999979, 53.924008], [-3.001021, 53.92505], [-3.002062, 53.926091], [-3.003104, 53.927133], [-3.004146, 53.927133], [-3.005187, 53.928175], [-3.006229, 53.929216], [-3.007271, 53.930258], [-3.008312, 53.930258], [-3.009354, 53.930258], [-3.010396, 53.930258], [-3.011437, 53.930258], [-3.012479, 53.9313]]}, "properties": {"node_id": "os:node/32C63924-33D4-4D50-A04D-2F1E95A47EA0", "lat": 53.91028, "lon": -2.99909, "dist_m": 2588, "in_scope": true, "traced": true, "path_m": 2810, "straight_m": 2588, "detour": 1.09, "max_elev_crossed_m": 4.5, "min_depth_m": -3.7, "drying_px": 21, "drying_m": 2269, "drying_frac": 0.808}}, {"type": "Feature", "geometry": {"type": "LineString", "coordinates": [[-0.834659, 60.785079], [-0.833618, 60.785079], [-0.832576, 60.785079], [-0.831534, 60.785079], [-0.830493, 60.786121], [-0.829451, 60.787162], [-0.828409, 60.786121], [-0.827368, 60.786121], [-0.826326, 60.785079], [-0.825284, 60.785079], [-0.824243, 60.785079], [-0.823201, 60.785079], [-0.822159, 60.785079], [-0.821118, 60.784038], [-0.820076, 60.782996], [-0.819034, 60.781954], [-0.817993, 60.780912], [-0.817993, 60.779871], [-0.817993, 60.778829], [-0.816951, 60.777788], [-0.815909, 60.776746], [-0.814868, 60.775704], [-0.814868, 60.774662], [-0.813826, 60.773621], [-0.812784, 60.772579], [-0.811743, 60.771538], [-0.810701, 60.770496], [-0.809659, 60.769454], [-0.808618, 60.768412], [-0.808618, 60.767371]]}, "properties": {"node_id": "os:node/18301531-E7BF-45BB-9497-BC0D9522DB6A", "lat": 60.7856, "lon": -0.83518, "dist_m": 2574, "in_scope": false, "traced": true, "path_m": 3110, "straight_m": 2574, "detour": 1.21, "max_elev_crossed_m": 3.3, "min_depth_m": -21.6, "drying_px": 12, "drying_m": 1244, "drying_frac": 0.4}}, {"type": "Feature", "geometry": {"type": "LineString", "coordinates": [[-5.441067, 50.178235], [-5.440025, 50.177194], [-5.438983, 50.177194], [-5.437942, 50.177194], [-5.4369, 50.177194], [-5.435858, 50.178235], [-5.434817, 50.179277], [-5.434817, 50.180319], [-5.433775, 50.18136], [-5.432733, 50.182402], [-5.431692, 50.183444], [-5.43065, 50.184485], [-5.429608, 50.185527], [-5.429608, 50.186569], [-5.43065, 50.18761], [-5.431692, 50.188652], [-5.432733, 50.189694], [-5.433775, 50.189694], [-5.434817, 50.190735], [-5.435858, 50.191777], [-5.435858, 50.192819], [-5.435858, 50.19386], [-5.435858, 50.194902], [-5.435858, 50.195944], [-5.435858, 50.196985], [-5.435858, 50.198027], [-5.4369, 50.199069], [-5.437942, 50.20011], [-5.438983, 50.201152], [-5.440025, 50.201152]]}, "properties": {"node_id": "os:node/792002E1-A69E-4976-AE05-D278B08B23FF", "lat": 50.1782, "lon": -5.44094, "dist_m": 2528, "in_scope": true, "traced": true, "path_m": 3502, "straight_m": 2528, "detour": 1.39, "max_elev_crossed_m": 5.1, "min_depth_m": -0.9, "drying_px": 25, "drying_m": 2918, "drying_frac": 0.833}}, {"type": "Feature", "geometry": {"type": "LineString", "coordinates": [[-1.502716, 60.229421], [-1.503758, 60.228379], [-1.504799, 60.227338], [-1.505841, 60.226296], [-1.506883, 60.227338], [-1.507924, 60.227338], [-1.508966, 60.226296], [-1.510008, 60.225254], [-1.511049, 60.224212], [-1.512091, 60.223171], [-1.513133, 60.222129], [-1.514174, 60.221088], [-1.515216, 60.220046], [-1.516258, 60.219004], [-1.517299, 60.217962], [-1.518341, 60.216921], [-1.519383, 60.215879], [-1.520424, 60.215879], [-1.521466, 60.214838], [-1.522508, 60.213796], [-1.523549, 60.213796], [-1.524591, 60.214838], [-1.525633, 60.215879], [-1.526674, 60.215879], [-1.527716, 60.215879], [-1.528758, 60.215879], [-1.529799, 60.215879], [-1.530841, 60.215879], [-1.531883, 60.214838], [-1.532924, 60.213796], [-1.532924, 60.212754]]}, "properties": {"node_id": "os:node/75EFF7C1-5B73-4F05-A344-1623E199E2EC", "lat": 60.2289, "lon": -1.5025, "dist_m": 2519, "in_scope": false, "traced": true, "path_m": 3295, "straight_m": 2519, "detour": 1.31, "max_elev_crossed_m": 1.8, "min_depth_m": -12.8, "drying_px": 11, "drying_m": 1169, "drying_frac": 0.355}}, {"type": "Feature", "geometry": {"type": "LineString", "coordinates": [[-1.442269, 60.298532], [-1.443311, 60.298532], [-1.444353, 60.298532], [-1.445394, 60.298532], [-1.446436, 60.298532], [-1.447478, 60.298532], [-1.448519, 60.298532], [-1.449561, 60.298532], [-1.450603, 60.298532], [-1.451644, 60.299573], [-1.452686, 60.299573], [-1.453728, 60.299573], [-1.454769, 60.299573], [-1.455811, 60.299573], [-1.456853, 60.299573], [-1.457894, 60.300615], [-1.458936, 60.300615], [-1.459978, 60.300615], [-1.461019, 60.301657], [-1.462061, 60.301657], [-1.463103, 60.302698], [-1.463103, 60.30374], [-1.464144, 60.304782], [-1.465186, 60.305823], [-1.466228, 60.305823], [-1.467269, 60.306865], [-1.467269, 60.307907], [-1.467269, 60.308948], [-1.467269, 60.30999], [-1.467269, 60.311032], [-1.466228, 60.312073], [-1.465186, 60.312073], [-1.465186, 60.313115], [-1.464144, 60.314157], [-1.464144, 60.315198], [-1.463103, 60.31624], [-1.462061, 60.31624], [-1.461019, 60.317282], [-1.459978, 60.317282], [-1.458936, 60.318323], [-1.457894, 60.318323], [-1.456853, 60.318323], [-1.455811, 60.318323], [-1.454769, 60.319365], [-1.453728, 60.320407], [-1.452686, 60.321448]]}, "properties": {"node_id": "os:node/BDE9453A-364B-4E01-A578-B35CFEF54A91", "lat": 60.29861, "lon": -1.44279, "dist_m": 2514, "in_scope": false, "traced": true, "path_m": 4074, "straight_m": 2514, "detour": 1.62, "max_elev_crossed_m": 2.3, "min_depth_m": -1.0, "drying_px": 34, "drying_m": 3011, "drying_frac": 0.739}}, {"type": "Feature", "geometry": {"type": "LineString", "coordinates": [[-1.110979, 60.606525], [-1.112021, 60.605483], [-1.113063, 60.605483], [-1.114104, 60.605483], [-1.115146, 60.605483], [-1.116188, 60.605483], [-1.117229, 60.606525], [-1.118271, 60.607566], [-1.119313, 60.608608], [-1.120354, 60.60965], [-1.121396, 60.610691], [-1.122438, 60.611733], [-1.123479, 60.612775], [-1.124521, 60.613816], [-1.125563, 60.614858], [-1.126604, 60.6159], [-1.126604, 60.616941], [-1.127646, 60.617983], [-1.128688, 60.619025], [-1.129729, 60.620066], [-1.130771, 60.621108], [-1.130771, 60.62215], [-1.131813, 60.623191], [-1.132854, 60.623191], [-1.133896, 60.623191], [-1.134938, 60.623191], [-1.135979, 60.623191], [-1.137021, 60.623191], [-1.138063, 60.624233], [-1.139104, 60.624233], [-1.140146, 60.624233], [-1.141188, 60.624233], [-1.142229, 60.624233], [-1.143271, 60.624233], [-1.144313, 60.624233], [-1.145354, 60.625275], [-1.146396, 60.626316], [-1.147438, 60.626316]]}, "properties": {"node_id": "os:node/8E22CABA-C783-4983-8E8E-A1F060A7CA88", "lat": 60.60608, "lon": -1.1115, "dist_m": 2507, "in_scope": false, "traced": true, "path_m": 3597, "straight_m": 2507, "detour": 1.43, "max_elev_crossed_m": 15.8, "min_depth_m": -9.4, "drying_px": 29, "drying_m": 2745, "drying_frac": 0.763}}, {"type": "Feature", "geometry": {"type": "LineString", "coordinates": [[-6.923159, 57.782151], [-6.922118, 57.782151], [-6.921076, 57.782151], [-6.920034, 57.782151], [-6.918993, 57.781109], [-6.917951, 57.781109], [-6.916909, 57.781109], [-6.915868, 57.781109], [-6.914826, 57.781109], [-6.913784, 57.781109], [-6.912743, 57.781109], [-6.911701, 57.781109], [-6.910659, 57.781109], [-6.909618, 57.781109], [-6.908576, 57.781109], [-6.907534, 57.781109], [-6.906493, 57.780067], [-6.905451, 57.780067], [-6.904409, 57.780067], [-6.903368, 57.780067], [-6.902326, 57.779026], [-6.903368, 57.777984], [-6.903368, 57.776942], [-6.903368, 57.775901], [-6.903368, 57.774859], [-6.902326, 57.773818], [-6.901284, 57.772776], [-6.900243, 57.771734], [-6.899201, 57.770692], [-6.898159, 57.769651], [-6.898159, 57.768609], [-6.899201, 57.767568], [-6.898159, 57.766526], [-6.897118, 57.765484], [-6.896076, 57.764442], [-6.895034, 57.763401]]}, "properties": {"node_id": "os:node/3AE0FE4A-50D2-4B00-9C16-994FFBDA934E", "lat": 57.78163, "lon": -6.92368, "dist_m": 2496, "in_scope": false, "traced": true, "path_m": 3355, "straight_m": 2496, "detour": 1.34, "max_elev_crossed_m": 5.0, "min_depth_m": -28.7, "drying_px": 20, "drying_m": 1864, "drying_frac": 0.556}}, {"type": "Feature", "geometry": {"type": "LineString", "coordinates": [[-6.133599, 57.307913], [-6.132558, 57.307913], [-6.131516, 57.308955], [-6.130474, 57.308955], [-6.129433, 57.309997], [-6.128391, 57.309997], [-6.127349, 57.309997], [-6.126308, 57.311038], [-6.125266, 57.31208], [-6.124224, 57.313122], [-6.123182, 57.314163], [-6.122141, 57.315205], [-6.121099, 57.316247], [-6.120058, 57.316247], [-6.119016, 57.317288], [-6.117974, 57.317288], [-6.116933, 57.317288], [-6.115891, 57.317288], [-6.114849, 57.317288], [-6.113808, 57.317288], [-6.112766, 57.317288], [-6.111724, 57.317288], [-6.110682, 57.317288], [-6.109641, 57.317288], [-6.108599, 57.317288], [-6.107558, 57.317288], [-6.106516, 57.317288], [-6.105474, 57.317288], [-6.104433, 57.317288], [-6.103391, 57.31833], [-6.102349, 57.317288], [-6.101308, 57.31833], [-6.100266, 57.31833], [-6.099224, 57.319372], [-6.098183, 57.319372], [-6.097141, 57.319372], [-6.096099, 57.319372]]}, "properties": {"node_id": "os:node/9EAE33F6-6C42-4668-80BA-1BC0FA34B095", "lat": 57.30789, "lon": -6.13412, "dist_m": 2493, "in_scope": false, "traced": true, "path_m": 3154, "straight_m": 2493, "detour": 1.27, "max_elev_crossed_m": 1.7, "min_depth_m": -17.2, "drying_px": 28, "drying_m": 2387, "drying_frac": 0.757}}, {"type": "Feature", "geometry": {"type": "LineString", "coordinates": [[-2.789039, 51.566281], [-2.790081, 51.566281], [-2.791122, 51.566281], [-2.792164, 51.565239], [-2.793206, 51.565239], [-2.794248, 51.564197], [-2.795289, 51.564197], [-2.796331, 51.563156], [-2.797373, 51.563156], [-2.798414, 51.563156], [-2.799456, 51.562114], [-2.800498, 51.562114], [-2.801539, 51.561072], [-2.802581, 51.561072], [-2.803622, 51.561072], [-2.804664, 51.560031], [-2.805706, 51.560031], [-2.806748, 51.560031], [-2.807789, 51.558989], [-2.808831, 51.558989], [-2.809872, 51.558989], [-2.810914, 51.557948], [-2.811956, 51.556906], [-2.812998, 51.555864], [-2.812998, 51.554822], [-2.812998, 51.553781], [-2.812998, 51.552739], [-2.812998, 51.551697], [-2.812998, 51.550656], [-2.812998, 51.549614], [-2.812998, 51.548572], [-2.812998, 51.547531]]}, "properties": {"node_id": "os:node/30457578-40CF-492C-9E83-BCA7FF2192C0", "lat": 51.56576, "lon": -2.78956, "dist_m": 2486, "in_scope": true, "traced": true, "path_m": 3230, "straight_m": 2486, "detour": 1.3, "max_elev_crossed_m": 10.4, "min_depth_m": -0.3, "drying_px": 29, "drying_m": 2927, "drying_frac": 0.906}}, {"type": "Feature", "geometry": {"type": "LineString", "coordinates": [[0.941229, 51.666331], [0.942271, 51.665289], [0.942271, 51.664248], [0.943313, 51.663206], [0.943313, 51.662164], [0.943313, 51.661123], [0.942271, 51.660081], [0.941229, 51.659039], [0.940188, 51.657998], [0.940188, 51.656956], [0.939146, 51.655914], [0.939146, 51.654873], [0.938104, 51.653831], [0.938104, 51.652789], [0.937063, 51.651748], [0.936021, 51.650706], [0.936021, 51.649664], [0.936021, 51.648623], [0.936021, 51.647581], [0.936021, 51.646539], [0.936021, 51.645498], [0.936021, 51.644456], [0.937063, 51.643414], [0.937063, 51.642373], [0.937063, 51.641331], [0.937063, 51.640289]]}, "properties": {"node_id": "os:node/5C9AF31E-053E-48C7-B445-287D9D71D3A6", "lat": 51.66649, "lon": 0.94175, "dist_m": 2467, "in_scope": true, "traced": true, "path_m": 3104, "straight_m": 2467, "detour": 1.26, "max_elev_crossed_m": 1.3, "min_depth_m": -0.2, "drying_px": 22, "drying_m": 2626, "drying_frac": 0.846}}, {"type": "Feature", "geometry": {"type": "LineString", "coordinates": [[-1.489538, 60.204317], [-1.49058, 60.204317], [-1.491622, 60.204317], [-1.492663, 60.204317], [-1.493705, 60.204317], [-1.494747, 60.204317], [-1.495788, 60.205359], [-1.49683, 60.205359], [-1.497872, 60.205359], [-1.498913, 60.205359], [-1.499955, 60.2064], [-1.500997, 60.2064], [-1.502038, 60.2064], [-1.50308, 60.207442], [-1.504122, 60.208484], [-1.504122, 60.209525], [-1.505163, 60.210567], [-1.506205, 60.210567], [-1.507247, 60.210567], [-1.508288, 60.210567], [-1.50933, 60.210567], [-1.510372, 60.210567], [-1.511413, 60.210567], [-1.512455, 60.210567], [-1.513497, 60.210567], [-1.514538, 60.211609], [-1.51558, 60.211609], [-1.516622, 60.211609], [-1.517663, 60.211609], [-1.518705, 60.211609], [-1.519747, 60.211609], [-1.520788, 60.211609], [-1.52183, 60.21265], [-1.522872, 60.213692], [-1.523913, 60.214734], [-1.524955, 60.215775], [-1.525997, 60.215775], [-1.527038, 60.215775], [-1.52808, 60.215775], [-1.529122, 60.215775], [-1.530163, 60.215775], [-1.531205, 60.214734], [-1.532247, 60.213692], [-1.532247, 60.21265]]}, "properties": {"node_id": "os:node/D8D08FFE-2978-4377-AFB4-DDD7C22486C6", "lat": 60.20459, "lon": -1.48933, "dist_m": 2429, "in_scope": false, "traced": true, "path_m": 3457, "straight_m": 2429, "detour": 1.42, "max_elev_crossed_m": 1.3, "min_depth_m": -10.4, "drying_px": 20, "drying_m": 1571, "drying_frac": 0.455}}, {"type": "Feature", "geometry": {"type": "LineString", "coordinates": [[-4.200379, 51.629058], [-4.199338, 51.629058], [-4.198296, 51.628016], [-4.197254, 51.628016], [-4.196213, 51.628016], [-4.195171, 51.628016], [-4.194129, 51.628016], [-4.193088, 51.628016], [-4.192046, 51.628016], [-4.191004, 51.628016], [-4.189962, 51.628016], [-4.188921, 51.628016], [-4.187879, 51.628016], [-4.186838, 51.626974], [-4.185796, 51.626974], [-4.184754, 51.626974], [-4.183713, 51.628016], [-4.182671, 51.629058], [-4.181629, 51.630099], [-4.180588, 51.631141], [-4.179546, 51.632183], [-4.178504, 51.633224], [-4.177462, 51.634266], [-4.177462, 51.635308], [-4.177462, 51.636349], [-4.177462, 51.637391], [-4.177462, 51.638433], [-4.177462, 51.639474], [-4.177462, 51.640516], [-4.177462, 51.641558], [-4.177462, 51.642599], [-4.177462, 51.643641], [-4.177462, 51.644683], [-4.177462, 51.645724], [-4.178504, 51.646766], [-4.179546, 51.647808], [-4.180588, 51.648849], [-4.181629, 51.649891], [-4.182671, 51.650933], [-4.183713, 51.651974]]}, "properties": {"node_id": "os:node/0F80C945-9E53-4D04-AEA9-6B970BDBDF63", "lat": 51.62955, "lon": -4.2009, "dist_m": 2410, "in_scope": true, "traced": true, "path_m": 4259, "straight_m": 2410, "detour": 1.77, "max_elev_crossed_m": 4.4, "min_depth_m": -1.2, "drying_px": 36, "drying_m": 3833, "drying_frac": 0.9}}, {"type": "Feature", "geometry": {"type": "LineString", "coordinates": [[-6.583778, 57.429687], [-6.584819, 57.430729], [-6.585861, 57.431771], [-6.585861, 57.432812], [-6.586903, 57.433854], [-6.586903, 57.434896], [-6.586903, 57.435937], [-6.587944, 57.436979], [-6.588986, 57.438021], [-6.590028, 57.439062], [-6.591069, 57.440104], [-6.592111, 57.441146], [-6.592111, 57.442187], [-6.592111, 57.443229], [-6.592111, 57.444271], [-6.592111, 57.445312], [-6.592111, 57.446354], [-6.593153, 57.447396], [-6.593153, 57.448437], [-6.594194, 57.449479], [-6.595236, 57.450521], [-6.595236, 57.451562], [-6.595236, 57.452604], [-6.595236, 57.453646]]}, "properties": {"node_id": "os:node/165CB50C-0B49-417A-BCD3-4B9CD20EB712", "lat": 57.42949, "lon": -6.58413, "dist_m": 2400, "in_scope": false, "traced": true, "path_m": 2840, "straight_m": 2400, "detour": 1.18, "max_elev_crossed_m": 0.0, "min_depth_m": -29.2, "drying_px": 15, "drying_m": 1775, "drying_frac": 0.625}}, {"type": "Feature", "geometry": {"type": "LineString", "coordinates": [[-7.018953, 58.190809], [-7.019994, 58.190809], [-7.021036, 58.190809], [-7.022078, 58.190809], [-7.023119, 58.190809], [-7.024161, 58.189767], [-7.025203, 58.189767], [-7.026244, 58.189767], [-7.027286, 58.188726], [-7.028328, 58.187684], [-7.029369, 58.187684], [-7.030411, 58.187684], [-7.031453, 58.187684], [-7.032494, 58.186642], [-7.033536, 58.186642], [-7.034578, 58.186642], [-7.035619, 58.186642], [-7.036661, 58.186642], [-7.037703, 58.186642], [-7.038744, 58.186642], [-7.039786, 58.187684], [-7.040828, 58.187684], [-7.041869, 58.187684], [-7.042911, 58.187684], [-7.043953, 58.186642], [-7.044994, 58.187684], [-7.046036, 58.187684], [-7.047078, 58.187684], [-7.048119, 58.188726], [-7.049161, 58.188726], [-7.050203, 58.188726], [-7.051244, 58.187684], [-7.052286, 58.187684], [-7.053328, 58.187684], [-7.054369, 58.186642], [-7.055411, 58.186642], [-7.056453, 58.187684], [-7.057494, 58.188726], [-7.058536, 58.189767], [-7.059578, 58.189767]]}, "properties": {"node_id": "os:node/8C12910B-7ACA-4E5B-BD48-5733C609EC5A", "lat": 58.19133, "lon": -7.01937, "dist_m": 2390, "in_scope": false, "traced": true, "path_m": 3293, "straight_m": 2390, "detour": 1.38, "max_elev_crossed_m": 3.0, "min_depth_m": -0.3, "drying_px": 30, "drying_m": 2470, "drying_frac": 0.75}}, {"type": "Feature", "geometry": {"type": "LineString", "coordinates": [[-7.411167, 57.575579], [-7.412209, 57.575579], [-7.413251, 57.574537], [-7.414292, 57.573496], [-7.415334, 57.572454], [-7.416376, 57.571412], [-7.417417, 57.570371], [-7.418459, 57.569329], [-7.419501, 57.569329], [-7.420542, 57.568288], [-7.421584, 57.567246], [-7.422626, 57.566204], [-7.423667, 57.565162], [-7.424709, 57.564121], [-7.425751, 57.563079], [-7.426792, 57.562037], [-7.427834, 57.560996], [-7.428876, 57.559954], [-7.429917, 57.558912], [-7.430959, 57.557871], [-7.432001, 57.556829], [-7.432001, 57.555787]]}, "properties": {"node_id": "os:node/1CE3068E-A2EB-41B5-AEC2-D57B4DE92737", "lat": 57.5761, "lon": -7.41138, "dist_m": 2379, "in_scope": false, "traced": true, "path_m": 2609, "straight_m": 2379, "detour": 1.1, "max_elev_crossed_m": 3.8, "min_depth_m": -0.2, "drying_px": 20, "drying_m": 2372, "drying_frac": 0.909}}, {"type": "Feature", "geometry": {"type": "LineString", "coordinates": [[-5.747867, 56.554701], [-5.748908, 56.555742], [-5.74995, 56.555742], [-5.750992, 56.555742], [-5.752033, 56.555742], [-5.753075, 56.555742], [-5.754117, 56.555742], [-5.755158, 56.554701], [-5.7562, 56.553659], [-5.757242, 56.552618], [-5.758283, 56.551576], [-5.759325, 56.550534], [-5.760367, 56.549492], [-5.761408, 56.548451], [-5.76245, 56.547409], [-5.763492, 56.546368], [-5.764533, 56.545326], [-5.765575, 56.544284], [-5.766617, 56.543242], [-5.767658, 56.542201], [-5.7687, 56.541159], [-5.769742, 56.541159], [-5.770783, 56.541159], [-5.770783, 56.540118], [-5.771825, 56.539076], [-5.772867, 56.539076]]}, "properties": {"node_id": "os:node/BE7C889C-63DE-4DD3-A0AB-BED5BE074970", "lat": 56.55418, "lon": -5.74818, "dist_m": 2367, "in_scope": false, "traced": true, "path_m": 2746, "straight_m": 2367, "detour": 1.16, "max_elev_crossed_m": 5.0, "min_depth_m": -64.4, "drying_px": 4, "drying_m": 422, "drying_frac": 0.154}}, {"type": "Feature", "geometry": {"type": "LineString", "coordinates": [[-7.433959, 57.581491], [-7.432917, 57.580449], [-7.431876, 57.580449], [-7.430834, 57.580449], [-7.429792, 57.580449], [-7.428751, 57.579407], [-7.427709, 57.578366], [-7.427709, 57.577324], [-7.428751, 57.576282], [-7.429792, 57.575241], [-7.430834, 57.574199], [-7.431876, 57.574199], [-7.432917, 57.573158], [-7.433959, 57.572116], [-7.435001, 57.573158], [-7.436042, 57.573158], [-7.437084, 57.573158], [-7.438126, 57.572116], [-7.437084, 57.571074], [-7.437084, 57.570032], [-7.438126, 57.568991], [-7.439167, 57.567949], [-7.438126, 57.566908], [-7.438126, 57.565866], [-7.438126, 57.564824], [-7.439167, 57.563782], [-7.438126, 57.562741], [-7.439167, 57.561699], [-7.440209, 57.560658], [-7.440209, 57.559616]]}, "properties": {"node_id": "os:node/268D66AB-1817-4418-9A78-C7B26D0619F4", "lat": 57.58097, "lon": -7.43436, "dist_m": 2364, "in_scope": false, "traced": true, "path_m": 3321, "straight_m": 2364, "detour": 1.4, "max_elev_crossed_m": 4.6, "min_depth_m": -0.4, "drying_px": 25, "drying_m": 2768, "drying_frac": 0.833}}, {"type": "Feature", "geometry": {"type": "LineString", "coordinates": [[-5.899619, 55.976631], [-5.900661, 55.975589], [-5.901703, 55.974547], [-5.902744, 55.973506], [-5.903786, 55.972464], [-5.904828, 55.971422], [-5.905869, 55.970381], [-5.906911, 55.969339], [-5.907953, 55.968298], [-5.908994, 55.967256], [-5.910036, 55.966214], [-5.911078, 55.965172], [-5.912119, 55.964131], [-5.913161, 55.964131], [-5.914203, 55.964131], [-5.915244, 55.964131], [-5.916286, 55.964131], [-5.917328, 55.964131], [-5.918369, 55.963089], [-5.919411, 55.963089], [-5.920453, 55.963089], [-5.921494, 55.963089], [-5.922536, 55.963089], [-5.923578, 55.962048], [-5.924619, 55.961006], [-5.925661, 55.961006], [-5.926703, 55.961006], [-5.927744, 55.961006]]}, "properties": {"node_id": "os:node/DA8D0F7A-8262-4452-B0B6-AA2734DD97EC", "lat": 55.97611, "lon": -5.89964, "dist_m": 2340, "in_scope": false, "traced": true, "path_m": 2772, "straight_m": 2340, "detour": 1.18, "max_elev_crossed_m": 4.0, "min_depth_m": -51.2, "drying_px": 11, "drying_m": 1089, "drying_frac": 0.393}}, {"type": "Feature", "geometry": {"type": "LineString", "coordinates": [[-6.754779, 57.995541], [-6.753738, 57.995541], [-6.752696, 57.995541], [-6.751654, 57.995541], [-6.750613, 57.995541], [-6.749571, 57.995541], [-6.748529, 57.995541], [-6.747488, 57.995541], [-6.746446, 57.995541], [-6.745404, 57.995541], [-6.744363, 57.995541], [-6.743321, 57.995541], [-6.742279, 57.995541], [-6.741238, 57.995541], [-6.740196, 57.994499], [-6.739154, 57.993457], [-6.738113, 57.992416], [-6.737071, 57.991374], [-6.736029, 57.990332], [-6.734988, 57.989291], [-6.733946, 57.988249], [-6.732904, 57.987208], [-6.731863, 57.986166], [-6.730821, 57.985124], [-6.729779, 57.984082], [-6.728738, 57.983041], [-6.727696, 57.981999]]}, "properties": {"node_id": "os:node/FC974119-DFF9-4F20-BDCD-552C2A0E4AB1", "lat": 57.99502, "lon": -6.7553, "dist_m": 2274, "in_scope": false, "traced": true, "path_m": 2505, "straight_m": 2274, "detour": 1.1, "max_elev_crossed_m": 0.0, "min_depth_m": -11.6, "drying_px": 16, "drying_m": 1484, "drying_frac": 0.593}}, {"type": "Feature", "geometry": {"type": "LineString", "coordinates": [[-1.429019, 60.253799], [-1.427978, 60.253799], [-1.426936, 60.253799], [-1.425894, 60.253799], [-1.424853, 60.253799], [-1.423811, 60.253799], [-1.422769, 60.253799], [-1.421728, 60.253799], [-1.420686, 60.253799], [-1.419644, 60.253799], [-1.418603, 60.253799], [-1.417561, 60.253799], [-1.416519, 60.253799], [-1.415478, 60.253799], [-1.414436, 60.253799], [-1.413394, 60.252757], [-1.412353, 60.251716], [-1.411311, 60.251716], [-1.410269, 60.251716], [-1.409228, 60.251716], [-1.408186, 60.250674], [-1.407144, 60.249632], [-1.406103, 60.248591], [-1.405061, 60.247549], [-1.404019, 60.246508], [-1.402978, 60.245466], [-1.401936, 60.244424], [-1.400894, 60.244424], [-1.399853, 60.244424], [-1.398811, 60.244424], [-1.397769, 60.243382], [-1.396728, 60.243382], [-1.395686, 60.243382], [-1.394644, 60.243382]]}, "properties": {"node_id": "os:node/11AE1485-52E1-4AF3-BB30-3D446DEF7D60", "lat": 60.25432, "lon": -1.42954, "dist_m": 2241, "in_scope": false, "traced": true, "path_m": 2618, "straight_m": 2241, "detour": 1.17, "max_elev_crossed_m": 0.5, "min_depth_m": -0.4, "drying_px": 30, "drying_m": 2310, "drying_frac": 0.882}}, {"type": "Feature", "geometry": {"type": "LineString", "coordinates": [[-7.404917, 57.570939], [-7.404917, 57.569897], [-7.404917, 57.568856], [-7.405959, 57.567814], [-7.404917, 57.566772], [-7.404917, 57.565731], [-7.403876, 57.564689], [-7.403876, 57.563648], [-7.402834, 57.562606], [-7.402834, 57.561564], [-7.403876, 57.560522], [-7.402834, 57.559481], [-7.401792, 57.558439], [-7.400751, 57.557398], [-7.399709, 57.556356], [-7.398667, 57.555314], [-7.398667, 57.554272], [-7.398667, 57.553231], [-7.398667, 57.552189], [-7.398667, 57.551148], [-7.399709, 57.550106], [-7.399709, 57.549064], [-7.400751, 57.548022], [-7.401792, 57.546981], [-7.402834, 57.545939], [-7.402834, 57.544898], [-7.403876, 57.543856], [-7.404917, 57.542814], [-7.405959, 57.541772], [-7.407001, 57.540731]]}, "properties": {"node_id": "os:node/0C8E491F-6BA4-4620-8339-F742902AA76D", "lat": 57.57146, "lon": -7.40524, "dist_m": 2234, "in_scope": false, "traced": true, "path_m": 3644, "straight_m": 2234, "detour": 1.63, "max_elev_crossed_m": 4.3, "min_depth_m": -0.9, "drying_px": 20, "drying_m": 2429, "drying_frac": 0.667}}, {"type": "Feature", "geometry": {"type": "LineString", "coordinates": [[-3.406375, 54.348971], [-3.407417, 54.350012], [-3.408459, 54.351054], [-3.4095, 54.351054], [-3.410542, 54.352096], [-3.411584, 54.352096], [-3.412625, 54.351054], [-3.413667, 54.350012], [-3.414709, 54.348971], [-3.41575, 54.347929], [-3.416792, 54.348971], [-3.417834, 54.348971], [-3.418875, 54.348971], [-3.419917, 54.347929], [-3.420959, 54.346887], [-3.422, 54.346887], [-3.423042, 54.345846], [-3.422, 54.344804], [-3.423042, 54.343762], [-3.424084, 54.342721], [-3.425125, 54.343762], [-3.426167, 54.343762], [-3.427209, 54.343762], [-3.42825, 54.342721], [-3.429292, 54.342721], [-3.430334, 54.342721], [-3.431375, 54.342721], [-3.432417, 54.342721], [-3.433459, 54.341679], [-3.4345, 54.340638], [-3.435542, 54.339596], [-3.436584, 54.339596]]}, "properties": {"node_id": "os:node/09D9A8E3-A557-46A5-A193-BDD33DD438C6", "lat": 54.34845, "lon": -3.40639, "dist_m": 2226, "in_scope": true, "traced": true, "path_m": 3361, "straight_m": 2226, "detour": 1.51, "max_elev_crossed_m": 7.0, "min_depth_m": -0.3, "drying_px": 22, "drying_m": 2311, "drying_frac": 0.688}}, {"type": "Feature", "geometry": {"type": "LineString", "coordinates": [[-7.284389, 57.34697], [-7.283348, 57.34697], [-7.282306, 57.34697], [-7.281264, 57.34697], [-7.280223, 57.348012], [-7.279181, 57.348012], [-7.278139, 57.348012], [-7.277098, 57.349053], [-7.276056, 57.349053], [-7.275014, 57.349053], [-7.273972, 57.349053], [-7.272931, 57.349053], [-7.271889, 57.348012], [-7.270848, 57.348012], [-7.269806, 57.348012], [-7.268764, 57.348012], [-7.267723, 57.348012], [-7.266681, 57.348012], [-7.265639, 57.348012], [-7.264598, 57.348012], [-7.263556, 57.34697], [-7.262514, 57.34697], [-7.261472, 57.34697], [-7.260431, 57.34697], [-7.259389, 57.34697], [-7.258348, 57.34697], [-7.257306, 57.34697], [-7.256264, 57.34697], [-7.255222, 57.34697], [-7.254181, 57.345928], [-7.253139, 57.344887], [-7.252098, 57.343845], [-7.251056, 57.343845], [-7.250014, 57.343845], [-7.248973, 57.344887], [-7.247931, 57.344887], [-7.246889, 57.345928], [-7.245848, 57.345928], [-7.244806, 57.345928], [-7.243764, 57.345928], [-7.242722, 57.345928], [-7.241681, 57.345928], [-7.240639, 57.345928], [-7.239598, 57.34697], [-7.238556, 57.348012], [-7.237514, 57.349053], [-7.238556, 57.350095], [-7.237514, 57.351137], [-7.236473, 57.352178], [-7.236473, 57.35322], [-7.235431, 57.354262]]}, "properties": {"node_id": "os:node/BF1AE6FA-B1BC-427A-8A8A-9B71C7A9DFCF", "lat": 57.34682, "lon": -7.28491, "dist_m": 2213, "in_scope": false, "traced": true, "path_m": 4289, "straight_m": 2213, "detour": 1.94, "max_elev_crossed_m": 5.5, "min_depth_m": -17.2, "drying_px": 45, "drying_m": 3784, "drying_frac": 0.882}}, {"type": "Feature", "geometry": {"type": "LineString", "coordinates": [[-7.417417, 57.576631], [-7.418459, 57.577672], [-7.419501, 57.577672], [-7.420542, 57.576631], [-7.421584, 57.575589], [-7.422626, 57.575589], [-7.423667, 57.575589], [-7.424709, 57.575589], [-7.425751, 57.575589], [-7.426792, 57.575589], [-7.427834, 57.575589], [-7.428876, 57.576631], [-7.429917, 57.575589], [-7.430959, 57.574547], [-7.432001, 57.574547], [-7.433042, 57.573506], [-7.434084, 57.572464], [-7.435126, 57.573506], [-7.436167, 57.573506], [-7.437209, 57.573506], [-7.438251, 57.572464], [-7.437209, 57.571422], [-7.437209, 57.570381], [-7.438251, 57.569339], [-7.439292, 57.568298], [-7.438251, 57.567256], [-7.438251, 57.566214], [-7.438251, 57.565172], [-7.439292, 57.564131], [-7.438251, 57.563089], [-7.439292, 57.562048], [-7.440334, 57.561006], [-7.440334, 57.559964]]}, "properties": {"node_id": "os:node/613E5EA2-EB62-4125-802D-C0BD014BAECB", "lat": 57.57611, "lon": -7.41762, "dist_m": 2195, "in_scope": false, "traced": true, "path_m": 3454, "straight_m": 2195, "detour": 1.57, "max_elev_crossed_m": 4.6, "min_depth_m": -0.4, "drying_px": 28, "drying_m": 2931, "drying_frac": 0.848}}, {"type": "Feature", "geometry": {"type": "LineString", "coordinates": [[-5.629144, 56.676837], [-5.630186, 56.677879], [-5.631228, 56.678921], [-5.631228, 56.679962], [-5.631228, 56.681004], [-5.630186, 56.682046], [-5.630186, 56.683087], [-5.631228, 56.684129], [-5.632269, 56.684129], [-5.633311, 56.684129], [-5.634353, 56.684129], [-5.635394, 56.684129], [-5.636436, 56.684129], [-5.637478, 56.684129], [-5.638519, 56.684129], [-5.639561, 56.684129], [-5.640603, 56.684129], [-5.641644, 56.684129], [-5.642686, 56.684129], [-5.643728, 56.683087], [-5.644769, 56.683087], [-5.645811, 56.683087], [-5.646853, 56.683087], [-5.647894, 56.682046], [-5.648936, 56.681004], [-5.649978, 56.679962], [-5.651019, 56.679962], [-5.652061, 56.679962], [-5.653103, 56.679962], [-5.654144, 56.679962], [-5.655186, 56.679962], [-5.656228, 56.678921], [-5.657269, 56.678921], [-5.658311, 56.678921], [-5.659353, 56.679962], [-5.660394, 56.679962], [-5.661436, 56.679962], [-5.662478, 56.679962], [-5.663519, 56.679962], [-5.664561, 56.679962]]}, "properties": {"node_id": "os:node/2944502A-6B8E-47E2-8F68-C63E335DAF14", "lat": 56.6771, "lon": -5.62943, "dist_m": 2193, "in_scope": false, "traced": true, "path_m": 3327, "straight_m": 2193, "detour": 1.52, "max_elev_crossed_m": 5.2, "min_depth_m": -19.3, "drying_px": 31, "drying_m": 2579, "drying_frac": 0.775}}, {"type": "Feature", "geometry": {"type": "LineString", "coordinates": [[-6.349074, 57.243929], [-6.349074, 57.242887], [-6.349074, 57.241846], [-6.349074, 57.240804], [-6.350116, 57.239762], [-6.351157, 57.238721], [-6.352199, 57.237679], [-6.353241, 57.236638], [-6.354282, 57.235596], [-6.355324, 57.234554], [-6.356366, 57.233512], [-6.357407, 57.232471], [-6.358449, 57.231429], [-6.359491, 57.231429], [-6.360532, 57.231429], [-6.361574, 57.231429], [-6.362616, 57.231429], [-6.363657, 57.231429], [-6.364699, 57.231429], [-6.365741, 57.231429], [-6.366782, 57.231429], [-6.367824, 57.231429], [-6.368866, 57.231429], [-6.369907, 57.231429], [-6.370949, 57.231429], [-6.371991, 57.231429], [-6.373032, 57.231429], [-6.374074, 57.230388], [-6.375116, 57.230388], [-6.376157, 57.230388], [-6.377199, 57.230388], [-6.378241, 57.230387]]}, "properties": {"node_id": "os:node/0631B297-FF8B-4AC1-A32A-514C9DE87590", "lat": 57.24445, "lon": -6.34948, "dist_m": 2178, "in_scope": false, "traced": true, "path_m": 2796, "straight_m": 2178, "detour": 1.28, "max_elev_crossed_m": 3.1, "min_depth_m": -17.6, "drying_px": 17, "drying_m": 1485, "drying_frac": 0.531}}, {"type": "Feature", "geometry": {"type": "LineString", "coordinates": [[-6.584819, 57.431771], [-6.585861, 57.432812], [-6.586903, 57.433854], [-6.586903, 57.434896], [-6.587944, 57.435937], [-6.587944, 57.436979], [-6.588986, 57.438021], [-6.590028, 57.439062], [-6.591069, 57.440104], [-6.592111, 57.441146], [-6.592111, 57.442187], [-6.593153, 57.443229], [-6.594194, 57.444271], [-6.594194, 57.445312], [-6.594194, 57.446354], [-6.594194, 57.447396], [-6.594194, 57.448437], [-6.594194, 57.449479], [-6.595236, 57.450521], [-6.595236, 57.451562], [-6.595236, 57.452604], [-6.595236, 57.453646]]}, "properties": {"node_id": "os:node/46EF8942-BC3F-431D-8F1D-CCC3A187F92D", "lat": 57.43208, "lon": -6.58493, "dist_m": 2169, "in_scope": false, "traced": true, "path_m": 2592, "straight_m": 2169, "detour": 1.2, "max_elev_crossed_m": 0.0, "min_depth_m": -38.5, "drying_px": 12, "drying_m": 1414, "drying_frac": 0.545}}, {"type": "Feature", "geometry": {"type": "LineString", "coordinates": [[-1.388989, 60.305823], [-1.387947, 60.305823], [-1.386905, 60.305823], [-1.385864, 60.305823], [-1.384822, 60.304782], [-1.38378, 60.305823], [-1.382739, 60.305823], [-1.381697, 60.306865], [-1.380655, 60.307907], [-1.379614, 60.308948], [-1.379614, 60.30999], [-1.378572, 60.311032], [-1.378572, 60.312073], [-1.378572, 60.313115], [-1.378572, 60.314157], [-1.378572, 60.315198], [-1.378572, 60.31624], [-1.37753, 60.317282], [-1.37753, 60.318323], [-1.37753, 60.319365], [-1.37753, 60.320407], [-1.37753, 60.321448], [-1.37753, 60.32249], [-1.37753, 60.323532], [-1.37753, 60.324573], [-1.37753, 60.325615], [-1.37753, 60.326657], [-1.37753, 60.327698], [-1.37753, 60.32874], [-1.376489, 60.329782], [-1.375447, 60.330823], [-1.374405, 60.331865], [-1.373364, 60.332907], [-1.374405, 60.333948], [-1.374405, 60.33499], [-1.373364, 60.336032], [-1.373364, 60.337073], [-1.372322, 60.338115]]}, "properties": {"node_id": "os:node/4E47B935-5737-498D-82B0-1647033B76D9", "lat": 60.30584, "lon": -1.38854, "dist_m": 2127, "in_scope": false, "traced": true, "path_m": 4245, "straight_m": 2127, "detour": 2.0, "max_elev_crossed_m": 1.3, "min_depth_m": -3.1, "drying_px": 21, "drying_m": 2346, "drying_frac": 0.553}}, {"type": "Feature", "geometry": {"type": "LineString", "coordinates": [[-6.583778, 57.433854], [-6.584819, 57.434896], [-6.585861, 57.435937], [-6.586903, 57.435937], [-6.587944, 57.436979], [-6.588986, 57.438021], [-6.590028, 57.439062], [-6.591069, 57.440104], [-6.592111, 57.441146], [-6.592111, 57.442187], [-6.592111, 57.443229], [-6.593153, 57.444271], [-6.594194, 57.445312], [-6.594194, 57.446354], [-6.594194, 57.447396], [-6.594194, 57.448437], [-6.594194, 57.449479], [-6.595236, 57.450521], [-6.595236, 57.451562], [-6.595236, 57.452604], [-6.595236, 57.453646]]}, "properties": {"node_id": "os:node/E9154BA0-41C0-4B62-AA30-1DF0786313BC", "lat": 57.43371, "lon": -6.58362, "dist_m": 2119, "in_scope": false, "traced": true, "path_m": 2423, "straight_m": 2119, "detour": 1.14, "max_elev_crossed_m": 0.0, "min_depth_m": -45.2, "drying_px": 10, "drying_m": 1154, "drying_frac": 0.476}}, {"type": "Feature", "geometry": {"type": "LineString", "coordinates": [[-2.933732, 53.729449], [-2.934773, 53.730491], [-2.935815, 53.730491], [-2.936857, 53.730491], [-2.937898, 53.730491], [-2.93894, 53.730491], [-2.939982, 53.730491], [-2.941023, 53.730491], [-2.942065, 53.730491], [-2.943107, 53.730491], [-2.944148, 53.730491], [-2.94519, 53.730491], [-2.946232, 53.729449], [-2.947273, 53.728408], [-2.948315, 53.727366], [-2.949357, 53.727366], [-2.950398, 53.727366], [-2.95144, 53.727366], [-2.952482, 53.726324], [-2.953523, 53.725283], [-2.954565, 53.725283], [-2.955607, 53.724241], [-2.956648, 53.723199], [-2.95769, 53.722158], [-2.958732, 53.721116], [-2.959773, 53.720074], [-2.960815, 53.719033], [-2.961857, 53.720074]]}, "properties": {"node_id": "os:node/E5289CC0-1EAE-45BA-BD8F-C923C3148E62", "lat": 53.72997, "lon": -2.93375, "dist_m": 2114, "in_scope": true, "traced": true, "path_m": 2712, "straight_m": 2114, "detour": 1.28, "max_elev_crossed_m": 9.6, "min_depth_m": -1.0, "drying_px": 16, "drying_m": 1550, "drying_frac": 0.571}}, {"type": "Feature", "geometry": {"type": "LineString", "coordinates": [[-5.433267, 50.182861], [-5.432225, 50.183902], [-5.431184, 50.184944], [-5.430142, 50.185986], [-5.4291, 50.187027], [-5.430142, 50.188069], [-5.431184, 50.189111], [-5.432225, 50.190152], [-5.433267, 50.190152], [-5.434309, 50.191194], [-5.43535, 50.192236], [-5.43535, 50.193277], [-5.43535, 50.194319], [-5.43535, 50.195361], [-5.43535, 50.196402], [-5.43535, 50.197444], [-5.43535, 50.198486], [-5.436392, 50.199527], [-5.437434, 50.200569], [-5.438475, 50.201611], [-5.439517, 50.202652]]}, "properties": {"node_id": "os:node/91E35FDB-5C65-4AF1-87E1-B004582AC233", "lat": 50.18307, "lon": -5.43325, "dist_m": 2101, "in_scope": true, "traced": true, "path_m": 2560, "straight_m": 2101, "detour": 1.22, "max_elev_crossed_m": 3.7, "min_depth_m": -4.7, "drying_px": 16, "drying_m": 1950, "drying_frac": 0.762}}, {"type": "Feature", "geometry": {"type": "LineString", "coordinates": [[-1.118608, 60.61497], [-1.11965, 60.61497], [-1.120691, 60.613929], [-1.121733, 60.61497], [-1.122775, 60.61497], [-1.123816, 60.61497], [-1.124858, 60.61497], [-1.1259, 60.61497], [-1.126941, 60.616012], [-1.126941, 60.617054], [-1.127983, 60.618095], [-1.129025, 60.619137], [-1.130066, 60.620179], [-1.131108, 60.62122], [-1.131108, 60.622262], [-1.13215, 60.623304], [-1.133191, 60.623304], [-1.134233, 60.623304], [-1.135275, 60.623304], [-1.136316, 60.623304], [-1.137358, 60.623304], [-1.1384, 60.624345], [-1.139441, 60.624345], [-1.140483, 60.624345], [-1.141525, 60.624345], [-1.142566, 60.624345], [-1.143608, 60.624345], [-1.14465, 60.624345], [-1.145691, 60.625387], [-1.146733, 60.626429], [-1.147775, 60.626429]]}, "properties": {"node_id": "os:node/BDB45795-A2B9-4664-9C77-636F2655634F", "lat": 60.61492, "lon": -1.11898, "dist_m": 2025, "in_scope": false, "traced": true, "path_m": 2620, "straight_m": 2025, "detour": 1.29, "max_elev_crossed_m": 2.6, "min_depth_m": -0.4, "drying_px": 23, "drying_m": 1944, "drying_frac": 0.742}}, {"type": "Feature", "geometry": {"type": "LineString", "coordinates": [[-6.466899, 58.129679], [-6.465858, 58.129679], [-6.464816, 58.130721], [-6.463774, 58.131762], [-6.462733, 58.131762], [-6.461691, 58.131762], [-6.460649, 58.131762], [-6.459608, 58.131762], [-6.458566, 58.131762], [-6.457524, 58.131762], [-6.456483, 58.131762], [-6.455441, 58.131762], [-6.454399, 58.131762], [-6.453358, 58.131762], [-6.452316, 58.131762], [-6.451274, 58.131762], [-6.450233, 58.131762], [-6.449191, 58.131762], [-6.448149, 58.131762], [-6.447108, 58.131762], [-6.446066, 58.130721], [-6.445024, 58.130721], [-6.443983, 58.130721], [-6.442941, 58.130721], [-6.441899, 58.130721], [-6.440858, 58.130721], [-6.439816, 58.130721], [-6.438774, 58.130721], [-6.437733, 58.130721], [-6.436691, 58.130721], [-6.435649, 58.130721], [-6.434608, 58.130721], [-6.433566, 58.130721], [-6.432524, 58.129679], [-6.431483, 58.128638], [-6.430441, 58.127596], [-6.429399, 58.126554], [-6.428358, 58.125512], [-6.428358, 58.124471], [-6.428358, 58.123429], [-6.427316, 58.122388]]}, "properties": {"node_id": "os:node/98185FDF-FA53-4741-ADE1-1F9907414A2E", "lat": 58.1302, "lon": -6.46742, "dist_m": 2014, "in_scope": false, "traced": true, "path_m": 3188, "straight_m": 2014, "detour": 1.58, "max_elev_crossed_m": 1.5, "min_depth_m": -0.4, "drying_px": 37, "drying_m": 2877, "drying_frac": 0.902}}, {"type": "Feature", "geometry": {"type": "LineString", "coordinates": [[-5.497235, 56.357279], [-5.498277, 56.357279], [-5.499319, 56.356237], [-5.50036, 56.356237], [-5.501402, 56.355196], [-5.502444, 56.354154], [-5.503485, 56.354154], [-5.504527, 56.353112], [-5.505569, 56.353112], [-5.50661, 56.352071], [-5.507652, 56.351029], [-5.508694, 56.349988], [-5.509735, 56.348946], [-5.510777, 56.347904], [-5.511819, 56.346862], [-5.51286, 56.345821], [-5.513902, 56.346862], [-5.514944, 56.345821], [-5.515985, 56.345821], [-5.517027, 56.345821], [-5.518069, 56.344779], [-5.51911, 56.343737], [-5.520152, 56.343737], [-5.521194, 56.343737], [-5.522235, 56.344779], [-5.523277, 56.344779], [-5.524319, 56.343737], [-5.52536, 56.344779], [-5.526402, 56.344779], [-5.527444, 56.345821], [-5.527444, 56.346862]]}, "properties": {"node_id": "os:node/431741B4-C42E-4681-9952-47BD48B9EA7C", "lat": 56.3578, "lon": -5.49751, "dist_m": 1971, "in_scope": false, "traced": true, "path_m": 3277, "straight_m": 1971, "detour": 1.66, "max_elev_crossed_m": 4.5, "min_depth_m": -43.7, "drying_px": 22, "drying_m": 2326, "drying_frac": 0.71}}, {"type": "Feature", "geometry": {"type": "LineString", "coordinates": [[1.391299, 51.981559], [1.391299, 51.980518], [1.391299, 51.979476], [1.390258, 51.978434], [1.389216, 51.977392], [1.388174, 51.976351], [1.387133, 51.975309], [1.386091, 51.974268], [1.385049, 51.973226], [1.384008, 51.972184], [1.382966, 51.971142], [1.381924, 51.970101], [1.380883, 51.969059], [1.379841, 51.968018], [1.378799, 51.966976], [1.377758, 51.965934], [1.376716, 51.964892], [1.375674, 51.963851]]}, "properties": {"node_id": "os:node/3173ACCE-BFA2-483D-A857-EDC5258C1705", "lat": 51.98208, "lon": 1.39182, "dist_m": 1969, "in_scope": true, "traced": true, "path_m": 2275, "straight_m": 1969, "detour": 1.16, "max_elev_crossed_m": -0.6, "min_depth_m": -2.9, "drying_px": 0, "drying_m": 0, "drying_frac": 0.0}}, {"type": "Feature", "geometry": {"type": "LineString", "coordinates": [[-7.305969, 57.239141], [-7.304928, 57.238099], [-7.304928, 57.237057], [-7.304928, 57.236016], [-7.304928, 57.234974], [-7.304928, 57.233932], [-7.304928, 57.232891], [-7.304928, 57.231849], [-7.304928, 57.230808], [-7.304928, 57.229766], [-7.305969, 57.228724], [-7.305969, 57.227682], [-7.305969, 57.226641], [-7.305969, 57.225599], [-7.304928, 57.224557], [-7.303886, 57.224557], [-7.302844, 57.223516], [-7.301803, 57.223516], [-7.300761, 57.223516], [-7.299719, 57.223516], [-7.298678, 57.223516], [-7.297636, 57.223516], [-7.296594, 57.223516], [-7.295553, 57.222474]]}, "properties": {"node_id": "os:node/DC3EB94E-E936-4A70-B26B-7DABF15CA297", "lat": 57.23862, "lon": -7.30649, "dist_m": 1969, "in_scope": false, "traced": true, "path_m": 2374, "straight_m": 1969, "detour": 1.21, "max_elev_crossed_m": 2.7, "min_depth_m": -26.0, "drying_px": 21, "drying_m": 2077, "drying_frac": 0.875}}, {"type": "Feature", "geometry": {"type": "LineString", "coordinates": [[-3.08204, 54.076281], [-3.083082, 54.077322], [-3.084124, 54.078364], [-3.085165, 54.079406], [-3.086207, 54.079406], [-3.087249, 54.079406], [-3.08829, 54.079406], [-3.089332, 54.079406], [-3.090374, 54.079406], [-3.091415, 54.079406], [-3.092457, 54.079406], [-3.093499, 54.079406], [-3.09454, 54.079406], [-3.095582, 54.079406], [-3.096624, 54.079406], [-3.097665, 54.079406], [-3.098707, 54.079406], [-3.099749, 54.078364], [-3.10079, 54.077322], [-3.101832, 54.076281], [-3.102874, 54.075239], [-3.103915, 54.074198], [-3.104957, 54.073156], [-3.105999, 54.072114], [-3.10704, 54.071072], [-3.108082, 54.070031], [-3.109124, 54.068989], [-3.110165, 54.067948]]}, "properties": {"node_id": "os:node/DCD9887D-83C5-4027-A073-E13A6267803A", "lat": 54.07576, "lon": -3.08156, "dist_m": 1959, "in_scope": true, "traced": true, "path_m": 2767, "straight_m": 1959, "detour": 1.41, "max_elev_crossed_m": 2.6, "min_depth_m": -0.2, "drying_px": 24, "drying_m": 2371, "drying_frac": 0.857}}, {"type": "Feature", "geometry": {"type": "LineString", "coordinates": [[-1.332385, 60.338202], [-1.333427, 60.337161], [-1.334469, 60.337161], [-1.33551, 60.337161], [-1.336552, 60.338202], [-1.337594, 60.338202], [-1.338635, 60.338202], [-1.339677, 60.338202], [-1.340719, 60.338202], [-1.34176, 60.338202], [-1.342802, 60.338202], [-1.343844, 60.339244], [-1.344885, 60.338202], [-1.345927, 60.339244], [-1.345927, 60.340286], [-1.345927, 60.341327], [-1.345927, 60.342369], [-1.346969, 60.343411], [-1.34801, 60.344452], [-1.349052, 60.345494], [-1.350094, 60.345494], [-1.351135, 60.345494], [-1.352177, 60.345494], [-1.353219, 60.346536], [-1.35426, 60.346536], [-1.355302, 60.346536], [-1.356344, 60.345494], [-1.357385, 60.345494], [-1.358427, 60.345494], [-1.359469, 60.345494], [-1.36051, 60.345494], [-1.361552, 60.345494], [-1.362594, 60.345494], [-1.363635, 60.345494]]}, "properties": {"node_id": "os:node/9D41E735-78B6-4A7D-9622-8F9A73071265", "lat": 60.33772, "lon": -1.3322, "dist_m": 1934, "in_scope": false, "traced": true, "path_m": 2789, "straight_m": 1934, "detour": 1.44, "max_elev_crossed_m": 4.3, "min_depth_m": -1.1, "drying_px": 23, "drying_m": 1887, "drying_frac": 0.676}}, {"type": "Feature", "geometry": {"type": "LineString", "coordinates": [[-3.278513, 54.877419], [-3.279555, 54.877419], [-3.280596, 54.877419], [-3.281638, 54.877419], [-3.28268, 54.87846], [-3.283721, 54.87846], [-3.284763, 54.879502], [-3.285805, 54.879502], [-3.286846, 54.879502], [-3.287888, 54.879502], [-3.28893, 54.880544], [-3.289971, 54.880544], [-3.291013, 54.880544], [-3.292055, 54.880544], [-3.293096, 54.881585], [-3.294138, 54.882627], [-3.29518, 54.883669], [-3.29518, 54.88471], [-3.29518, 54.885752], [-3.296221, 54.886794], [-3.297263, 54.887835], [-3.297263, 54.888877], [-3.298305, 54.889919], [-3.299346, 54.89096]]}, "properties": {"node_id": "os:node/A85276C9-951E-4C15-98C3-0D9D1D30A6F9", "lat": 54.87748, "lon": -3.27877, "dist_m": 1929, "in_scope": true, "traced": true, "path_m": 2353, "straight_m": 1929, "detour": 1.22, "max_elev_crossed_m": 2.3, "min_depth_m": -1.6, "drying_px": 17, "drying_m": 1667, "drying_frac": 0.708}}, {"type": "Feature", "geometry": {"type": "LineString", "coordinates": [[-5.888821, 57.178041], [-5.888821, 57.176999], [-5.888821, 57.175957], [-5.888821, 57.174916], [-5.888821, 57.173874], [-5.888821, 57.172832], [-5.888821, 57.171791], [-5.888821, 57.170749], [-5.889863, 57.169708], [-5.890905, 57.169708], [-5.891946, 57.168666], [-5.892988, 57.168666], [-5.89403, 57.168666], [-5.895071, 57.168666], [-5.896113, 57.168666], [-5.897155, 57.168666], [-5.898196, 57.168666], [-5.899238, 57.168666], [-5.90028, 57.168666], [-5.901321, 57.168666], [-5.902363, 57.168666], [-5.903405, 57.168666], [-5.904446, 57.168666], [-5.905488, 57.168666], [-5.90653, 57.168666], [-5.907571, 57.168666], [-5.908613, 57.168666], [-5.909655, 57.168666], [-5.910696, 57.168666], [-5.911738, 57.168666], [-5.91278, 57.167624]]}, "properties": {"node_id": "os:node/075B0050-6E52-45AB-BD93-C0C36587267A", "lat": 57.17752, "lon": -5.88853, "dist_m": 1908, "in_scope": false, "traced": true, "path_m": 2464, "straight_m": 1908, "detour": 1.29, "max_elev_crossed_m": 8.6, "min_depth_m": -11.1, "drying_px": 25, "drying_m": 1987, "drying_frac": 0.806}}, {"type": "Feature", "geometry": {"type": "LineString", "coordinates": [[-6.449959, 58.132969], [-6.448918, 58.131927], [-6.447876, 58.131927], [-6.446834, 58.131927], [-6.445793, 58.130886], [-6.444751, 58.130886], [-6.443709, 58.130886], [-6.442668, 58.130886], [-6.441626, 58.130886], [-6.440584, 58.130886], [-6.439542, 58.130886], [-6.438501, 58.130886], [-6.437459, 58.130886], [-6.436418, 58.130886], [-6.435376, 58.130886], [-6.434334, 58.129844], [-6.433292, 58.129844], [-6.432251, 58.129844], [-6.431209, 58.129844], [-6.430168, 58.128802], [-6.429126, 58.127761], [-6.428084, 58.126719], [-6.427042, 58.125678], [-6.427042, 58.124636], [-6.427042, 58.123594], [-6.426001, 58.122552]]}, "properties": {"node_id": "os:node/16EF271A-B824-4DA8-A150-BC29D545B3FA", "lat": 58.13349, "lon": -6.45048, "dist_m": 1889, "in_scope": false, "traced": true, "path_m": 2199, "straight_m": 1889, "detour": 1.16, "max_elev_crossed_m": 0.3, "min_depth_m": -0.1, "drying_px": 25, "drying_m": 2115, "drying_frac": 0.962}}, {"type": "Feature", "geometry": {"type": "LineString", "coordinates": [[-1.352059, 60.481049], [-1.351018, 60.482091], [-1.349976, 60.482091], [-1.348934, 60.482091], [-1.347892, 60.482091], [-1.346851, 60.481049], [-1.345809, 60.480007], [-1.344768, 60.480007], [-1.343726, 60.481049], [-1.342684, 60.482091], [-1.341642, 60.482091], [-1.340601, 60.482091], [-1.339559, 60.482091], [-1.338518, 60.482091], [-1.337476, 60.482091], [-1.336434, 60.482091], [-1.335392, 60.481049], [-1.334351, 60.480007], [-1.333309, 60.481049], [-1.332268, 60.481049], [-1.331226, 60.480007], [-1.330184, 60.478966], [-1.329142, 60.478966], [-1.328101, 60.478966], [-1.327059, 60.478966], [-1.326018, 60.478966], [-1.324976, 60.477924], [-1.323934, 60.476882], [-1.322893, 60.475841]]}, "properties": {"node_id": "os:node/2F221AA2-83B4-4AB8-93AE-6B2140791DB3", "lat": 60.48157, "lon": -1.35258, "dist_m": 1876, "in_scope": false, "traced": true, "path_m": 2537, "straight_m": 1876, "detour": 1.35, "max_elev_crossed_m": 1.3, "min_depth_m": -2.6, "drying_px": 25, "drying_m": 2187, "drying_frac": 0.862}}, {"type": "Feature", "geometry": {"type": "LineString", "coordinates": [[-5.85654, 56.780276], [-5.857581, 56.780276], [-5.858623, 56.780276], [-5.859665, 56.780276], [-5.860706, 56.780276], [-5.861748, 56.780276], [-5.86279, 56.781318], [-5.863831, 56.781318], [-5.864873, 56.782359], [-5.865915, 56.782359], [-5.866956, 56.782359], [-5.867998, 56.782359], [-5.86904, 56.782359], [-5.870081, 56.783401], [-5.871123, 56.784443], [-5.872165, 56.784443], [-5.873206, 56.785484], [-5.874248, 56.785484], [-5.87529, 56.786526], [-5.876331, 56.785484], [-5.877373, 56.785484], [-5.878415, 56.786526], [-5.878415, 56.787568], [-5.879456, 56.788609], [-5.880498, 56.789651], [-5.88154, 56.790693], [-5.882581, 56.789651], [-5.883623, 56.788609]]}, "properties": {"node_id": "os:node/3F7FE942-C826-4660-8759-760F20FC2F28", "lat": 56.77986, "lon": -5.85679, "dist_m": 1860, "in_scope": false, "traced": true, "path_m": 2661, "straight_m": 1860, "detour": 1.43, "max_elev_crossed_m": 1.2, "min_depth_m": -27.4, "drying_px": 11, "drying_m": 1045, "drying_frac": 0.393}}, {"type": "Feature", "geometry": {"type": "LineString", "coordinates": [[-6.712859, 58.009059], [-6.713901, 58.008017], [-6.713901, 58.006976], [-6.713901, 58.005934], [-6.713901, 58.004892], [-6.713901, 58.003851], [-6.713901, 58.002809], [-6.713901, 58.001768], [-6.713901, 58.000726], [-6.713901, 57.999684], [-6.713901, 57.998642], [-6.712859, 57.997601], [-6.711818, 57.996559], [-6.710776, 57.995518], [-6.709734, 57.994476]]}, "properties": {"node_id": "os:node/280874D7-0C83-41CE-915F-681D47E88669", "lat": 58.00958, "lon": -6.71338, "dist_m": 1845, "in_scope": false, "traced": true, "path_m": 1700, "straight_m": 1845, "detour": 0.92, "max_elev_crossed_m": 0.0, "min_depth_m": -21.5, "drying_px": 14, "drying_m": 1586, "drying_frac": 0.933}}, {"type": "Feature", "geometry": {"type": "LineString", "coordinates": [[-7.269249, 57.327998], [-7.268208, 57.326956], [-7.267166, 57.326956], [-7.266124, 57.326956], [-7.265083, 57.326956], [-7.264041, 57.326956], [-7.262999, 57.326956], [-7.261958, 57.326956], [-7.260916, 57.326956], [-7.259874, 57.326956], [-7.258833, 57.326956], [-7.257791, 57.326956], [-7.256749, 57.326956], [-7.255708, 57.326956], [-7.254666, 57.326956], [-7.253624, 57.327998], [-7.252583, 57.32904], [-7.251541, 57.32904], [-7.250499, 57.32904], [-7.249458, 57.330081], [-7.248416, 57.330081], [-7.247374, 57.330081], [-7.246333, 57.330081], [-7.245291, 57.330081], [-7.244249, 57.331123], [-7.243208, 57.331123], [-7.242166, 57.331123], [-7.241124, 57.332165]]}, "properties": {"node_id": "os:node/2C40E330-EDC1-4C62-AF84-DAF839F54DCD", "lat": 57.32808, "lon": -7.26977, "dist_m": 1824, "in_scope": false, "traced": true, "path_m": 2105, "straight_m": 1824, "detour": 1.15, "max_elev_crossed_m": 1.2, "min_depth_m": -0.4, "drying_px": 23, "drying_m": 1729, "drying_frac": 0.821}}, {"type": "Feature", "geometry": {"type": "LineString", "coordinates": [[-1.416189, 60.255359], [-1.415148, 60.254317], [-1.414106, 60.253276], [-1.413064, 60.253276], [-1.412023, 60.252234], [-1.410981, 60.252234], [-1.409939, 60.252234], [-1.408898, 60.251192], [-1.407856, 60.250151], [-1.406814, 60.249109], [-1.405773, 60.248068], [-1.404731, 60.247026], [-1.403689, 60.245984], [-1.402648, 60.244942], [-1.401606, 60.243901], [-1.400564, 60.243901], [-1.399523, 60.243901], [-1.398481, 60.243901], [-1.397439, 60.242859], [-1.396398, 60.242859], [-1.395356, 60.242859], [-1.394314, 60.242859]]}, "properties": {"node_id": "os:node/9E23F527-EB0F-4181-99FE-B918D44A83EB", "lat": 60.25588, "lon": -1.41671, "dist_m": 1806, "in_scope": false, "traced": true, "path_m": 2071, "straight_m": 1806, "detour": 1.15, "max_elev_crossed_m": 0.0, "min_depth_m": -0.1, "drying_px": 19, "drying_m": 1789, "drying_frac": 0.864}}, {"type": "Feature", "geometry": {"type": "LineString", "coordinates": [[-6.643139, 57.961671], [-6.642098, 57.960629], [-6.641056, 57.959588], [-6.640014, 57.958546], [-6.638972, 57.957504], [-6.637931, 57.956462], [-6.636889, 57.955421], [-6.635848, 57.954379], [-6.634806, 57.953338], [-6.633764, 57.952296], [-6.632722, 57.951254], [-6.631681, 57.950212], [-6.630639, 57.949171], [-6.629598, 57.949171], [-6.628556, 57.948129]]}, "properties": {"node_id": "os:node/EE4D56AE-C387-4F45-AF81-186EEE4DE2F4", "lat": 57.96115, "lon": -6.64366, "dist_m": 1799, "in_scope": false, "traced": true, "path_m": 1768, "straight_m": 1799, "detour": 0.98, "max_elev_crossed_m": 1.5, "min_depth_m": -1.6, "drying_px": 14, "drying_m": 1650, "drying_frac": 0.933}}, {"type": "Feature", "geometry": {"type": "LineString", "coordinates": [[-5.117201, 57.865713], [-5.11616, 57.866754], [-5.11616, 57.867796], [-5.11616, 57.868838], [-5.11616, 57.869879], [-5.11616, 57.870921], [-5.117201, 57.871963], [-5.118243, 57.873004], [-5.119285, 57.874046], [-5.120326, 57.875088], [-5.121368, 57.876129], [-5.12241, 57.877171], [-5.123451, 57.877171], [-5.124493, 57.877171], [-5.125535, 57.877171], [-5.126576, 57.877171], [-5.127618, 57.878213], [-5.12866, 57.878213], [-5.129701, 57.878213], [-5.130743, 57.878213], [-5.131785, 57.878213], [-5.132826, 57.877171], [-5.133868, 57.877171], [-5.13491, 57.878213], [-5.135951, 57.878213], [-5.136993, 57.878213]]}, "properties": {"node_id": "os:node/A0890896-22E2-466F-8AF4-662D87BF88B8", "lat": 57.86606, "lon": -5.11768, "dist_m": 1798, "in_scope": false, "traced": true, "path_m": 2456, "straight_m": 1798, "detour": 1.37, "max_elev_crossed_m": 3.4, "min_depth_m": -38.5, "drying_px": 16, "drying_m": 1511, "drying_frac": 0.615}}, {"type": "Feature", "geometry": {"type": "LineString", "coordinates": [[-3.279555, 54.87846], [-3.280596, 54.87846], [-3.281638, 54.87846], [-3.28268, 54.87846], [-3.283721, 54.87846], [-3.284763, 54.879502], [-3.285805, 54.879502], [-3.286846, 54.879502], [-3.287888, 54.879502], [-3.28893, 54.880544], [-3.289971, 54.880544], [-3.291013, 54.880544], [-3.292055, 54.880544], [-3.293096, 54.881585], [-3.294138, 54.882627], [-3.29518, 54.883669], [-3.29518, 54.88471], [-3.29518, 54.885752], [-3.296221, 54.886794], [-3.297263, 54.887835], [-3.297263, 54.888877], [-3.298305, 54.889919], [-3.299346, 54.89096]]}, "properties": {"node_id": "os:node/D8F1C2F4-DF3B-4023-93E2-0644BEBCB5BE", "lat": 54.87885, "lon": -3.27924, "dist_m": 1797, "in_scope": true, "traced": true, "path_m": 2219, "straight_m": 1797, "detour": 1.23, "max_elev_crossed_m": 2.6, "min_depth_m": -1.6, "drying_px": 16, "drying_m": 1544, "drying_frac": 0.696}}, {"type": "Feature", "geometry": {"type": "LineString", "coordinates": [[-7.32583, 57.658394], [-7.32583, 57.659436], [-7.32583, 57.660478], [-7.32583, 57.661519], [-7.324788, 57.662561], [-7.323747, 57.662561], [-7.322705, 57.663603], [-7.321663, 57.664644], [-7.320622, 57.665686], [-7.31958, 57.665686], [-7.318538, 57.666728], [-7.317497, 57.667769], [-7.316455, 57.668811], [-7.316455, 57.669853], [-7.315413, 57.670894], [-7.314372, 57.670894], [-7.31333, 57.671936], [-7.312288, 57.672978], [-7.311247, 57.672978], [-7.310205, 57.674019], [-7.309163, 57.674019], [-7.308122, 57.674019], [-7.30708, 57.674019], [-7.306038, 57.675061], [-7.304997, 57.676103], [-7.303955, 57.676103], [-7.302913, 57.677144], [-7.301872, 57.678186], [-7.30083, 57.678186], [-7.299788, 57.679228]]}, "properties": {"node_id": "os:node/B4A66457-1A4E-4430-B31E-6CCA917858A8", "lat": 57.6585, "lon": -7.32588, "dist_m": 1793, "in_scope": false, "traced": true, "path_m": 3126, "straight_m": 1793, "detour": 1.74, "max_elev_crossed_m": 4.7, "min_depth_m": -1.4, "drying_px": 23, "drying_m": 2397, "drying_frac": 0.767}}, {"type": "Feature", "geometry": {"type": "LineString", "coordinates": [[-6.925284, 57.875236], [-6.926326, 57.875236], [-6.927367, 57.875236], [-6.928409, 57.876277], [-6.929451, 57.876277], [-6.930492, 57.875236], [-6.931534, 57.875236], [-6.932576, 57.875236], [-6.933617, 57.876277], [-6.934659, 57.876277], [-6.935701, 57.877319], [-6.936742, 57.878361], [-6.937784, 57.879402], [-6.938826, 57.880444], [-6.939867, 57.880444], [-6.940909, 57.880444], [-6.941951, 57.880444], [-6.942992, 57.880444], [-6.944034, 57.881486], [-6.945076, 57.881486], [-6.946117, 57.882527], [-6.947159, 57.882527], [-6.948201, 57.882527], [-6.949242, 57.882527]]}, "properties": {"node_id": "os:node/6AC3D9E1-6314-401A-8851-99EDEF79C1DD", "lat": 57.87567, "lon": -6.92491, "dist_m": 1792, "in_scope": false, "traced": true, "path_m": 2045, "straight_m": 1792, "detour": 1.14, "max_elev_crossed_m": 4.8, "min_depth_m": -0.4, "drying_px": 19, "drying_m": 1619, "drying_frac": 0.792}}, {"type": "Feature", "geometry": {"type": "LineString", "coordinates": [[-7.116229, 57.633966], [-7.117271, 57.632924], [-7.117271, 57.631882], [-7.118312, 57.630841], [-7.119354, 57.630841], [-7.120396, 57.630841], [-7.121438, 57.630841], [-7.122479, 57.630841], [-7.123521, 57.630841], [-7.124562, 57.629799], [-7.125604, 57.628757], [-7.126646, 57.628757], [-7.127688, 57.628757], [-7.128729, 57.628757], [-7.129771, 57.628757], [-7.130812, 57.627716], [-7.131854, 57.627716], [-7.132896, 57.627716], [-7.133938, 57.626674], [-7.133938, 57.625632], [-7.133938, 57.624591], [-7.132896, 57.623549], [-7.133938, 57.622507], [-7.132896, 57.621466], [-7.131854, 57.621466], [-7.130812, 57.620424], [-7.130812, 57.619382], [-7.129771, 57.618341], [-7.129771, 57.617299], [-7.130813, 57.616257]]}, "properties": {"node_id": "os:node/7B9792D0-CD35-4756-BD11-260185C5D139", "lat": 57.63414, "lon": -7.11675, "dist_m": 1776, "in_scope": false, "traced": true, "path_m": 2903, "straight_m": 1776, "detour": 1.63, "max_elev_crossed_m": 4.6, "min_depth_m": -3.2, "drying_px": 21, "drying_m": 2032, "drying_frac": 0.7}}, {"type": "Feature", "geometry": {"type": "LineString", "coordinates": [[-1.505841, 60.219629], [-1.506883, 60.219629], [-1.507924, 60.219629], [-1.508966, 60.219629], [-1.510008, 60.219629], [-1.511049, 60.219629], [-1.512091, 60.219629], [-1.513133, 60.219629], [-1.514174, 60.219629], [-1.515216, 60.219629], [-1.516258, 60.218587], [-1.517299, 60.217546], [-1.518341, 60.216504], [-1.519383, 60.216504], [-1.520424, 60.216504], [-1.521466, 60.215462], [-1.522508, 60.214421], [-1.523549, 60.214421], [-1.524591, 60.215462], [-1.525633, 60.216504], [-1.526674, 60.216504], [-1.527716, 60.216504], [-1.528758, 60.216504], [-1.529799, 60.216504], [-1.530841, 60.216504], [-1.531883, 60.215462], [-1.532924, 60.214421], [-1.532924, 60.213379]]}, "properties": {"node_id": "os:node/CE035DDC-8EEF-4B00-9909-F36A204FE0E5", "lat": 60.22015, "lon": -1.506, "dist_m": 1775, "in_scope": false, "traced": true, "path_m": 2260, "straight_m": 1775, "detour": 1.27, "max_elev_crossed_m": 1.8, "min_depth_m": -19.8, "drying_px": 9, "drying_m": 727, "drying_frac": 0.321}}, {"type": "Feature", "geometry": {"type": "LineString", "coordinates": [[-1.593189, 60.222589], [-1.592148, 60.222589], [-1.591106, 60.222589], [-1.590064, 60.222589], [-1.589022, 60.221547], [-1.587981, 60.220506], [-1.586939, 60.219464], [-1.585898, 60.218422], [-1.584856, 60.218422], [-1.583814, 60.218422], [-1.582773, 60.217381], [-1.581731, 60.217381], [-1.580689, 60.217381], [-1.579648, 60.216339], [-1.578606, 60.216339], [-1.577564, 60.217381], [-1.576522, 60.217381], [-1.575481, 60.218422], [-1.574439, 60.218422], [-1.573398, 60.218422], [-1.572356, 60.218422], [-1.571314, 60.218422], [-1.570272, 60.218422], [-1.569231, 60.219464], [-1.568189, 60.219464], [-1.567148, 60.219464], [-1.566106, 60.218422], [-1.565064, 60.218422], [-1.564023, 60.218422]]}, "properties": {"node_id": "os:node/C14827EE-5721-49C5-A783-CDAB8D4B23C6", "lat": 60.22311, "lon": -1.59371, "dist_m": 1775, "in_scope": false, "traced": true, "path_m": 2331, "straight_m": 1775, "detour": 1.31, "max_elev_crossed_m": 12.5, "min_depth_m": -0.3, "drying_px": 25, "drying_m": 2010, "drying_frac": 0.862}}, {"type": "Feature", "geometry": {"type": "LineString", "coordinates": [[-1.429415, 60.512133], [-1.430456, 60.511092], [-1.431498, 60.51005], [-1.43254, 60.51005], [-1.433581, 60.51005], [-1.434623, 60.51005], [-1.435665, 60.51005], [-1.436706, 60.51005], [-1.437748, 60.509008], [-1.43879, 60.509008], [-1.439831, 60.509008], [-1.440873, 60.509008], [-1.441915, 60.509008], [-1.442956, 60.509008], [-1.443998, 60.509008], [-1.44504, 60.509008], [-1.446081, 60.509008], [-1.447123, 60.509008], [-1.448165, 60.509008], [-1.449206, 60.509008], [-1.450248, 60.509008], [-1.45129, 60.509008], [-1.452331, 60.509008], [-1.453373, 60.509008], [-1.454415, 60.509008], [-1.455456, 60.51005], [-1.456498, 60.51005], [-1.45754, 60.51005], [-1.458581, 60.511092], [-1.459623, 60.512133], [-1.460665, 60.513175]]}, "properties": {"node_id": "os:node/CD877CE2-4324-4029-924A-DC94D7FD5DB3", "lat": 60.5124, "lon": -1.4291, "dist_m": 1762, "in_scope": false, "traced": true, "path_m": 2218, "straight_m": 1762, "detour": 1.26, "max_elev_crossed_m": 2.6, "min_depth_m": -0.7, "drying_px": 23, "drying_m": 1645, "drying_frac": 0.742}}, {"type": "Feature", "geometry": {"type": "LineString", "coordinates": [[-1.338322, 60.335435], [-1.339364, 60.334393], [-1.340406, 60.334393], [-1.341447, 60.334393], [-1.342489, 60.335435], [-1.343531, 60.336476], [-1.344572, 60.337518], [-1.345614, 60.33856], [-1.345614, 60.339601], [-1.345614, 60.340643], [-1.345614, 60.341685], [-1.345614, 60.342726], [-1.344572, 60.343768], [-1.345614, 60.34481], [-1.345614, 60.345851], [-1.345614, 60.346893], [-1.346656, 60.347935], [-1.346656, 60.348976], [-1.346656, 60.350018], [-1.346656, 60.35106], [-1.346656, 60.352101], [-1.346656, 60.353143], [-1.346656, 60.354185], [-1.346656, 60.355226], [-1.346656, 60.356268], [-1.346656, 60.35731], [-1.347697, 60.358351], [-1.348739, 60.359393], [-1.349781, 60.360435], [-1.350822, 60.361476], [-1.351864, 60.362518], [-1.352906, 60.36356], [-1.352906, 60.364601], [-1.352906, 60.365643], [-1.351864, 60.366685]]}, "properties": {"node_id": "os:node/CEC40FDD-9838-4E3D-817E-4A89D1F67127", "lat": 60.33494, "lon": -1.33825, "dist_m": 1736, "in_scope": false, "traced": true, "path_m": 4027, "straight_m": 1736, "detour": 2.32, "max_elev_crossed_m": 2.3, "min_depth_m": -7.0, "drying_px": 12, "drying_m": 1381, "drying_frac": 0.343}}, {"type": "Feature", "geometry": {"type": "LineString", "coordinates": [[-6.814519, 57.900459], [-6.815561, 57.900459], [-6.816603, 57.901501], [-6.817644, 57.901501], [-6.818686, 57.901501], [-6.819728, 57.901501], [-6.820769, 57.901501], [-6.821811, 57.901501], [-6.822853, 57.901501], [-6.823894, 57.901501], [-6.824936, 57.901501], [-6.825978, 57.901501], [-6.827019, 57.901501], [-6.828061, 57.902542], [-6.829103, 57.903584], [-6.830144, 57.903584], [-6.831186, 57.903584], [-6.832228, 57.903584], [-6.833269, 57.903584], [-6.834311, 57.903584], [-6.835353, 57.903584], [-6.836394, 57.904626], [-6.837436, 57.904626], [-6.838478, 57.905667], [-6.839519, 57.906709], [-6.840561, 57.907751], [-6.841603, 57.908792]]}, "properties": {"node_id": "os:node/C018005A-BE53-4045-9AE8-DEE073F1DA27", "lat": 57.90098, "lon": -6.81504, "dist_m": 1719, "in_scope": false, "traced": true, "path_m": 2160, "straight_m": 1719, "detour": 1.26, "max_elev_crossed_m": 3.3, "min_depth_m": -0.3, "drying_px": 26, "drying_m": 2080, "drying_frac": 0.963}}, {"type": "Feature", "geometry": {"type": "LineString", "coordinates": [[-5.444303, 57.318121], [-5.444303, 57.317079], [-5.444303, 57.316037], [-5.445345, 57.314996], [-5.446387, 57.314996], [-5.447428, 57.314996], [-5.44847, 57.313954], [-5.449512, 57.313954], [-5.450553, 57.313954], [-5.451595, 57.313954], [-5.452637, 57.313954], [-5.453678, 57.312912], [-5.45472, 57.311871], [-5.455762, 57.311871], [-5.456803, 57.311871], [-5.457845, 57.311871], [-5.458887, 57.311871], [-5.459928, 57.311871], [-5.46097, 57.311871], [-5.462012, 57.311871], [-5.463053, 57.311871], [-5.464095, 57.311871], [-5.465137, 57.311871], [-5.466178, 57.311871], [-5.46722, 57.311871], [-5.468262, 57.310829], [-5.469303, 57.310829], [-5.470345, 57.311871]]}, "properties": {"node_id": "os:node/4E1E4231-A210-47D0-85FF-EDA3B72BB92E", "lat": 57.3176, "lon": -5.44455, "dist_m": 1708, "in_scope": false, "traced": true, "path_m": 2212, "straight_m": 1708, "detour": 1.3, "max_elev_crossed_m": 3.6, "min_depth_m": -7.6, "drying_px": 25, "drying_m": 1975, "drying_frac": 0.893}}, {"type": "Feature", "geometry": {"type": "LineString", "coordinates": [[-6.453119, 58.094778], [-6.453119, 58.09582], [-6.453119, 58.096861], [-6.453119, 58.097903], [-6.453119, 58.098945], [-6.453119, 58.099986], [-6.452078, 58.101028], [-6.451036, 58.10207], [-6.449994, 58.103111], [-6.448953, 58.104153], [-6.447911, 58.105195], [-6.446869, 58.106236], [-6.445828, 58.107278], [-6.444786, 58.10832]]}, "properties": {"node_id": "os:node/44EF6D16-E18A-4211-9349-AD0640F805A1", "lat": 58.09436, "lon": -6.45364, "dist_m": 1695, "in_scope": false, "traced": true, "path_m": 1629, "straight_m": 1695, "detour": 0.96, "max_elev_crossed_m": 0.0, "min_depth_m": -31.3, "drying_px": 9, "drying_m": 1047, "drying_frac": 0.643}}, {"type": "Feature", "geometry": {"type": "LineString", "coordinates": [[-4.026809, 57.92773], [-4.026809, 57.928771], [-4.025768, 57.929813], [-4.024726, 57.930855], [-4.023684, 57.931896], [-4.022643, 57.931896], [-4.021601, 57.931896], [-4.020559, 57.931896], [-4.019518, 57.931896], [-4.018476, 57.931896], [-4.017434, 57.932938], [-4.016393, 57.932938], [-4.015351, 57.932938], [-4.014309, 57.932938], [-4.013268, 57.932938], [-4.012226, 57.932938], [-4.011184, 57.932938], [-4.010143, 57.932938], [-4.009101, 57.932938], [-4.008059, 57.932938], [-4.007018, 57.932938], [-4.005976, 57.931896], [-4.004934, 57.931896], [-4.003893, 57.930855], [-4.002851, 57.930855], [-4.001809, 57.930855], [-4.000768, 57.930855], [-3.999726, 57.930855], [-3.998684, 57.930855]]}, "properties": {"node_id": "os:node/A0A25C2A-D311-4991-B3F5-034415DB929E", "lat": 57.92817, "lon": -4.02733, "dist_m": 1689, "in_scope": false, "traced": true, "path_m": 2197, "straight_m": 1689, "detour": 1.3, "max_elev_crossed_m": 4.7, "min_depth_m": -0.6, "drying_px": 19, "drying_m": 1439, "drying_frac": 0.655}}, {"type": "Feature", "geometry": {"type": "LineString", "coordinates": [[-4.247047, 51.625546], [-4.246005, 51.626587], [-4.244963, 51.627629], [-4.243922, 51.628671], [-4.24288, 51.629712], [-4.241838, 51.630754], [-4.240797, 51.631796], [-4.239755, 51.631796], [-4.238713, 51.631796], [-4.237672, 51.631796], [-4.23663, 51.631796], [-4.235588, 51.631796], [-4.234547, 51.631796], [-4.233505, 51.632837], [-4.232463, 51.633879], [-4.233505, 51.634921], [-4.234547, 51.635962], [-4.234547, 51.637004], [-4.233505, 51.638046], [-4.233505, 51.639087], [-4.232463, 51.640129], [-4.232463, 51.641171], [-4.232463, 51.642212], [-4.233505, 51.643254], [-4.234547, 51.644296], [-4.233505, 51.645337], [-4.232463, 51.645337], [-4.231422, 51.645337], [-4.23038, 51.646379], [-4.229338, 51.647421], [-4.228297, 51.648462], [-4.227255, 51.649504], [-4.227255, 51.650546], [-4.227255, 51.651587], [-4.227255, 51.652629], [-4.227255, 51.653671], [-4.227255, 51.654712], [-4.227255, 51.655754], [-4.227255, 51.656796], [-4.226213, 51.657837], [-4.225172, 51.658879], [-4.22413, 51.658879], [-4.223088, 51.658879], [-4.222047, 51.658879], [-4.221005, 51.658879], [-4.219963, 51.658879], [-4.218922, 51.657837], [-4.21788, 51.657837], [-4.216838, 51.657837], [-4.215797, 51.657837]]}, "properties": {"node_id": "os:node/6E819044-FFEB-4C1E-A6CC-EDD995EDA14A", "lat": 51.62563, "lon": -4.24672, "dist_m": 1688, "in_scope": true, "traced": true, "path_m": 5430, "straight_m": 1688, "detour": 3.22, "max_elev_crossed_m": 4.8, "min_depth_m": -0.7, "drying_px": 38, "drying_m": 4127, "drying_frac": 0.76}}, {"type": "Feature", "geometry": {"type": "LineString", "coordinates": [[-5.566313, 56.040689], [-5.567355, 56.040689], [-5.568397, 56.039648], [-5.569438, 56.039648], [-5.57048, 56.038606], [-5.571522, 56.038606], [-5.572563, 56.037564], [-5.573605, 56.036523], [-5.574647, 56.035481], [-5.575688, 56.034439], [-5.57673, 56.033398], [-5.577772, 56.032356], [-5.578813, 56.032356], [-5.579855, 56.032356], [-5.580897, 56.032356], [-5.581938, 56.031314], [-5.58298, 56.030273]]}, "properties": {"node_id": "os:node/1E5D40E0-7A17-48BA-A6B4-5359B68DFAE7", "lat": 56.04121, "lon": -5.56671, "dist_m": 1682, "in_scope": false, "traced": true, "path_m": 1717, "straight_m": 1682, "detour": 1.02, "max_elev_crossed_m": 13.8, "min_depth_m": -55.2, "drying_px": 12, "drying_m": 1212, "drying_frac": 0.706}}, {"type": "Feature", "geometry": {"type": "LineString", "coordinates": [[-6.842289, 57.832211], [-6.842289, 57.831169], [-6.842289, 57.830127], [-6.843331, 57.829086], [-6.843331, 57.828044], [-6.842289, 57.827002], [-6.842289, 57.825961], [-6.841248, 57.824919], [-6.841248, 57.823878], [-6.840206, 57.822836], [-6.839164, 57.821794], [-6.838123, 57.820752], [-6.837081, 57.819711], [-6.836039, 57.819711], [-6.834998, 57.820752], [-6.833956, 57.819711], [-6.832914, 57.818669], [-6.831872, 57.818669], [-6.830831, 57.818669], [-6.829789, 57.817628], [-6.829789, 57.816586], [-6.830831, 57.815544], [-6.831872, 57.815544], [-6.832914, 57.814502], [-6.833956, 57.814502], [-6.834998, 57.814502]]}, "properties": {"node_id": "os:node/45E89394-3D02-4565-8181-96FC335838CB", "lat": 57.83169, "lon": -6.84281, "dist_m": 1674, "in_scope": false, "traced": true, "path_m": 2774, "straight_m": 1674, "detour": 1.66, "max_elev_crossed_m": 4.1, "min_depth_m": -32.2, "drying_px": 17, "drying_m": 1814, "drying_frac": 0.654}}, {"type": "Feature", "geometry": {"type": "LineString", "coordinates": [[-1.349159, 60.480721], [-1.348118, 60.481762], [-1.347076, 60.481762], [-1.346034, 60.480721], [-1.344993, 60.479679], [-1.343951, 60.479679], [-1.342909, 60.480721], [-1.341868, 60.481762], [-1.340826, 60.481762], [-1.339784, 60.481762], [-1.338743, 60.481762], [-1.337701, 60.481762], [-1.336659, 60.481762], [-1.335618, 60.480721], [-1.334576, 60.479679], [-1.333534, 60.480721], [-1.332493, 60.480721], [-1.331451, 60.479679], [-1.330409, 60.478638], [-1.329368, 60.478638], [-1.328326, 60.478638], [-1.327284, 60.478638], [-1.326243, 60.477596], [-1.325201, 60.477596], [-1.324159, 60.476554], [-1.323118, 60.475513]]}, "properties": {"node_id": "os:node/98DD427B-0171-4EF5-873B-EC5FB45EAE0F", "lat": 60.4802, "lon": -1.34968, "dist_m": 1672, "in_scope": false, "traced": true, "path_m": 2366, "straight_m": 1672, "detour": 1.42, "max_elev_crossed_m": 2.7, "min_depth_m": -2.6, "drying_px": 23, "drying_m": 2093, "drying_frac": 0.885}}, {"type": "Feature", "geometry": {"type": "LineString", "coordinates": [[-5.388159, 56.529245], [-5.389201, 56.529245], [-5.390242, 56.529245], [-5.391284, 56.529245], [-5.392326, 56.530286], [-5.393367, 56.531328], [-5.394409, 56.53237], [-5.395451, 56.533411], [-5.396492, 56.534453], [-5.397534, 56.535495], [-5.398576, 56.536536], [-5.399617, 56.537578], [-5.400659, 56.53862], [-5.401701, 56.53862], [-5.402742, 56.53862], [-5.403784, 56.53862], [-5.404826, 56.53862], [-5.405867, 56.539661], [-5.406909, 56.540703], [-5.407951, 56.540703], [-5.408992, 56.540703], [-5.410034, 56.540703], [-5.411076, 56.539661]]}, "properties": {"node_id": "os:node/451E8D02-5EC4-4345-9334-562DDD76EA72", "lat": 56.52941, "lon": -5.38835, "dist_m": 1661, "in_scope": false, "traced": true, "path_m": 2229, "straight_m": 1661, "detour": 1.34, "max_elev_crossed_m": 2.4, "min_depth_m": -14.5, "drying_px": 8, "drying_m": 775, "drying_frac": 0.348}}, {"type": "Feature", "geometry": {"type": "LineString", "coordinates": [[-5.892988, 57.177811], [-5.89403, 57.177811], [-5.895071, 57.176769], [-5.896113, 57.176769], [-5.897155, 57.175727], [-5.898196, 57.174686], [-5.898196, 57.173644], [-5.898196, 57.172602], [-5.899238, 57.171561], [-5.90028, 57.170519], [-5.901321, 57.169478], [-5.902363, 57.169478], [-5.903405, 57.169478], [-5.904446, 57.169478], [-5.905488, 57.169478], [-5.90653, 57.169478], [-5.907571, 57.169478], [-5.908613, 57.169478], [-5.909655, 57.169478], [-5.910696, 57.169478], [-5.911738, 57.169478], [-5.91278, 57.168436]]}, "properties": {"node_id": "os:node/6C7B0AA7-AB5F-4A14-998F-4C188BDD1A52", "lat": 57.17729, "lon": -5.89325, "dist_m": 1658, "in_scope": false, "traced": true, "path_m": 1909, "straight_m": 1658, "detour": 1.15, "max_elev_crossed_m": 2.6, "min_depth_m": -0.1, "drying_px": 19, "drying_m": 1649, "drying_frac": 0.864}}, {"type": "Feature", "geometry": {"type": "LineString", "coordinates": [[-6.820544, 58.199771], [-6.820544, 58.200812], [-6.820544, 58.201854], [-6.821586, 58.202896], [-6.822628, 58.202896], [-6.823669, 58.203937], [-6.824711, 58.202896], [-6.825753, 58.203937], [-6.826794, 58.203937], [-6.827836, 58.204979], [-6.828878, 58.204979], [-6.829919, 58.203937], [-6.830961, 58.203937], [-6.832003, 58.203937], [-6.833044, 58.203937], [-6.834086, 58.203937], [-6.835128, 58.203937], [-6.836169, 58.203937], [-6.837211, 58.203937], [-6.838253, 58.203937], [-6.839294, 58.203937], [-6.840336, 58.203937], [-6.841378, 58.203937], [-6.842419, 58.203937], [-6.843461, 58.203937], [-6.844503, 58.203937], [-6.845544, 58.203937], [-6.846586, 58.203937], [-6.847628, 58.204979]]}, "properties": {"node_id": "os:node/120A2DF2-4A32-48A3-B288-23D1661B562E", "lat": 58.20009, "lon": -6.82066, "dist_m": 1624, "in_scope": false, "traced": true, "path_m": 2310, "straight_m": 1624, "detour": 1.42, "max_elev_crossed_m": 12.9, "min_depth_m": -0.2, "drying_px": 28, "drying_m": 2231, "drying_frac": 0.966}}, {"type": "Feature", "geometry": {"type": "LineString", "coordinates": [[-5.526755, 56.075343], [-5.527797, 56.075343], [-5.528838, 56.076385], [-5.52988, 56.077426], [-5.530922, 56.077426], [-5.531963, 56.077426], [-5.533005, 56.076385], [-5.534047, 56.076385], [-5.535088, 56.077426], [-5.53613, 56.077426], [-5.537172, 56.078468], [-5.538213, 56.07951], [-5.539255, 56.080551], [-5.540297, 56.081593], [-5.541338, 56.082635], [-5.54238, 56.083676], [-5.543422, 56.083676], [-5.544463, 56.084718], [-5.545505, 56.08576], [-5.545505, 56.086801]]}, "properties": {"node_id": "os:node/56DF60F5-2BD0-4C30-906F-32F00ED85919", "lat": 56.07566, "lon": -5.52711, "dist_m": 1620, "in_scope": false, "traced": true, "path_m": 2098, "straight_m": 1620, "detour": 1.29, "max_elev_crossed_m": 2.9, "min_depth_m": -32.7, "drying_px": 9, "drying_m": 944, "drying_frac": 0.45}}, {"type": "Feature", "geometry": {"type": "LineString", "coordinates": [[-3.991189, 51.598499], [-3.990148, 51.599541], [-3.989106, 51.600582], [-3.988064, 51.600582], [-3.987023, 51.601624], [-3.985981, 51.602666], [-3.984939, 51.603708], [-3.983898, 51.603708], [-3.982856, 51.604749], [-3.981814, 51.604749], [-3.980773, 51.604749], [-3.979731, 51.605791], [-3.978689, 51.605791], [-3.977648, 51.606832], [-3.976606, 51.606832], [-3.975564, 51.605791], [-3.974523, 51.604749], [-3.973481, 51.603708], [-3.972439, 51.602666], [-3.971398, 51.601624], [-3.970356, 51.600582], [-3.969314, 51.599541], [-3.968273, 51.598499], [-3.967231, 51.597458], [-3.967231, 51.596416], [-3.967231, 51.595374]]}, "properties": {"node_id": "os:node/BB1D954C-FEE9-4325-BF2A-84BEBACDF9B1", "lat": 51.59902, "lon": -3.99171, "dist_m": 1614, "in_scope": true, "traced": true, "path_m": 2985, "straight_m": 1614, "detour": 1.85, "max_elev_crossed_m": 4.4, "min_depth_m": -0.7, "drying_px": 18, "drying_m": 2066, "drying_frac": 0.692}}, {"type": "Feature", "geometry": {"type": "LineString", "coordinates": [[-5.7562, 56.549801], [-5.757242, 56.548759], [-5.757242, 56.547718], [-5.758283, 56.546676], [-5.759325, 56.546676], [-5.760367, 56.546676], [-5.761408, 56.546676], [-5.76245, 56.546676], [-5.763492, 56.546676], [-5.764533, 56.545634], [-5.765575, 56.544592], [-5.766617, 56.543551], [-5.767658, 56.542509], [-5.7687, 56.541468], [-5.769742, 56.541468], [-5.770783, 56.541468], [-5.770783, 56.540426], [-5.771825, 56.539384], [-5.772867, 56.539384]]}, "properties": {"node_id": "os:node/B7985BB3-FCBD-4562-B68D-FA020FF5CC14", "lat": 56.54928, "lon": -5.75671, "dist_m": 1612, "in_scope": false, "traced": true, "path_m": 1803, "straight_m": 1612, "detour": 1.12, "max_elev_crossed_m": 6.6, "min_depth_m": -74.2, "drying_px": 6, "drying_m": 569, "drying_frac": 0.316}}, {"type": "Feature", "geometry": {"type": "LineString", "coordinates": [[-6.944649, 58.197194], [-6.943608, 58.197194], [-6.942566, 58.197194], [-6.941524, 58.197194], [-6.940483, 58.197194], [-6.939441, 58.197194], [-6.938399, 58.197194], [-6.937358, 58.197194], [-6.936316, 58.197194], [-6.935274, 58.197194], [-6.934233, 58.197194], [-6.933191, 58.197194], [-6.932149, 58.198236], [-6.931108, 58.199278], [-6.930066, 58.200319], [-6.929024, 58.200319], [-6.927983, 58.200319], [-6.926941, 58.200319], [-6.925899, 58.200319], [-6.924858, 58.200319], [-6.923816, 58.200319], [-6.922774, 58.200319], [-6.921733, 58.200319], [-6.920691, 58.200319], [-6.919649, 58.200319]]}, "properties": {"node_id": "os:node/49A755A4-D3D9-4A85-8CC7-17F0770B956D", "lat": 58.1973, "lon": -6.94517, "dist_m": 1611, "in_scope": false, "traced": true, "path_m": 1677, "straight_m": 1611, "detour": 1.04, "max_elev_crossed_m": 0.0, "min_depth_m": -0.0, "drying_px": 23, "drying_m": 1542, "drying_frac": 0.92}}, {"type": "Feature", "geometry": {"type": "LineString", "coordinates": [[-3.994601, 51.596891], [-3.993559, 51.595849], [-3.992517, 51.596891], [-3.991476, 51.597932], [-3.990434, 51.598974], [-3.989392, 51.600016], [-3.988351, 51.600016], [-3.987309, 51.601057], [-3.986268, 51.602099], [-3.985226, 51.603141], [-3.984184, 51.603141], [-3.983142, 51.604182], [-3.982101, 51.604182], [-3.981059, 51.604182], [-3.980017, 51.605224], [-3.978976, 51.605224], [-3.977934, 51.606266], [-3.976892, 51.606266], [-3.975851, 51.605224], [-3.974809, 51.604182], [-3.973767, 51.603141], [-3.972726, 51.602099], [-3.971684, 51.601057], [-3.970642, 51.600016], [-3.969601, 51.598974], [-3.968559, 51.597932], [-3.967517, 51.596891], [-3.967517, 51.595849], [-3.967517, 51.594807]]}, "properties": {"node_id": "os:node/85FA3A59-B04B-4DAB-967A-F542EA2F25E1", "lat": 51.59637, "lon": -3.99408, "dist_m": 1610, "in_scope": true, "traced": true, "path_m": 3394, "straight_m": 1610, "detour": 2.11, "max_elev_crossed_m": 7.1, "min_depth_m": -0.7, "drying_px": 20, "drying_m": 2341, "drying_frac": 0.69}}, {"type": "Feature", "geometry": {"type": "LineString", "coordinates": [[-6.905048, 57.947299], [-6.90609, 57.946258], [-6.907132, 57.945216], [-6.908173, 57.945216], [-6.909215, 57.944174], [-6.910257, 57.943133], [-6.911298, 57.943133], [-6.91234, 57.942091], [-6.913382, 57.942091], [-6.914423, 57.941049], [-6.915465, 57.940008], [-6.915465, 57.938966], [-6.916507, 57.937924], [-6.917548, 57.936882], [-6.91859, 57.936882], [-6.919632, 57.936883]]}, "properties": {"node_id": "os:node/CD894A34-F96C-4B60-A2A9-662525A176E5", "lat": 57.94782, "lon": -6.90464, "dist_m": 1601, "in_scope": false, "traced": true, "path_m": 1605, "straight_m": 1601, "detour": 1.0, "max_elev_crossed_m": 2.5, "min_depth_m": -1.6, "drying_px": 10, "drying_m": 1003, "drying_frac": 0.625}}, {"type": "Feature", "geometry": {"type": "LineString", "coordinates": [[-7.342816, 57.419091], [-7.342816, 57.41805], [-7.343858, 57.417008], [-7.344899, 57.417008], [-7.345941, 57.417008], [-7.346983, 57.417008], [-7.348024, 57.415966], [-7.349066, 57.415966], [-7.350108, 57.415966], [-7.351149, 57.417008], [-7.352191, 57.417008], [-7.353233, 57.41805], [-7.354274, 57.419091], [-7.355316, 57.419091], [-7.356358, 57.419091], [-7.357399, 57.419091], [-7.358441, 57.419091], [-7.359483, 57.419091], [-7.360524, 57.419091], [-7.361566, 57.420133], [-7.362608, 57.420133], [-7.363649, 57.419091], [-7.364691, 57.41805], [-7.365733, 57.41805], [-7.366774, 57.41805], [-7.367816, 57.41805], [-7.368858, 57.419091]]}, "properties": {"node_id": "os:node/8D2B7186-14BA-41F4-BF24-7C5F110D70A4", "lat": 57.41952, "lon": -7.34275, "dist_m": 1594, "in_scope": false, "traced": true, "path_m": 2300, "straight_m": 1594, "detour": 1.44, "max_elev_crossed_m": 4.5, "min_depth_m": -0.7, "drying_px": 21, "drying_m": 1789, "drying_frac": 0.778}}, {"type": "Feature", "geometry": {"type": "LineString", "coordinates": [[-0.440389, 53.707949], [-0.440389, 53.708991], [-0.439348, 53.710032], [-0.438306, 53.710032], [-0.437264, 53.711074], [-0.436223, 53.712116], [-0.435181, 53.712116], [-0.434139, 53.712116], [-0.433098, 53.713157], [-0.433098, 53.714199], [-0.434139, 53.715241], [-0.433098, 53.716282], [-0.432056, 53.716282], [-0.431014, 53.716282], [-0.429973, 53.716282], [-0.428931, 53.716282], [-0.427889, 53.717324], [-0.426848, 53.717324], [-0.425806, 53.717324], [-0.424764, 53.717324], [-0.423723, 53.716282], [-0.422681, 53.715241], [-0.421639, 53.714199], [-0.420598, 53.713157], [-0.419556, 53.712116], [-0.418514, 53.711074], [-0.417473, 53.710032], [-0.416431, 53.708991]]}, "properties": {"node_id": "os:node/B10AF79E-61FE-4813-A569-154670779022", "lat": 53.70847, "lon": -0.44091, "dist_m": 1570, "in_scope": true, "traced": true, "path_m": 2939, "straight_m": 1570, "detour": 1.87, "max_elev_crossed_m": 3.4, "min_depth_m": -1.0, "drying_px": 22, "drying_m": 2310, "drying_frac": 0.786}}, {"type": "Feature", "geometry": {"type": "LineString", "coordinates": [[-6.943849, 58.193179], [-6.942808, 58.194221], [-6.941766, 58.194221], [-6.940724, 58.194221], [-6.939683, 58.194221], [-6.938641, 58.194221], [-6.937599, 58.194221], [-6.936558, 58.194221], [-6.935516, 58.194221], [-6.934474, 58.195262], [-6.933433, 58.196304], [-6.932391, 58.197346], [-6.931349, 58.198387], [-6.930308, 58.199429], [-6.929266, 58.200471], [-6.928224, 58.200471], [-6.927183, 58.200471], [-6.926141, 58.200471], [-6.925099, 58.200471], [-6.924058, 58.200471], [-6.923016, 58.200471], [-6.921974, 58.200471], [-6.920933, 58.200471], [-6.919891, 58.200471]]}, "properties": {"node_id": "os:node/9D43105E-8910-4F32-BBE9-884CF2999CAE", "lat": 58.1937, "lon": -6.94437, "dist_m": 1555, "in_scope": false, "traced": true, "path_m": 1895, "straight_m": 1555, "detour": 1.22, "max_elev_crossed_m": 6.9, "min_depth_m": -0.0, "drying_px": 23, "drying_m": 1816, "drying_frac": 0.958}}, {"type": "Feature", "geometry": {"type": "LineString", "coordinates": [[0.959981, 51.675489], [0.961022, 51.675489], [0.962064, 51.675489], [0.963106, 51.675489], [0.964147, 51.675489], [0.965189, 51.675489], [0.966231, 51.675489], [0.967272, 51.675489], [0.968314, 51.675489], [0.969356, 51.675489], [0.970397, 51.674447], [0.971439, 51.674447], [0.972481, 51.674447], [0.973522, 51.674447], [0.974564, 51.674447], [0.975606, 51.674447], [0.976647, 51.674447], [0.977689, 51.674447], [0.978731, 51.674447], [0.979772, 51.673406]]}, "properties": {"node_id": "os:node/AADE6AD9-3080-47C7-AFA6-D8DDF5B20025", "lat": 51.67601, "lon": 0.95946, "dist_m": 1537, "in_scope": true, "traced": true, "path_m": 1495, "straight_m": 1537, "detour": 0.97, "max_elev_crossed_m": 0.9, "min_depth_m": -0.1, "drying_px": 19, "drying_m": 1421, "drying_frac": 0.95}}, {"type": "Feature", "geometry": {"type": "LineString", "coordinates": [[-5.765575, 56.552091], [-5.764533, 56.551049], [-5.764533, 56.550007], [-5.764533, 56.548966], [-5.764533, 56.547924], [-5.764533, 56.546882], [-5.765575, 56.545841], [-5.766617, 56.544799], [-5.767658, 56.543758], [-5.7687, 56.542716], [-5.769742, 56.541674], [-5.770783, 56.541674], [-5.770783, 56.540632], [-5.771825, 56.539591], [-5.772867, 56.539591]]}, "properties": {"node_id": "os:node/1551AD63-E59A-4DB7-8C4F-16B3F103D304", "lat": 56.55157, "lon": -5.766, "dist_m": 1535, "in_scope": false, "traced": true, "path_m": 1634, "straight_m": 1535, "detour": 1.06, "max_elev_crossed_m": 4.4, "min_depth_m": -44.7, "drying_px": 5, "drying_m": 545, "drying_frac": 0.333}}, {"type": "Feature", "geometry": {"type": "LineString", "coordinates": [[-7.353684, 57.401538], [-7.353684, 57.40258], [-7.354725, 57.403622], [-7.355767, 57.404663], [-7.355767, 57.405705], [-7.356809, 57.406747], [-7.35785, 57.407788], [-7.358892, 57.40883], [-7.359934, 57.409872], [-7.360975, 57.410913], [-7.362017, 57.411955], [-7.363059, 57.411955], [-7.3641, 57.411955], [-7.365142, 57.412997], [-7.366184, 57.414038], [-7.367225, 57.41508], [-7.368267, 57.416122], [-7.369309, 57.417163], [-7.37035, 57.416122]]}, "properties": {"node_id": "os:node/5FE76344-FF05-4824-924A-6C846BFF208E", "lat": 57.40131, "lon": -7.35332, "dist_m": 1527, "in_scope": false, "traced": true, "path_m": 2201, "straight_m": 1527, "detour": 1.44, "max_elev_crossed_m": 4.5, "min_depth_m": -1.1, "drying_px": 12, "drying_m": 1390, "drying_frac": 0.632}}, {"type": "Feature", "geometry": {"type": "LineString", "coordinates": [[-1.337627, 60.600858], [-1.336585, 60.6019], [-1.336585, 60.602941], [-1.336585, 60.603983], [-1.336585, 60.605025], [-1.337627, 60.606066], [-1.337627, 60.607108], [-1.338669, 60.60815], [-1.33971, 60.609191], [-1.340752, 60.610233], [-1.341794, 60.611275], [-1.342835, 60.611275], [-1.343877, 60.611275], [-1.344919, 60.611275], [-1.34596, 60.612316], [-1.347002, 60.612316]]}, "properties": {"node_id": "os:node/B101756A-079A-4D16-B8E6-899901A2DBB4", "lat": 60.60039, "lon": -1.3379, "dist_m": 1513, "in_scope": false, "traced": true, "path_m": 1596, "straight_m": 1513, "detour": 1.05, "max_elev_crossed_m": 2.6, "min_depth_m": -0.2, "drying_px": 9, "drying_m": 898, "drying_frac": 0.562}}, {"type": "Feature", "geometry": {"type": "LineString", "coordinates": [[-5.387592, 56.534001], [-5.387592, 56.532959], [-5.388634, 56.531917], [-5.389676, 56.531917], [-5.390717, 56.532959], [-5.391759, 56.532959], [-5.392801, 56.531917], [-5.393842, 56.532959], [-5.394884, 56.534001], [-5.395926, 56.535042], [-5.396967, 56.536084], [-5.398009, 56.537126], [-5.399051, 56.537126], [-5.400092, 56.538167], [-5.401134, 56.538167], [-5.402176, 56.538167], [-5.403217, 56.538167], [-5.404259, 56.538167], [-5.405301, 56.539209], [-5.406342, 56.540251], [-5.407384, 56.540251], [-5.408426, 56.540251], [-5.409467, 56.540251], [-5.410509, 56.539209]]}, "properties": {"node_id": "os:node/4D9A0C12-9D00-40AE-A988-796F225CEC07", "lat": 56.53377, "lon": -5.38811, "dist_m": 1508, "in_scope": false, "traced": true, "path_m": 2344, "straight_m": 1508, "detour": 1.55, "max_elev_crossed_m": 2.4, "min_depth_m": -13.2, "drying_px": 12, "drying_m": 1172, "drying_frac": 0.5}}, {"type": "Feature", "geometry": {"type": "LineString", "coordinates": [[-7.175759, 57.597555], [-7.174718, 57.596514], [-7.173676, 57.595472], [-7.172634, 57.595472], [-7.171593, 57.595472], [-7.170551, 57.59443], [-7.169509, 57.593389], [-7.168468, 57.593389], [-7.167426, 57.593389], [-7.166384, 57.593389], [-7.165343, 57.59443], [-7.164301, 57.595472], [-7.163259, 57.595472], [-7.162218, 57.595472], [-7.161176, 57.595472], [-7.160134, 57.595472], [-7.159093, 57.595472], [-7.158051, 57.595472], [-7.157009, 57.595472], [-7.155968, 57.595472], [-7.154926, 57.596514], [-7.153884, 57.596514], [-7.152843, 57.597555], [-7.151801, 57.598597]]}, "properties": {"node_id": "os:node/DCD4DFDA-3B60-4B6D-85FC-3D301DE63A3E", "lat": 57.59796, "lon": -7.17628, "dist_m": 1503, "in_scope": false, "traced": true, "path_m": 2054, "straight_m": 1503, "detour": 1.37, "max_elev_crossed_m": 2.8, "min_depth_m": -1.9, "drying_px": 20, "drying_m": 1712, "drying_frac": 0.833}}, {"type": "Feature", "geometry": {"type": "LineString", "coordinates": [[-6.570339, 58.003939], [-6.569298, 58.002897], [-6.568256, 58.002897], [-6.567214, 58.002897], [-6.566173, 58.002897], [-6.565131, 58.002897], [-6.564089, 58.002897], [-6.563048, 58.002897], [-6.562006, 58.002897], [-6.560964, 58.002897], [-6.559923, 58.002897], [-6.558881, 58.003939], [-6.557839, 58.003939], [-6.556798, 58.003939], [-6.555756, 58.003939], [-6.554714, 58.003939], [-6.553673, 58.004981], [-6.552631, 58.004981], [-6.551589, 58.004981], [-6.550548, 58.004981], [-6.549506, 58.004981], [-6.548464, 58.004981], [-6.547423, 58.004981], [-6.546381, 58.003939]]}, "properties": {"node_id": "os:node/5FA4E2A8-939E-4D94-ACD8-112B5B6074FA", "lat": 58.00446, "lon": -6.57086, "dist_m": 1498, "in_scope": false, "traced": true, "path_m": 1692, "straight_m": 1498, "detour": 1.13, "max_elev_crossed_m": 0.0, "min_depth_m": -0.2, "drying_px": 23, "drying_m": 1622, "drying_frac": 0.958}}, {"type": "Feature", "geometry": {"type": "LineString", "coordinates": [[-1.536339, 60.292779], [-1.535298, 60.29382], [-1.535298, 60.294862], [-1.535298, 60.295904], [-1.536339, 60.296945], [-1.537381, 60.296945], [-1.538423, 60.296945], [-1.539464, 60.296945], [-1.540506, 60.297987], [-1.541548, 60.297987], [-1.542589, 60.297987], [-1.543631, 60.297987], [-1.544673, 60.297987], [-1.545714, 60.297987], [-1.546756, 60.297987], [-1.547798, 60.297987], [-1.548839, 60.299029], [-1.549881, 60.30007], [-1.550923, 60.301112], [-1.551964, 60.301112], [-1.553006, 60.301112], [-1.554048, 60.302154], [-1.554048, 60.303195]]}, "properties": {"node_id": "os:node/A62BBAB6-2140-462D-A678-5334336DE9D0", "lat": 60.29238, "lon": -1.53621, "dist_m": 1483, "in_scope": false, "traced": true, "path_m": 1943, "straight_m": 1483, "detour": 1.31, "max_elev_crossed_m": 4.6, "min_depth_m": -0.4, "drying_px": 16, "drying_m": 1352, "drying_frac": 0.696}}, {"type": "Feature", "geometry": {"type": "LineString", "coordinates": [[-1.362749, 60.527511], [-1.361708, 60.526469], [-1.360666, 60.526469], [-1.359624, 60.527511], [-1.358583, 60.528552], [-1.357541, 60.529594], [-1.357541, 60.530636], [-1.356499, 60.531677], [-1.355458, 60.532719], [-1.354416, 60.533761], [-1.353374, 60.532719], [-1.352333, 60.532719], [-1.351291, 60.533761], [-1.350249, 60.533761], [-1.349208, 60.533761], [-1.348166, 60.533761], [-1.347124, 60.534802], [-1.346083, 60.534802], [-1.345041, 60.534802], [-1.343999, 60.534802], [-1.342958, 60.535844], [-1.341916, 60.535844], [-1.340874, 60.535844], [-1.339833, 60.535844], [-1.338791, 60.534802], [-1.337749, 60.533761], [-1.336708, 60.534802]]}, "properties": {"node_id": "os:node/52A2A4BF-424F-43F6-8F3D-A24547C771F9", "lat": 60.52699, "lon": -1.36327, "dist_m": 1478, "in_scope": false, "traced": true, "path_m": 2553, "straight_m": 1478, "detour": 1.73, "max_elev_crossed_m": 2.7, "min_depth_m": -1.3, "drying_px": 17, "drying_m": 1607, "drying_frac": 0.63}}, {"type": "Feature", "geometry": {"type": "LineString", "coordinates": [[-7.138279, 57.627929], [-7.139321, 57.627929], [-7.140363, 57.627929], [-7.141404, 57.627929], [-7.142446, 57.626887], [-7.141404, 57.625846], [-7.141404, 57.624804], [-7.141404, 57.623762], [-7.140363, 57.622721], [-7.139321, 57.621679], [-7.138279, 57.620638], [-7.137238, 57.620638], [-7.136196, 57.620638], [-7.135154, 57.619596], [-7.134113, 57.618554], [-7.134113, 57.617512], [-7.133071, 57.616471], [-7.132029, 57.616471]]}, "properties": {"node_id": "os:node/9342D150-3C05-40FB-9E74-975A69D2A812", "lat": 57.62845, "lon": -7.1388, "dist_m": 1475, "in_scope": false, "traced": true, "path_m": 1773, "straight_m": 1475, "detour": 1.2, "max_elev_crossed_m": 3.4, "min_depth_m": -3.1, "drying_px": 15, "drying_m": 1477, "drying_frac": 0.833}}, {"type": "Feature", "geometry": {"type": "LineString", "coordinates": [[-1.535465, 60.294169], [-1.535465, 60.295211], [-1.535465, 60.296252], [-1.536506, 60.297294], [-1.537548, 60.297294], [-1.53859, 60.297294], [-1.539631, 60.297294], [-1.540673, 60.298336], [-1.541715, 60.298336], [-1.542756, 60.298336], [-1.543798, 60.298336], [-1.54484, 60.298336], [-1.545881, 60.298336], [-1.546923, 60.298336], [-1.547965, 60.298336], [-1.549006, 60.299377], [-1.550048, 60.300419], [-1.55109, 60.301461], [-1.552131, 60.301461], [-1.553173, 60.301461], [-1.554215, 60.302502], [-1.554215, 60.303544]]}, "properties": {"node_id": "os:node/379A381E-BA54-4017-9AC0-E7F297FF30B7", "lat": 60.29389, "lon": -1.53515, "dist_m": 1474, "in_scope": false, "traced": true, "path_m": 1814, "straight_m": 1474, "detour": 1.23, "max_elev_crossed_m": 2.3, "min_depth_m": -0.4, "drying_px": 15, "drying_m": 1237, "drying_frac": 0.682}}, {"type": "Feature", "geometry": {"type": "LineString", "coordinates": [[-1.333019, 60.599219], [-1.334061, 60.600261], [-1.335103, 60.601302], [-1.335103, 60.602344], [-1.336144, 60.603386], [-1.336144, 60.604427], [-1.337186, 60.605469], [-1.337186, 60.606511], [-1.338228, 60.607552], [-1.339269, 60.608594], [-1.340311, 60.609636], [-1.341353, 60.610677], [-1.342394, 60.610677], [-1.343436, 60.610677], [-1.344478, 60.611719], [-1.345519, 60.611719], [-1.346561, 60.611719], [-1.347603, 60.611719]]}, "properties": {"node_id": "os:node/597DC323-1A22-4CB5-A3BD-450F032E7A1B", "lat": 60.59974, "lon": -1.33354, "dist_m": 1464, "in_scope": false, "traced": true, "path_m": 1795, "straight_m": 1464, "detour": 1.23, "max_elev_crossed_m": 4.3, "min_depth_m": -0.2, "drying_px": 11, "drying_m": 1097, "drying_frac": 0.611}}, {"type": "Feature", "geometry": {"type": "LineString", "coordinates": [[-3.435789, 54.789819], [-3.435789, 54.788777], [-3.435789, 54.787736], [-3.436831, 54.786694], [-3.437873, 54.785652], [-3.438914, 54.784611], [-3.439956, 54.783569], [-3.440998, 54.782528], [-3.442039, 54.781486], [-3.443081, 54.780444], [-3.444123, 54.779402], [-3.445164, 54.778361]]}, "properties": {"node_id": "os:node/538B4C09-FD31-4C6C-A898-B7D8DAE9D166", "lat": 54.79034, "lon": -3.43594, "dist_m": 1451, "in_scope": true, "traced": true, "path_m": 1437, "straight_m": 1451, "detour": 0.99, "max_elev_crossed_m": 6.6, "min_depth_m": -0.1, "drying_px": 10, "drying_m": 1197, "drying_frac": 0.833}}, {"type": "Feature", "geometry": {"type": "LineString", "coordinates": [[-5.993978, 56.383649], [-5.995019, 56.383649], [-5.996061, 56.383649], [-5.997103, 56.383649], [-5.998144, 56.384691], [-5.999186, 56.384691], [-6.000228, 56.385732], [-6.001269, 56.385732], [-6.002311, 56.386774], [-6.003353, 56.387816], [-6.004394, 56.387816], [-6.005436, 56.388857], [-6.006478, 56.388857], [-6.007519, 56.388857], [-6.008561, 56.388857], [-6.009603, 56.388857], [-6.010644, 56.388857], [-6.011686, 56.388857], [-6.012728, 56.388857], [-6.013769, 56.388857], [-6.014811, 56.388857], [-6.015853, 56.388857], [-6.016894, 56.387816]]}, "properties": {"node_id": "os:node/B114C8EE-17D9-4DC6-9E36-25E5B3A28D6C", "lat": 56.38417, "lon": -5.99405, "dist_m": 1444, "in_scope": false, "traced": true, "path_m": 1822, "straight_m": 1444, "detour": 1.26, "max_elev_crossed_m": 0.5, "min_depth_m": -33.6, "drying_px": 16, "drying_m": 1268, "drying_frac": 0.696}}, {"type": "Feature", "geometry": {"type": "LineString", "coordinates": [[-7.334163, 57.658394], [-7.333122, 57.659436], [-7.334163, 57.660478], [-7.335205, 57.661519], [-7.336247, 57.662561], [-7.336247, 57.663603], [-7.336247, 57.664644], [-7.337288, 57.665686], [-7.33833, 57.666728], [-7.339372, 57.667769], [-7.340413, 57.668811], [-7.340413, 57.669853], [-7.341455, 57.670894], [-7.342497, 57.670894], [-7.343538, 57.671936], [-7.34458, 57.672978]]}, "properties": {"node_id": "os:node/E5FAA6D5-3343-4228-B887-FDFA0CC33186", "lat": 57.65868, "lon": -7.33451, "dist_m": 1439, "in_scope": false, "traced": true, "path_m": 1857, "straight_m": 1439, "detour": 1.29, "max_elev_crossed_m": 4.9, "min_depth_m": -0.0, "drying_px": 13, "drying_m": 1508, "drying_frac": 0.812}}, {"type": "Feature", "geometry": {"type": "LineString", "coordinates": [[-5.154919, 56.842401], [-5.154919, 56.841359], [-5.153878, 56.840318], [-5.152836, 56.840318], [-5.151794, 56.839276], [-5.150752, 56.839276], [-5.149711, 56.838234], [-5.148669, 56.838234], [-5.147628, 56.838234], [-5.146586, 56.838234], [-5.145544, 56.838234], [-5.144502, 56.838234], [-5.143461, 56.838234], [-5.142419, 56.839276], [-5.141378, 56.839276], [-5.140336, 56.839276], [-5.139294, 56.839276], [-5.138252, 56.839276], [-5.137211, 56.839276], [-5.136169, 56.839276], [-5.135128, 56.838234]]}, "properties": {"node_id": "os:node/B82D3E51-5D22-4D51-AF7E-DEFF0E5FBDD3", "lat": 56.84188, "lon": -5.15544, "dist_m": 1436, "in_scope": false, "traced": true, "path_m": 1665, "straight_m": 1436, "detour": 1.16, "max_elev_crossed_m": 7.2, "min_depth_m": -12.3, "drying_px": 11, "drying_m": 872, "drying_frac": 0.524}}, {"type": "Feature", "geometry": {"type": "LineString", "coordinates": [[-1.495909, 60.483029], [-1.495909, 60.481987], [-1.496951, 60.480946], [-1.496951, 60.479904], [-1.497993, 60.478862], [-1.499034, 60.478862], [-1.500076, 60.477821], [-1.501118, 60.477821], [-1.502159, 60.476779], [-1.503201, 60.475738], [-1.504243, 60.474696], [-1.505284, 60.474696], [-1.506326, 60.473654], [-1.507368, 60.472612], [-1.508409, 60.471571], [-1.509451, 60.471571], [-1.510493, 60.471571], [-1.511534, 60.471571], [-1.512576, 60.471571], [-1.513618, 60.471571], [-1.514659, 60.471571]]}, "properties": {"node_id": "os:node/94966A6C-5209-4DB8-A4CF-6DE2D61BA660", "lat": 60.48355, "lon": -1.49643, "dist_m": 1425, "in_scope": false, "traced": true, "path_m": 1909, "straight_m": 1425, "detour": 1.34, "max_elev_crossed_m": 2.3, "min_depth_m": -0.6, "drying_px": 14, "drying_m": 1273, "drying_frac": 0.667}}, {"type": "Feature", "geometry": {"type": "LineString", "coordinates": [[-3.800613, 57.610376], [-3.799571, 57.611417], [-3.79853, 57.612459], [-3.797488, 57.613501], [-3.796446, 57.614542], [-3.795405, 57.615584], [-3.796446, 57.616626], [-3.796446, 57.617667], [-3.796446, 57.618709], [-3.797488, 57.619751], [-3.797488, 57.620792], [-3.797488, 57.621834], [-3.797488, 57.622876], [-3.796446, 57.623917], [-3.797488, 57.624959], [-3.797488, 57.626001]]}, "properties": {"node_id": "os:node/0AEAB17A-D599-4B59-A56D-16C9ABBB9D31", "lat": 57.60995, "lon": -3.80049, "dist_m": 1416, "in_scope": false, "traced": true, "path_m": 1880, "straight_m": 1416, "detour": 1.33, "max_elev_crossed_m": 4.4, "min_depth_m": -0.6, "drying_px": 14, "drying_m": 1645, "drying_frac": 0.875}}, {"type": "Feature", "geometry": {"type": "LineString", "coordinates": [[-4.747982, 56.202609], [-4.749024, 56.201568], [-4.750066, 56.200526], [-4.751107, 56.199484], [-4.752149, 56.198443], [-4.753191, 56.197401], [-4.754232, 56.196359], [-4.755274, 56.195318], [-4.756316, 56.194276], [-4.757357, 56.193234], [-4.758399, 56.193234], [-4.759441, 56.193234], [-4.760482, 56.193234]]}, "properties": {"node_id": "os:node/705E04DA-5D8E-46E4-A3E8-560F057D6D57", "lat": 56.20313, "lon": -4.74841, "dist_m": 1410, "in_scope": false, "traced": true, "path_m": 1388, "straight_m": 1410, "detour": 0.98, "max_elev_crossed_m": 0.7, "min_depth_m": -23.4, "drying_px": 3, "drying_m": 320, "drying_frac": 0.231}}, {"type": "Feature", "geometry": {"type": "LineString", "coordinates": [[-5.519319, 56.615689], [-5.518278, 56.615689], [-5.517236, 56.615689], [-5.516194, 56.615689], [-5.515153, 56.614648], [-5.514111, 56.614648], [-5.513069, 56.614648], [-5.512028, 56.614648], [-5.510986, 56.614648], [-5.509944, 56.615689], [-5.508903, 56.615689], [-5.507861, 56.615689], [-5.506819, 56.615689], [-5.505778, 56.615689], [-5.504736, 56.615689], [-5.503694, 56.615689], [-5.502653, 56.614648], [-5.501611, 56.613606], [-5.500569, 56.612564], [-5.499528, 56.612564]]}, "properties": {"node_id": "os:node/9C452713-D0E4-4E0A-BE1E-9BA905ADB3D6", "lat": 56.61621, "lon": -5.51984, "dist_m": 1406, "in_scope": false, "traced": true, "path_m": 1555, "straight_m": 1406, "detour": 1.11, "max_elev_crossed_m": 4.8, "min_depth_m": -80.8, "drying_px": 11, "drying_m": 855, "drying_frac": 0.55}}, {"type": "Feature", "geometry": {"type": "LineString", "coordinates": [[-0.432659, 53.715569], [-0.431618, 53.715569], [-0.430576, 53.715569], [-0.429534, 53.715569], [-0.428493, 53.715569], [-0.427451, 53.716611], [-0.426409, 53.716611], [-0.425368, 53.716611], [-0.424326, 53.716611], [-0.423284, 53.715569], [-0.422243, 53.714527], [-0.421201, 53.713486], [-0.420159, 53.712444], [-0.419118, 53.711402], [-0.418076, 53.710361], [-0.417034, 53.709319], [-0.415993, 53.708278]]}, "properties": {"node_id": "os:node/6D0014D8-9432-4563-9BDF-C5EAF74C8AD3", "lat": 53.71609, "lon": -0.43318, "dist_m": 1400, "in_scope": true, "traced": true, "path_m": 1693, "straight_m": 1400, "detour": 1.21, "max_elev_crossed_m": 3.4, "min_depth_m": -0.6, "drying_px": 12, "drying_m": 1195, "drying_frac": 0.706}}, {"type": "Feature", "geometry": {"type": "LineString", "coordinates": [[-1.432737, 60.471801], [-1.433779, 60.471801], [-1.434821, 60.471801], [-1.435862, 60.471801], [-1.436904, 60.471801], [-1.437946, 60.471801], [-1.438987, 60.471801], [-1.440029, 60.471801], [-1.441071, 60.470759], [-1.442112, 60.469717], [-1.443154, 60.468676], [-1.444196, 60.468676], [-1.445237, 60.467634], [-1.446279, 60.466592], [-1.447321, 60.465551], [-1.448362, 60.465551], [-1.449404, 60.465551], [-1.450446, 60.465551], [-1.451487, 60.465551], [-1.452529, 60.465551]]}, "properties": {"node_id": "os:node/955CDD31-0A05-4E77-BBBC-7864FF2E8E8E", "lat": 60.47128, "lon": -1.43224, "dist_m": 1390, "in_scope": false, "traced": true, "path_m": 1519, "straight_m": 1390, "detour": 1.09, "max_elev_crossed_m": 0.3, "min_depth_m": -0.7, "drying_px": 17, "drying_m": 1291, "drying_frac": 0.85}}, {"type": "Feature", "geometry": {"type": "LineString", "coordinates": [[-6.840538, 57.929881], [-6.841579, 57.928839], [-6.842621, 57.927798], [-6.843663, 57.927798], [-6.844704, 57.927798], [-6.845746, 57.927798], [-6.846788, 57.927798], [-6.847829, 57.927798], [-6.848871, 57.927798], [-6.849913, 57.927798], [-6.850954, 57.927798], [-6.851996, 57.927798], [-6.853038, 57.927798], [-6.854079, 57.927798], [-6.855121, 57.927798], [-6.856163, 57.927798], [-6.857204, 57.927798], [-6.858246, 57.927798], [-6.859288, 57.927798], [-6.860329, 57.927798], [-6.861371, 57.927798], [-6.862413, 57.927798], [-6.863454, 57.927797]]}, "properties": {"node_id": "os:node/98791442-F526-4099-8177-7BE9D733378D", "lat": 57.92936, "lon": -6.84016, "dist_m": 1367, "in_scope": false, "traced": true, "path_m": 1494, "straight_m": 1367, "detour": 1.09, "max_elev_crossed_m": 7.3, "min_depth_m": -0.1, "drying_px": 21, "drying_m": 1364, "drying_frac": 0.913}}, {"type": "Feature", "geometry": {"type": "LineString", "coordinates": [[-5.519259, 56.614509], [-5.518218, 56.613467], [-5.517176, 56.613467], [-5.516134, 56.613467], [-5.515093, 56.613467], [-5.514051, 56.613467], [-5.513009, 56.613467], [-5.511968, 56.613467], [-5.510926, 56.614509], [-5.509884, 56.615551], [-5.508842, 56.615551], [-5.507801, 56.615551], [-5.506759, 56.615551], [-5.505718, 56.615551], [-5.504676, 56.615551], [-5.503634, 56.615551], [-5.502592, 56.614509], [-5.501551, 56.613467], [-5.501551, 56.612426], [-5.500509, 56.611384]]}, "properties": {"node_id": "os:node/38D7AC4E-7F94-41D4-932B-9D62178E9475", "lat": 56.61503, "lon": -5.51978, "dist_m": 1363, "in_scope": false, "traced": true, "path_m": 1676, "straight_m": 1363, "detour": 1.23, "max_elev_crossed_m": 4.8, "min_depth_m": -93.3, "drying_px": 12, "drying_m": 1005, "drying_frac": 0.6}}, {"type": "Feature", "geometry": {"type": "LineString", "coordinates": [[-1.611628, 60.219399], [-1.610586, 60.218357], [-1.609544, 60.218357], [-1.608503, 60.218357], [-1.607461, 60.218357], [-1.606419, 60.218357], [-1.605378, 60.218357], [-1.604336, 60.218357], [-1.603294, 60.217316], [-1.602253, 60.217316], [-1.601211, 60.217316], [-1.600169, 60.217316], [-1.599128, 60.216274], [-1.599128, 60.215232], [-1.598086, 60.214191], [-1.597044, 60.213149], [-1.596003, 60.213149], [-1.596003, 60.212108], [-1.594961, 60.211066], [-1.596003, 60.210024], [-1.596003, 60.208982], [-1.597044, 60.207941], [-1.598086, 60.206899], [-1.599128, 60.206899], [-1.600169, 60.206899], [-1.601211, 60.205858], [-1.602253, 60.204816], [-1.603294, 60.203774], [-1.604336, 60.203774], [-1.605378, 60.203774], [-1.606419, 60.202732], [-1.607461, 60.202732]]}, "properties": {"node_id": "os:node/6560123A-ED7E-494D-9D4B-4B41FFBE1EF9", "lat": 60.21992, "lon": -1.61174, "dist_m": 1351, "in_scope": false, "traced": true, "path_m": 2895, "straight_m": 1351, "detour": 2.14, "max_elev_crossed_m": 1.9, "min_depth_m": -0.3, "drying_px": 26, "drying_m": 2352, "drying_frac": 0.812}}, {"type": "Feature", "geometry": {"type": "LineString", "coordinates": [[-3.137259, 54.065649], [-3.136218, 54.064607], [-3.135176, 54.063566], [-3.134134, 54.062524], [-3.134134, 54.061482], [-3.133093, 54.060441], [-3.132051, 54.059399], [-3.131009, 54.058358], [-3.129968, 54.057316], [-3.128926, 54.056274], [-3.127884, 54.055232]]}, "properties": {"node_id": "os:node/7311899A-0A4A-48C2-B0A8-B221F6442F85", "lat": 54.06617, "lon": -3.13778, "dist_m": 1347, "in_scope": true, "traced": true, "path_m": 1326, "straight_m": 1347, "detour": 0.98, "max_elev_crossed_m": 1.1, "min_depth_m": -0.1, "drying_px": 10, "drying_m": 1205, "drying_frac": 0.909}}, {"type": "Feature", "geometry": {"type": "LineString", "coordinates": [[-3.800619, 54.858161], [-3.799578, 54.857119], [-3.799578, 54.856078], [-3.798536, 54.855036], [-3.798536, 54.853994], [-3.797494, 54.852952], [-3.796453, 54.851911], [-3.796453, 54.850869], [-3.795411, 54.849828], [-3.795411, 54.848786], [-3.794369, 54.847744], [-3.793328, 54.846702]]}, "properties": {"node_id": "os:node/91346278-E45D-4CD7-8AEB-6C653710AB50", "lat": 54.85764, "lon": -3.80114, "dist_m": 1343, "in_scope": false, "traced": true, "path_m": 1400, "straight_m": 1343, "detour": 1.04, "max_elev_crossed_m": 2.0, "min_depth_m": -0.5, "drying_px": 11, "drying_m": 1284, "drying_frac": 0.917}}, {"type": "Feature", "geometry": {"type": "LineString", "coordinates": [[-3.253471, 58.790949], [-3.252429, 58.789907], [-3.251387, 58.788866], [-3.250346, 58.787824], [-3.249304, 58.786782], [-3.248262, 58.786782], [-3.247221, 58.786782], [-3.246179, 58.786782], [-3.245138, 58.786782], [-3.244096, 58.786782], [-3.243054, 58.786782], [-3.242012, 58.785741], [-3.240971, 58.785741], [-3.239929, 58.785741], [-3.238887, 58.785741], [-3.237846, 58.785741], [-3.236804, 58.785741], [-3.235762, 58.784699], [-3.234721, 58.784699], [-3.233679, 58.784699], [-3.232637, 58.784699], [-3.231596, 58.783658], [-3.230554, 58.782616], [-3.229512, 58.781574], [-3.228471, 58.781574], [-3.227429, 58.781574], [-3.226387, 58.781574], [-3.225346, 58.781574]]}, "properties": {"node_id": "os:node/B33E2AB0-E8FF-49F9-8056-0EC3A1B55706", "lat": 58.79147, "lon": -3.25295, "dist_m": 1330, "in_scope": false, "traced": true, "path_m": 2257, "straight_m": 1330, "detour": 1.7, "max_elev_crossed_m": 2.8, "min_depth_m": -5.0, "drying_px": 17, "drying_m": 1370, "drying_frac": 0.607}}, {"type": "Feature", "geometry": {"type": "LineString", "coordinates": [[-5.154289, 56.837609], [-5.153248, 56.838651], [-5.152206, 56.838651], [-5.151164, 56.839693], [-5.150123, 56.839693], [-5.149081, 56.838651], [-5.148039, 56.838651], [-5.146998, 56.838651], [-5.145956, 56.838651], [-5.144914, 56.838651], [-5.143873, 56.838651], [-5.142831, 56.838651], [-5.141789, 56.839693], [-5.140748, 56.839693], [-5.139706, 56.839693], [-5.138664, 56.839693], [-5.137623, 56.839693], [-5.136581, 56.839693], [-5.135539, 56.838651]]}, "properties": {"node_id": "os:node/F1FC0831-27B6-4E87-917A-AAFE4CFD97B0", "lat": 56.83813, "lon": -5.15481, "dist_m": 1323, "in_scope": false, "traced": true, "path_m": 1485, "straight_m": 1323, "detour": 1.12, "max_elev_crossed_m": 16.3, "min_depth_m": -14.6, "drying_px": 10, "drying_m": 782, "drying_frac": 0.526}}, {"type": "Feature", "geometry": {"type": "LineString", "coordinates": [[-1.338399, 60.487805], [-1.337358, 60.487805], [-1.336316, 60.486763], [-1.336316, 60.485721], [-1.335274, 60.48468], [-1.335274, 60.483638], [-1.335274, 60.482596], [-1.334233, 60.481555], [-1.333191, 60.480513], [-1.332149, 60.480513], [-1.331108, 60.479471], [-1.330066, 60.47843], [-1.329024, 60.47843], [-1.327983, 60.47843], [-1.326941, 60.47843], [-1.325899, 60.477388], [-1.324858, 60.476346], [-1.323816, 60.475305]]}, "properties": {"node_id": "os:node/D78EE441-CD49-491E-ACE6-F8F9A15803FE", "lat": 60.48756, "lon": -1.33892, "dist_m": 1321, "in_scope": false, "traced": true, "path_m": 1797, "straight_m": 1321, "detour": 1.36, "max_elev_crossed_m": 1.4, "min_depth_m": -0.8, "drying_px": 15, "drying_m": 1497, "drying_frac": 0.833}}, {"type": "Feature", "geometry": {"type": "LineString", "coordinates": [[-5.597032, 56.989109], [-5.597032, 56.988067], [-5.597032, 56.987026], [-5.598073, 56.985984], [-5.599115, 56.984942], [-5.600157, 56.984942], [-5.601198, 56.984942], [-5.60224, 56.984942], [-5.603282, 56.984942], [-5.604323, 56.984942], [-5.605365, 56.984942], [-5.606407, 56.984942], [-5.607448, 56.984942], [-5.60849, 56.983901], [-5.609532, 56.983901], [-5.610573, 56.983901], [-5.611615, 56.983901], [-5.612657, 56.982859], [-5.613698, 56.982859]]}, "properties": {"node_id": "os:node/A16F61F3-48CC-49E3-A1B0-D324D60215FD", "lat": 56.98963, "lon": -5.59663, "dist_m": 1315, "in_scope": false, "traced": true, "path_m": 1518, "straight_m": 1315, "detour": 1.15, "max_elev_crossed_m": 5.3, "min_depth_m": -0.4, "drying_px": 13, "drying_m": 1039, "drying_frac": 0.684}}, {"type": "Feature", "geometry": {"type": "LineString", "coordinates": [[-6.840538, 57.928401], [-6.841579, 57.928401], [-6.842621, 57.927359], [-6.843663, 57.927359], [-6.844704, 57.927359], [-6.845746, 57.927359], [-6.846788, 57.927359], [-6.847829, 57.927359], [-6.848871, 57.927359], [-6.849913, 57.927359], [-6.850954, 57.927359], [-6.851996, 57.927359], [-6.853038, 57.927359], [-6.854079, 57.927359], [-6.855121, 57.927359], [-6.856163, 57.927359], [-6.857204, 57.927359], [-6.858246, 57.927359], [-6.859288, 57.927359], [-6.860329, 57.927359], [-6.861371, 57.927359], [-6.862413, 57.927359], [-6.863454, 57.927359]]}, "properties": {"node_id": "os:node/8D1DD10C-5D61-4755-86D2-ADE4C1231C39", "lat": 57.92788, "lon": -6.84089, "dist_m": 1304, "in_scope": false, "traced": true, "path_m": 1424, "straight_m": 1304, "detour": 1.09, "max_elev_crossed_m": 0.3, "min_depth_m": -0.1, "drying_px": 21, "drying_m": 1300, "drying_frac": 0.913}}, {"type": "Feature", "geometry": {"type": "LineString", "coordinates": [[-5.585723, 56.310095], [-5.585723, 56.309054], [-5.586765, 56.308012], [-5.587806, 56.30697], [-5.588848, 56.305929], [-5.588848, 56.304887], [-5.58989, 56.303845], [-5.58989, 56.302804], [-5.58989, 56.301762], [-5.58989, 56.30072], [-5.58989, 56.299679], [-5.58989, 56.298637]]}, "properties": {"node_id": "os:node/3A28A367-9475-410A-B3B5-721D0EE18F5E", "lat": 56.30984, "lon": -5.58582, "dist_m": 1292, "in_scope": false, "traced": true, "path_m": 1342, "straight_m": 1292, "detour": 1.04, "max_elev_crossed_m": 4.0, "min_depth_m": -7.1, "drying_px": 7, "drying_m": 783, "drying_frac": 0.583}}, {"type": "Feature", "geometry": {"type": "LineString", "coordinates": [[-3.494143, 54.961951], [-3.495185, 54.960909], [-3.495185, 54.959867], [-3.495185, 54.958826], [-3.495185, 54.957784], [-3.495185, 54.956742], [-3.495185, 54.955701], [-3.495185, 54.954659], [-3.495185, 54.953618], [-3.495185, 54.952576], [-3.495185, 54.951534], [-3.495185, 54.950492]]}, "properties": {"node_id": "os:node/A3CDDA3C-32B5-4F38-96F8-48178C0F0E47", "lat": 54.96143, "lon": -3.49439, "dist_m": 1291, "in_scope": false, "traced": true, "path_m": 1293, "straight_m": 1291, "detour": 1.0, "max_elev_crossed_m": 2.5, "min_depth_m": -0.2, "drying_px": 11, "drying_m": 1186, "drying_frac": 0.917}}, {"type": "Feature", "geometry": {"type": "LineString", "coordinates": [[-5.916789, 55.972891], [-5.915748, 55.971849], [-5.915748, 55.970807], [-5.915748, 55.969766], [-5.915748, 55.968724], [-5.915748, 55.967682], [-5.915748, 55.966641], [-5.915748, 55.965599], [-5.915748, 55.964558], [-5.916789, 55.963516], [-5.917831, 55.962474], [-5.918873, 55.962474], [-5.919914, 55.962474], [-5.920956, 55.962474], [-5.921998, 55.962474], [-5.923039, 55.961432], [-5.924081, 55.960391], [-5.925123, 55.960391], [-5.926164, 55.960391], [-5.927206, 55.960391]]}, "properties": {"node_id": "os:node/B76E30CB-0313-49BC-B923-5A237C508520", "lat": 55.97237, "lon": -5.91669, "dist_m": 1269, "in_scope": false, "traced": true, "path_m": 1930, "straight_m": 1269, "detour": 1.52, "max_elev_crossed_m": 7.6, "min_depth_m": -0.3, "drying_px": 13, "drying_m": 1255, "drying_frac": 0.65}}, {"type": "Feature", "geometry": {"type": "LineString", "coordinates": [[-6.289549, 56.326659], [-6.288508, 56.325617], [-6.287466, 56.324576], [-6.286424, 56.324576], [-6.285383, 56.324576], [-6.284341, 56.324576], [-6.283299, 56.323534], [-6.282258, 56.323534], [-6.281216, 56.323534], [-6.280174, 56.323534], [-6.279132, 56.323534], [-6.278091, 56.323534], [-6.277049, 56.323534], [-6.276008, 56.323534], [-6.274966, 56.323534], [-6.273924, 56.322492], [-6.272883, 56.321451], [-6.271841, 56.320409], [-6.270799, 56.321451], [-6.269758, 56.320409], [-6.268716, 56.320409], [-6.267674, 56.320409], [-6.266633, 56.320409]]}, "properties": {"node_id": "os:node/221C15CF-5B91-47CD-8B7C-10A92DC01C4C", "lat": 56.32666, "lon": -6.29007, "dist_m": 1268, "in_scope": false, "traced": true, "path_m": 1961, "straight_m": 1268, "detour": 1.55, "max_elev_crossed_m": 1.7, "min_depth_m": -4.1, "drying_px": 14, "drying_m": 1194, "drying_frac": 0.609}}, {"type": "Feature", "geometry": {"type": "LineString", "coordinates": [[-7.425379, 57.003724], [-7.424338, 57.002682], [-7.423296, 57.002682], [-7.422254, 57.002682], [-7.421213, 57.002682], [-7.420171, 57.00164], [-7.419129, 57.00164], [-7.418088, 57.00164], [-7.417046, 57.00164], [-7.416004, 57.00164], [-7.414963, 57.00164], [-7.413921, 57.00164], [-7.412879, 57.00164], [-7.411838, 57.00164], [-7.410796, 57.00164], [-7.409754, 57.000599], [-7.408713, 57.000599], [-7.407671, 57.000599], [-7.406629, 57.00164], [-7.405588, 57.00164], [-7.404546, 57.00164], [-7.403504, 57.00164], [-7.402462, 57.00164], [-7.401421, 57.00164]]}, "properties": {"node_id": "os:node/BD155E45-944E-4D8E-B329-EFF8B3EE0BD8", "lat": 57.00349, "lon": -7.4259, "dist_m": 1262, "in_scope": false, "traced": true, "path_m": 1728, "straight_m": 1262, "detour": 1.37, "max_elev_crossed_m": 5.1, "min_depth_m": -3.7, "drying_px": 14, "drying_m": 1008, "drying_frac": 0.583}}, {"type": "Feature", "geometry": {"type": "LineString", "coordinates": [[-5.121368, 57.871963], [-5.12241, 57.873004], [-5.123451, 57.873004], [-5.124493, 57.873004], [-5.125535, 57.874046], [-5.126576, 57.875088], [-5.127618, 57.876129], [-5.126576, 57.877171], [-5.127618, 57.878213], [-5.12866, 57.878213], [-5.129701, 57.878213], [-5.130743, 57.878213], [-5.131785, 57.878213], [-5.132826, 57.877171], [-5.133868, 57.877171], [-5.13491, 57.878213], [-5.135951, 57.878213], [-5.136993, 57.878213]]}, "properties": {"node_id": "os:node/DE41BC33-8A25-4FC3-8323-C78450C0C13A", "lat": 57.8715, "lon": -5.12181, "dist_m": 1252, "in_scope": false, "traced": true, "path_m": 1606, "straight_m": 1252, "detour": 1.28, "max_elev_crossed_m": 3.4, "min_depth_m": -47.3, "drying_px": 12, "drying_m": 1070, "drying_frac": 0.667}}, {"type": "Feature", "geometry": {"type": "LineString", "coordinates": [[-6.881479, 57.799621], [-6.880438, 57.798579], [-6.879396, 57.797538], [-6.878354, 57.796496], [-6.878354, 57.795454], [-6.877313, 57.794412], [-6.876271, 57.793371], [-6.876271, 57.792329], [-6.876271, 57.791288], [-6.875229, 57.790246], [-6.875229, 57.789204]]}, "properties": {"node_id": "os:node/646F01BE-4531-4AB9-8440-FD195852B812", "lat": 57.7991, "lon": -6.882, "dist_m": 1229, "in_scope": false, "traced": true, "path_m": 1252, "straight_m": 1229, "detour": 1.02, "max_elev_crossed_m": 5.4, "min_depth_m": -25.4, "drying_px": 8, "drying_m": 911, "drying_frac": 0.727}}, {"type": "Feature", "geometry": {"type": "LineString", "coordinates": [[-6.565369, 58.001133], [-6.564328, 58.002175], [-6.563286, 58.002175], [-6.562244, 58.002175], [-6.561203, 58.002175], [-6.560161, 58.002175], [-6.559119, 58.003216], [-6.558078, 58.003216], [-6.557036, 58.003216], [-6.555994, 58.003216], [-6.554953, 58.003216], [-6.553911, 58.003216], [-6.552869, 58.004258], [-6.551828, 58.004258], [-6.550786, 58.004258], [-6.549744, 58.004258], [-6.548703, 58.004258], [-6.547661, 58.004258], [-6.546619, 58.003216]]}, "properties": {"node_id": "os:node/EF536858-FC23-4504-8FE7-31149F048A70", "lat": 58.00151, "lon": -6.56589, "dist_m": 1228, "in_scope": false, "traced": true, "path_m": 1385, "straight_m": 1228, "detour": 1.13, "max_elev_crossed_m": 0.0, "min_depth_m": -0.2, "drying_px": 18, "drying_m": 1312, "drying_frac": 0.947}}, {"type": "Feature", "geometry": {"type": "LineString", "coordinates": [[-5.757242, 56.543239], [-5.758283, 56.543239], [-5.759325, 56.543239], [-5.760367, 56.543239], [-5.761408, 56.543239], [-5.76245, 56.543239], [-5.763492, 56.543239], [-5.764533, 56.543239], [-5.765575, 56.543239], [-5.766617, 56.542197], [-5.767658, 56.541156], [-5.7687, 56.541156], [-5.769742, 56.541156], [-5.769742, 56.540114], [-5.770783, 56.539072], [-5.771825, 56.538031]]}, "properties": {"node_id": "os:node/5B1192D5-76A3-4BF4-963C-8EC3E37BBCF0", "lat": 56.54376, "lon": -5.75689, "dist_m": 1221, "in_scope": false, "traced": true, "path_m": 1285, "straight_m": 1221, "detour": 1.05, "max_elev_crossed_m": 5.0, "min_depth_m": -58.4, "drying_px": 4, "drying_m": 321, "drying_frac": 0.25}}, {"type": "Feature", "geometry": {"type": "LineString", "coordinates": [[-5.576261, 56.015179], [-5.577303, 56.015179], [-5.578345, 56.015179], [-5.579386, 56.015179], [-5.580428, 56.015179], [-5.58147, 56.015179], [-5.582511, 56.015179], [-5.583553, 56.015179], [-5.584595, 56.015179], [-5.585636, 56.015179], [-5.586678, 56.015179], [-5.58772, 56.014137], [-5.588761, 56.014137], [-5.589803, 56.014137], [-5.590845, 56.014137], [-5.591886, 56.013095], [-5.592928, 56.013095], [-5.59397, 56.013095], [-5.595011, 56.012054]]}, "properties": {"node_id": "os:node/70246D9E-83DB-47BB-A5DB-19A10F423E02", "lat": 56.01524, "lon": -5.57665, "dist_m": 1220, "in_scope": false, "traced": true, "path_m": 1371, "straight_m": 1220, "detour": 1.12, "max_elev_crossed_m": 0.0, "min_depth_m": -2.7, "drying_px": 17, "drying_m": 1227, "drying_frac": 0.895}}, {"type": "Feature", "geometry": {"type": "LineString", "coordinates": [[-4.768596, 58.576831], [-4.768596, 58.577873], [-4.768596, 58.578914], [-4.768596, 58.579956], [-4.768596, 58.580998], [-4.768596, 58.582039], [-4.768596, 58.583081], [-4.769638, 58.584123], [-4.77068, 58.585164], [-4.771721, 58.586206], [-4.772763, 58.587248], [-4.773805, 58.587248], [-4.774846, 58.587248], [-4.775888, 58.587248], [-4.77693, 58.587248], [-4.777971, 58.587248], [-4.779013, 58.587248], [-4.780055, 58.587248], [-4.781096, 58.587248]]}, "properties": {"node_id": "os:node/91209043-C93F-44A8-A69B-FDDEA4D381F9", "lat": 58.57683, "lon": -4.76851, "dist_m": 1218, "in_scope": false, "traced": true, "path_m": 1702, "straight_m": 1218, "detour": 1.4, "max_elev_crossed_m": 5.2, "min_depth_m": -1.0, "drying_px": 17, "drying_m": 1523, "drying_frac": 0.895}}, {"type": "Feature", "geometry": {"type": "LineString", "coordinates": [[-4.214275, 58.530489], [-4.213234, 58.53153], [-4.214275, 58.532572], [-4.215317, 58.533614], [-4.216359, 58.534655], [-4.2174, 58.535697], [-4.218442, 58.535697], [-4.219484, 58.535697], [-4.220525, 58.536739], [-4.221567, 58.536739], [-4.222609, 58.53778], [-4.22365, 58.538822], [-4.224692, 58.539864]]}, "properties": {"node_id": "os:node/5996DC7E-4768-4AD1-9D60-B91DDF620E31", "lat": 58.53084, "lon": -4.21388, "dist_m": 1218, "in_scope": false, "traced": true, "path_m": 1359, "straight_m": 1218, "detour": 1.12, "max_elev_crossed_m": 3.9, "min_depth_m": -0.2, "drying_px": 12, "drying_m": 1254, "drying_frac": 0.923}}, {"type": "Feature", "geometry": {"type": "LineString", "coordinates": [[-3.801655, 57.611417], [-3.800613, 57.611417], [-3.799571, 57.612459], [-3.79853, 57.613501], [-3.797488, 57.614542], [-3.796446, 57.615584], [-3.795405, 57.616626], [-3.796446, 57.617667], [-3.796446, 57.618709], [-3.796446, 57.619751], [-3.797488, 57.620792], [-3.797488, 57.621834], [-3.797488, 57.622876], [-3.796446, 57.623917], [-3.797488, 57.624959], [-3.797488, 57.626001]]}, "properties": {"node_id": "os:node/DC5F3795-7B2C-4586-9C6D-E1B597F67377", "lat": 57.61177, "lon": -3.80182, "dist_m": 1216, "in_scope": false, "traced": true, "path_m": 1826, "straight_m": 1216, "detour": 1.5, "max_elev_crossed_m": 4.4, "min_depth_m": -0.6, "drying_px": 14, "drying_m": 1598, "drying_frac": 0.875}}, {"type": "Feature", "geometry": {"type": "LineString", "coordinates": [[-1.345771, 60.33786], [-1.346812, 60.338902], [-1.346812, 60.339944], [-1.346812, 60.340985], [-1.346812, 60.342027], [-1.346812, 60.343069], [-1.345771, 60.34411], [-1.346812, 60.345152], [-1.346812, 60.346194], [-1.346812, 60.347235], [-1.347854, 60.348277], [-1.347854, 60.349319], [-1.347854, 60.35036], [-1.347854, 60.351402], [-1.347854, 60.352444], [-1.347854, 60.353485], [-1.347854, 60.354527], [-1.347854, 60.355569], [-1.347854, 60.35661], [-1.347854, 60.357652], [-1.347854, 60.358694], [-1.347854, 60.359735], [-1.348896, 60.360777], [-1.349937, 60.361819], [-1.350979, 60.36286], [-1.350979, 60.363902], [-1.350979, 60.364944], [-1.349937, 60.365985]]}, "properties": {"node_id": "os:node/07D87323-27E6-4444-A75A-6CE8930ED312", "lat": 60.3381, "lon": -1.34596, "dist_m": 1213, "in_scope": false, "traced": true, "path_m": 3238, "straight_m": 1213, "detour": 2.67, "max_elev_crossed_m": 0.6, "min_depth_m": -7.0, "drying_px": 7, "drying_m": 810, "drying_frac": 0.25}}, {"type": "Feature", "geometry": {"type": "LineString", "coordinates": [[-3.011835, 51.329792], [-3.011835, 51.330834], [-3.012877, 51.331875], [-3.013919, 51.332917], [-3.01496, 51.333959], [-3.016002, 51.335], [-3.017044, 51.336042], [-3.018085, 51.337084], [-3.019127, 51.338125], [-3.020169, 51.339167], [-3.02121, 51.340209]]}, "properties": {"node_id": "os:node/FC27C90E-DF9E-4E9F-B5F7-F59A1370A4C0", "lat": 51.32992, "lon": -3.0116, "dist_m": 1204, "in_scope": true, "traced": true, "path_m": 1347, "straight_m": 1204, "detour": 1.12, "max_elev_crossed_m": 4.1, "min_depth_m": -0.1, "drying_px": 10, "drying_m": 1224, "drying_frac": 0.909}}, {"type": "Feature", "geometry": {"type": "LineString", "coordinates": [[-2.811279, 51.556109], [-2.812321, 51.555067], [-2.812321, 51.554026], [-2.812321, 51.552984], [-2.812321, 51.551942], [-2.812321, 51.550901], [-2.812321, 51.549859], [-2.812321, 51.548818], [-2.813363, 51.547776]]}, "properties": {"node_id": "os:node/F07119B4-CE8B-4471-A71A-2402865DBEA6", "lat": 51.55663, "lon": -2.81095, "dist_m": 1186, "in_scope": true, "traced": true, "path_m": 969, "straight_m": 1186, "detour": 0.82, "max_elev_crossed_m": 2.8, "min_depth_m": -0.1, "drying_px": 8, "drying_m": 861, "drying_frac": 0.889}}, {"type": "Feature", "geometry": {"type": "LineString", "coordinates": [[-6.114659, 57.314163], [-6.113618, 57.314163], [-6.112576, 57.314163], [-6.111534, 57.314163], [-6.110492, 57.314163], [-6.109451, 57.315205], [-6.108409, 57.315205], [-6.107368, 57.315205], [-6.106326, 57.316247], [-6.105284, 57.317288], [-6.104242, 57.317288], [-6.103201, 57.31833], [-6.102159, 57.317288], [-6.101118, 57.31833], [-6.100076, 57.31833], [-6.099034, 57.319372], [-6.097992, 57.319372], [-6.096951, 57.319372], [-6.095909, 57.319372]]}, "properties": {"node_id": "os:node/68D5F5AB-0764-4EA1-A778-7FFF47EBDF2E", "lat": 57.31381, "lon": -6.11518, "dist_m": 1185, "in_scope": false, "traced": true, "path_m": 1611, "straight_m": 1185, "detour": 1.36, "max_elev_crossed_m": 1.7, "min_depth_m": -0.7, "drying_px": 17, "drying_m": 1442, "drying_frac": 0.895}}, {"type": "Feature", "geometry": {"type": "LineString", "coordinates": [[-7.38434, 57.541791], [-7.385382, 57.540749], [-7.386424, 57.540749], [-7.387465, 57.540749], [-7.388507, 57.540749], [-7.389549, 57.540749], [-7.39059, 57.539707], [-7.391632, 57.538666], [-7.392674, 57.537624], [-7.393715, 57.536582], [-7.394757, 57.535541], [-7.395799, 57.534499], [-7.39684, 57.533457]]}, "properties": {"node_id": "os:node/ACB83F59-B9F2-484E-9BC7-417F3F5FF533", "lat": 57.54127, "lon": -7.38432, "dist_m": 1181, "in_scope": false, "traced": true, "path_m": 1302, "straight_m": 1181, "detour": 1.1, "max_elev_crossed_m": 2.8, "min_depth_m": -0.9, "drying_px": 11, "drying_m": 1101, "drying_frac": 0.846}}, {"type": "Feature", "geometry": {"type": "LineString", "coordinates": [[-1.331012, 60.367489], [-1.332054, 60.367489], [-1.333095, 60.367489], [-1.334137, 60.366447], [-1.335179, 60.366447], [-1.33622, 60.365406], [-1.337262, 60.365406], [-1.338304, 60.365406], [-1.339345, 60.365406], [-1.340387, 60.365406], [-1.341429, 60.365406], [-1.34247, 60.365406], [-1.343512, 60.365406], [-1.344554, 60.365406], [-1.345595, 60.365406], [-1.346637, 60.365406], [-1.347679, 60.365406], [-1.34872, 60.366447], [-1.349762, 60.366447]]}, "properties": {"node_id": "os:node/C9254F54-46BC-48EB-96BF-F82C6AB12344", "lat": 60.36801, "lon": -1.33136, "dist_m": 1164, "in_scope": false, "traced": true, "path_m": 1248, "straight_m": 1164, "detour": 1.07, "max_elev_crossed_m": 2.3, "min_depth_m": -0.4, "drying_px": 15, "drying_m": 985, "drying_frac": 0.789}}, {"type": "Feature", "geometry": {"type": "LineString", "coordinates": [[-2.736989, 51.580601], [-2.735948, 51.580601], [-2.734906, 51.580601], [-2.733864, 51.580601], [-2.732823, 51.580601], [-2.731781, 51.580601], [-2.730739, 51.580601], [-2.729698, 51.580601], [-2.728656, 51.580601], [-2.727614, 51.580601], [-2.726573, 51.580601], [-2.725531, 51.580601], [-2.724489, 51.580601], [-2.723448, 51.580601], [-2.722406, 51.580601], [-2.721364, 51.580601], [-2.720323, 51.580601], [-2.719281, 51.580601], [-2.718239, 51.580601], [-2.717198, 51.580601], [-2.716156, 51.580601], [-2.715114, 51.580601], [-2.714073, 51.581642], [-2.713031, 51.581642], [-2.711989, 51.581642], [-2.710948, 51.580601], [-2.709906, 51.580601]]}, "properties": {"node_id": "os:node/2C54A79C-8957-44C1-A450-19267E19B803", "lat": 51.58008, "lon": -2.73751, "dist_m": 1163, "in_scope": true, "traced": true, "path_m": 2002, "straight_m": 1163, "detour": 1.72, "max_elev_crossed_m": 4.6, "min_depth_m": -0.4, "drying_px": 22, "drying_m": 1632, "drying_frac": 0.815}}, {"type": "Feature", "geometry": {"type": "LineString", "coordinates": [[-6.768079, 57.832671], [-6.768079, 57.831629], [-6.767038, 57.830587], [-6.767038, 57.829546], [-6.767038, 57.828504], [-6.768079, 57.827462], [-6.768079, 57.826421], [-6.769121, 57.825379], [-6.770163, 57.824338], [-6.771204, 57.824338], [-6.772246, 57.824338], [-6.773288, 57.824338], [-6.774329, 57.823296], [-6.774329, 57.822254]]}, "properties": {"node_id": "os:node/011CCA23-92EB-4C7E-AAAD-0B157E57C5DC", "lat": 57.83215, "lon": -6.7686, "dist_m": 1162, "in_scope": false, "traced": true, "path_m": 1422, "straight_m": 1162, "detour": 1.22, "max_elev_crossed_m": 8.8, "min_depth_m": -4.4, "drying_px": 12, "drying_m": 1219, "drying_frac": 0.857}}, {"type": "Feature", "geometry": {"type": "LineString", "coordinates": [[-7.27621, 57.408811], [-7.275169, 57.408811], [-7.274127, 57.408811], [-7.273085, 57.408811], [-7.272044, 57.408811], [-7.271002, 57.408811], [-7.26996, 57.408811], [-7.268919, 57.407769], [-7.267877, 57.406727], [-7.266835, 57.405686], [-7.265794, 57.404644], [-7.264752, 57.403602], [-7.26371, 57.402561], [-7.262669, 57.401519], [-7.262669, 57.400478], [-7.262669, 57.399436], [-7.26371, 57.398394], [-7.264752, 57.397352], [-7.265794, 57.397352], [-7.266835, 57.396311], [-7.267877, 57.396311], [-7.268919, 57.395269], [-7.26996, 57.394228], [-7.271002, 57.394228], [-7.272044, 57.394228], [-7.273085, 57.393186], [-7.274127, 57.393186]]}, "properties": {"node_id": "os:node/0C08274D-045F-430C-AFAD-39A6316992F1", "lat": 57.40829, "lon": -7.27587, "dist_m": 1152, "in_scope": false, "traced": true, "path_m": 2631, "straight_m": 1152, "detour": 2.28, "max_elev_crossed_m": 1.9, "min_depth_m": -0.5, "drying_px": 23, "drying_m": 2241, "drying_frac": 0.852}}, {"type": "Feature", "geometry": {"type": "LineString", "coordinates": [[-1.334262, 60.605427], [-1.335304, 60.605427], [-1.336345, 60.605427], [-1.337387, 60.606469], [-1.337387, 60.60751], [-1.338429, 60.608552], [-1.33947, 60.609594], [-1.340512, 60.610635], [-1.341554, 60.611677], [-1.342595, 60.611677], [-1.343637, 60.611677], [-1.344679, 60.612719], [-1.34572, 60.612719], [-1.346762, 60.612719], [-1.347804, 60.612719]]}, "properties": {"node_id": "os:node/5C28C3F2-562D-4B3A-87E9-865ECA8C97D5", "lat": 60.60544, "lon": -1.33455, "dist_m": 1147, "in_scope": false, "traced": true, "path_m": 1289, "straight_m": 1147, "detour": 1.12, "max_elev_crossed_m": 2.1, "min_depth_m": -0.2, "drying_px": 8, "drying_m": 688, "drying_frac": 0.533}}, {"type": "Feature", "geometry": {"type": "LineString", "coordinates": [[-2.942247, 56.209879], [-2.941205, 56.210921], [-2.940163, 56.210921], [-2.939122, 56.209879], [-2.939122, 56.208837], [-2.939122, 56.207796], [-2.939122, 56.206754], [-2.939122, 56.205712], [-2.939122, 56.204671], [-2.93808, 56.203629], [-2.93808, 56.202588], [-2.93808, 56.201546], [-2.93808, 56.200504]]}, "properties": {"node_id": "os:node/4E4218DB-262A-4E10-A856-DBB43B8860F2", "lat": 56.2104, "lon": -2.94239, "dist_m": 1143, "in_scope": false, "traced": true, "path_m": 1390, "straight_m": 1143, "detour": 1.22, "max_elev_crossed_m": 6.0, "min_depth_m": -0.9, "drying_px": 12, "drying_m": 1283, "drying_frac": 0.923}}, {"type": "Feature", "geometry": {"type": "LineString", "coordinates": [[-1.359399, 60.517531], [-1.358358, 60.51649], [-1.357316, 60.51649], [-1.356274, 60.51649], [-1.355233, 60.51649], [-1.354191, 60.51649], [-1.353149, 60.517531], [-1.352108, 60.517531], [-1.351066, 60.518573], [-1.350024, 60.519615], [-1.348983, 60.520656], [-1.347941, 60.520656], [-1.346899, 60.520656], [-1.345858, 60.519615], [-1.344816, 60.519615], [-1.343774, 60.519615], [-1.342733, 60.519615], [-1.341691, 60.519615], [-1.340649, 60.519615], [-1.339608, 60.519615]]}, "properties": {"node_id": "os:node/3AC3C074-594C-4891-999B-F9372F534AB2", "lat": 60.51726, "lon": -1.35992, "dist_m": 1130, "in_scope": false, "traced": true, "path_m": 1517, "straight_m": 1130, "detour": 1.34, "max_elev_crossed_m": 5.4, "min_depth_m": -1.1, "drying_px": 16, "drying_m": 1214, "drying_frac": 0.8}}, {"type": "Feature", "geometry": {"type": "LineString", "coordinates": [[-6.857141, 58.223741], [-6.858183, 58.223741], [-6.859225, 58.2227], [-6.860266, 58.2227], [-6.861308, 58.2227], [-6.86235, 58.2227], [-6.863391, 58.2227], [-6.864433, 58.2227], [-6.865475, 58.2227], [-6.866516, 58.223741], [-6.867558, 58.224783], [-6.8686, 58.224783], [-6.869641, 58.224783], [-6.870683, 58.224783], [-6.871725, 58.224783], [-6.872766, 58.224783], [-6.873808, 58.223741], [-6.87485, 58.223741], [-6.875891, 58.224783], [-6.876933, 58.224783]]}, "properties": {"node_id": "os:node/6B9342C1-18E2-463D-97B3-3068C52313EE", "lat": 58.22331, "lon": -6.85749, "dist_m": 1130, "in_scope": false, "traced": true, "path_m": 1510, "straight_m": 1130, "detour": 1.34, "max_elev_crossed_m": 3.8, "min_depth_m": -27.3, "drying_px": 10, "drying_m": 755, "drying_frac": 0.5}}, {"type": "Feature", "geometry": {"type": "LineString", "coordinates": [[-2.98292, 53.691537], [-2.98292, 53.692579], [-2.983961, 53.69362], [-2.985003, 53.694662], [-2.986045, 53.695704], [-2.986045, 53.696745], [-2.986045, 53.697787], [-2.987086, 53.698829], [-2.988128, 53.69987], [-2.988128, 53.700912], [-2.987086, 53.701954], [-2.987086, 53.702995], [-2.988128, 53.704037]]}, "properties": {"node_id": "os:node/056C0ACA-CF3B-4BDA-942C-BF138DF87204", "lat": 53.69174, "lon": -2.98276, "dist_m": 1122, "in_scope": true, "traced": true, "path_m": 1523, "straight_m": 1122, "detour": 1.36, "max_elev_crossed_m": 9.6, "min_depth_m": -0.4, "drying_px": 11, "drying_m": 1289, "drying_frac": 0.846}}, {"type": "Feature", "geometry": {"type": "LineString", "coordinates": [[-3.941011, 54.788851], [-3.939969, 54.787809], [-3.939969, 54.786768], [-3.939969, 54.785726], [-3.939969, 54.784684], [-3.938927, 54.783642], [-3.938927, 54.782601], [-3.937886, 54.781559], [-3.938927, 54.780518], [-3.938927, 54.779476], [-3.938927, 54.778434], [-3.937886, 54.777392]]}, "properties": {"node_id": "os:node/302C132C-A561-4F0A-93AF-48CFF8C4433E", "lat": 54.78833, "lon": -3.94049, "dist_m": 1118, "in_scope": false, "traced": true, "path_m": 1365, "straight_m": 1118, "detour": 1.22, "max_elev_crossed_m": 17.6, "min_depth_m": -0.5, "drying_px": 11, "drying_m": 1251, "drying_frac": 0.917}}, {"type": "Feature", "geometry": {"type": "LineString", "coordinates": [[-1.355339, 60.533649], [-1.354298, 60.533649], [-1.353256, 60.532608], [-1.352214, 60.532608], [-1.351173, 60.533649], [-1.350131, 60.533649], [-1.349089, 60.533649], [-1.348048, 60.533649], [-1.347006, 60.534691], [-1.345964, 60.534691], [-1.344923, 60.534691], [-1.343881, 60.534691], [-1.342839, 60.535732], [-1.341798, 60.535732], [-1.340756, 60.535732], [-1.339714, 60.535732], [-1.338673, 60.534691], [-1.337631, 60.533649], [-1.336589, 60.533649]]}, "properties": {"node_id": "os:node/17FC1987-FD18-48F3-99E8-C35CB766ECB3", "lat": 60.53417, "lon": -1.35586, "dist_m": 1109, "in_scope": false, "traced": true, "path_m": 1460, "straight_m": 1109, "detour": 1.32, "max_elev_crossed_m": 2.3, "min_depth_m": -3.4, "drying_px": 9, "drying_m": 692, "drying_frac": 0.474}}, {"type": "Feature", "geometry": {"type": "LineString", "coordinates": [[-5.407979, 55.866401], [-5.406938, 55.866401], [-5.405896, 55.867442], [-5.404854, 55.867442], [-5.403813, 55.867442], [-5.402771, 55.867442], [-5.401729, 55.867442], [-5.400688, 55.867442], [-5.399646, 55.868484], [-5.398604, 55.869526], [-5.397563, 55.869526], [-5.396521, 55.869526], [-5.395479, 55.869526], [-5.394438, 55.868484], [-5.393396, 55.869526], [-5.392354, 55.869526]]}, "properties": {"node_id": "os:node/88D81DD8-7170-403F-A76D-1E58F5560B6D", "lat": 55.86588, "lon": -5.4085, "dist_m": 1109, "in_scope": false, "traced": true, "path_m": 1316, "straight_m": 1109, "detour": 1.19, "max_elev_crossed_m": 3.2, "min_depth_m": -5.3, "drying_px": 11, "drying_m": 904, "drying_frac": 0.688}}, {"type": "Feature", "geometry": {"type": "LineString", "coordinates": [[-4.121913, 54.786899], [-4.122954, 54.786899], [-4.123996, 54.786899], [-4.125038, 54.785857], [-4.125038, 54.784816], [-4.123996, 54.783774], [-4.125038, 54.782732], [-4.125038, 54.781691], [-4.125038, 54.780649], [-4.123996, 54.779608], [-4.123996, 54.778566], [-4.123996, 54.777524]]}, "properties": {"node_id": "os:node/DF45B655-06DF-4004-AC1A-60EB37557F22", "lat": 54.78742, "lon": -4.12148, "dist_m": 1105, "in_scope": false, "traced": true, "path_m": 1249, "straight_m": 1105, "detour": 1.13, "max_elev_crossed_m": 3.4, "min_depth_m": -2.6, "drying_px": 10, "drying_m": 1041, "drying_frac": 0.833}}, {"type": "Feature", "geometry": {"type": "LineString", "coordinates": [[-1.565879, 60.227679], [-1.565879, 60.226637], [-1.564838, 60.225596], [-1.564838, 60.224554], [-1.564838, 60.223512], [-1.563796, 60.222471], [-1.564838, 60.221429], [-1.564838, 60.220388], [-1.564838, 60.219346], [-1.563796, 60.218304]]}, "properties": {"node_id": "os:node/DA094B83-5C45-4354-A176-FB8F9CC148FA", "lat": 60.2282, "lon": -1.5664, "dist_m": 1102, "in_scope": false, "traced": true, "path_m": 1098, "straight_m": 1102, "detour": 1.0, "max_elev_crossed_m": 2.1, "min_depth_m": -0.1, "drying_px": 9, "drying_m": 988, "drying_frac": 0.9}}, {"type": "Feature", "geometry": {"type": "LineString", "coordinates": [[-6.000738, 56.389155], [-6.00178, 56.389155], [-6.002821, 56.389155], [-6.003863, 56.389155], [-6.004905, 56.389155], [-6.005946, 56.389155], [-6.006988, 56.389155], [-6.00803, 56.389155], [-6.009071, 56.389155], [-6.010113, 56.389155], [-6.011155, 56.389155], [-6.012196, 56.389155], [-6.013238, 56.389155], [-6.01428, 56.389155], [-6.015321, 56.389155], [-6.016363, 56.389155], [-6.017405, 56.389155]]}, "properties": {"node_id": "os:node/D1E811F6-BA7C-4831-8793-B3F8F5135DE9", "lat": 56.38876, "lon": -6.0005, "dist_m": 1095, "in_scope": false, "traced": true, "path_m": 1027, "straight_m": 1095, "detour": 0.94, "max_elev_crossed_m": 0.5, "min_depth_m": -25.3, "drying_px": 10, "drying_m": 604, "drying_frac": 0.588}}, {"type": "Feature", "geometry": {"type": "LineString", "coordinates": [[-5.406083, 56.525851], [-5.405041, 56.526892], [-5.403999, 56.527934], [-5.402958, 56.528976], [-5.401916, 56.530017], [-5.400874, 56.531059], [-5.400874, 56.532101], [-5.399833, 56.533142], [-5.398791, 56.534184], [-5.398791, 56.535226], [-5.398791, 56.536267], [-5.399833, 56.537309], [-5.400874, 56.538351], [-5.401916, 56.538351], [-5.402958, 56.538351], [-5.403999, 56.538351], [-5.405041, 56.538351], [-5.406083, 56.539392], [-5.407124, 56.540434], [-5.408166, 56.540434], [-5.409208, 56.540434], [-5.410249, 56.540434], [-5.411291, 56.539392]]}, "properties": {"node_id": "os:node/351A5EEE-265B-4234-83BA-5226EAAD13D2", "lat": 56.52533, "lon": -5.40649, "dist_m": 1094, "in_scope": false, "traced": true, "path_m": 2385, "straight_m": 1094, "detour": 2.18, "max_elev_crossed_m": 2.4, "min_depth_m": -32.4, "drying_px": 9, "drying_m": 933, "drying_frac": 0.391}}, {"type": "Feature", "geometry": {"type": "LineString", "coordinates": [[-7.047078, 58.183584], [-7.048119, 58.183584], [-7.049161, 58.184625], [-7.049161, 58.185667], [-7.049161, 58.186709], [-7.048119, 58.18775], [-7.049161, 58.188792], [-7.050203, 58.188792], [-7.051244, 58.188792], [-7.052286, 58.18775], [-7.053328, 58.18775], [-7.054369, 58.186709], [-7.055411, 58.186709], [-7.056453, 58.18775], [-7.057494, 58.188792], [-7.058536, 58.189834], [-7.059578, 58.189834]]}, "properties": {"node_id": "os:node/BF0502D1-BAA2-4DC9-968B-5CC6E8011BF2", "lat": 58.18328, "lon": -7.0472, "dist_m": 1091, "in_scope": false, "traced": true, "path_m": 1647, "straight_m": 1091, "detour": 1.51, "max_elev_crossed_m": 1.5, "min_depth_m": -0.2, "drying_px": 12, "drying_m": 1163, "drying_frac": 0.706}}, {"type": "Feature", "geometry": {"type": "LineString", "coordinates": [[-7.041869, 58.18775], [-7.042911, 58.18775], [-7.043953, 58.186709], [-7.044994, 58.18775], [-7.046036, 58.18775], [-7.047078, 58.18775], [-7.048119, 58.188792], [-7.049161, 58.188792], [-7.050203, 58.188792], [-7.051244, 58.18775], [-7.052286, 58.18775], [-7.053328, 58.18775], [-7.054369, 58.186709], [-7.055411, 58.186709], [-7.056453, 58.18775], [-7.057494, 58.188792], [-7.058536, 58.189834], [-7.059578, 58.189834]]}, "properties": {"node_id": "os:node/ADBB9C5F-4F24-4FDD-A618-A9A0BEC64DC5", "lat": 58.18794, "lon": -7.04217, "dist_m": 1085, "in_scope": false, "traced": true, "path_m": 1599, "straight_m": 1085, "detour": 1.47, "max_elev_crossed_m": 1.5, "min_depth_m": -0.2, "drying_px": 11, "drying_m": 977, "drying_frac": 0.611}}, {"type": "Feature", "geometry": {"type": "LineString", "coordinates": [[-1.564099, 60.227959], [-1.564099, 60.226917], [-1.564099, 60.225876], [-1.565141, 60.224834], [-1.565141, 60.223792], [-1.565141, 60.222751], [-1.564099, 60.221709], [-1.565141, 60.220668], [-1.565141, 60.219626], [-1.565141, 60.218584], [-1.564099, 60.217542]]}, "properties": {"node_id": "os:node/7AC1A2F2-1C8B-4193-ADF4-894026BA828B", "lat": 60.22848, "lon": -1.56462, "dist_m": 1084, "in_scope": false, "traced": true, "path_m": 1214, "straight_m": 1084, "detour": 1.12, "max_elev_crossed_m": 0.5, "min_depth_m": -0.1, "drying_px": 9, "drying_m": 993, "drying_frac": 0.818}}, {"type": "Feature", "geometry": {"type": "LineString", "coordinates": [[-3.112459, 59.011211], [-3.111418, 59.010169], [-3.110376, 59.009127], [-3.109334, 59.009127], [-3.108293, 59.009127], [-3.107251, 59.009127], [-3.106209, 59.009127], [-3.105168, 59.009127], [-3.104126, 59.009127], [-3.103084, 59.009127], [-3.102043, 59.009127], [-3.101001, 59.009127], [-3.099959, 59.009127], [-3.098918, 59.008086], [-3.097876, 59.008086], [-3.096834, 59.007044]]}, "properties": {"node_id": "os:node/38D76142-72A7-4113-8D07-7ED108D8D8D6", "lat": 59.01069, "lon": -3.11298, "dist_m": 1079, "in_scope": false, "traced": true, "path_m": 1178, "straight_m": 1079, "detour": 1.09, "max_elev_crossed_m": 1.6, "min_depth_m": -0.2, "drying_px": 10, "drying_m": 737, "drying_frac": 0.625}}, {"type": "Feature", "geometry": {"type": "LineString", "coordinates": [[-3.011913, 54.084429], [-3.012954, 54.084429], [-3.013996, 54.083387], [-3.015038, 54.082346], [-3.016079, 54.082346], [-3.017121, 54.081304], [-3.018163, 54.080262], [-3.019204, 54.079221], [-3.020246, 54.079221], [-3.021288, 54.079221], [-3.022329, 54.078179], [-3.023371, 54.078179], [-3.024413, 54.078179], [-3.025454, 54.078179]]}, "properties": {"node_id": "os:node/9E55C056-00A0-429A-8229-B2F47CBCF3A1", "lat": 54.08495, "lon": -3.01185, "dist_m": 1076, "in_scope": true, "traced": true, "path_m": 1283, "straight_m": 1076, "detour": 1.19, "max_elev_crossed_m": 1.2, "min_depth_m": -0.1, "drying_px": 13, "drying_m": 1191, "drying_frac": 0.929}}, {"type": "Feature", "geometry": {"type": "LineString", "coordinates": [[-4.311205, 53.116167], [-4.312246, 53.117209], [-4.312246, 53.118251], [-4.312246, 53.119292], [-4.313288, 53.120334], [-4.31433, 53.121376], [-4.31433, 53.122417], [-4.315371, 53.123459], [-4.316413, 53.124501], [-4.317455, 53.125542]]}, "properties": {"node_id": "os:node/DF171A43-EDB5-42E9-9D69-7F2AF2DDAD96", "lat": 53.11577, "lon": -4.31133, "dist_m": 1075, "in_scope": true, "traced": true, "path_m": 1159, "straight_m": 1075, "detour": 1.08, "max_elev_crossed_m": 3.0, "min_depth_m": -0.1, "drying_px": 9, "drying_m": 1043, "drying_frac": 0.9}}, {"type": "Feature", "geometry": {"type": "LineString", "coordinates": [[-6.221417, 56.599087], [-6.221417, 56.600129], [-6.222459, 56.601171], [-6.221417, 56.602212], [-6.222459, 56.603254], [-6.2235, 56.603254], [-6.224542, 56.604296], [-6.225584, 56.605337], [-6.225584, 56.606379], [-6.226625, 56.607421]]}, "properties": {"node_id": "os:node/3E01C5B6-694B-43D0-9D3C-E4FD2F5AAF56", "lat": 56.59944, "lon": -6.22159, "dist_m": 1065, "in_scope": false, "traced": true, "path_m": 1090, "straight_m": 1065, "detour": 1.02, "max_elev_crossed_m": 5.2, "min_depth_m": -10.3, "drying_px": 8, "drying_m": 872, "drying_frac": 0.8}}, {"type": "Feature", "geometry": {"type": "LineString", "coordinates": [[-2.798929, 56.479289], [-2.799971, 56.479289], [-2.801013, 56.479289], [-2.802054, 56.478247], [-2.803096, 56.478247], [-2.804138, 56.477206], [-2.804138, 56.476164], [-2.804138, 56.475122], [-2.804138, 56.474081], [-2.805179, 56.473039], [-2.805179, 56.471998], [-2.806221, 56.470956]]}, "properties": {"node_id": "os:node/0313F54F-EAA6-4D2B-9361-8CF276EDECC8", "lat": 56.47981, "lon": -2.79945, "dist_m": 1058, "in_scope": false, "traced": true, "path_m": 1186, "straight_m": 1058, "detour": 1.12, "max_elev_crossed_m": 3.7, "min_depth_m": -0.1, "drying_px": 9, "drying_m": 889, "drying_frac": 0.75}}, {"type": "Feature", "geometry": {"type": "LineString", "coordinates": [[-5.569438, 56.023615], [-5.57048, 56.022573], [-5.571522, 56.021532], [-5.572563, 56.021532], [-5.573605, 56.02049], [-5.574647, 56.02049], [-5.575688, 56.019448], [-5.57673, 56.019448], [-5.577772, 56.018407], [-5.578813, 56.017365], [-5.579855, 56.016323], [-5.580897, 56.015282], [-5.581938, 56.01424], [-5.58298, 56.01424], [-5.584022, 56.01424], [-5.585063, 56.01424], [-5.586105, 56.01424], [-5.587147, 56.01424], [-5.588188, 56.01424], [-5.58923, 56.01424], [-5.590272, 56.01424], [-5.591313, 56.01424], [-5.592355, 56.013198], [-5.593397, 56.013198], [-5.594438, 56.013198], [-5.59548, 56.012157]]}, "properties": {"node_id": "os:node/711DD75C-EEE2-4C30-A50E-2E7DD2CCC3CC", "lat": 56.02389, "lon": -5.56956, "dist_m": 1058, "in_scope": false, "traced": true, "path_m": 2368, "straight_m": 1058, "detour": 2.24, "max_elev_crossed_m": 0.0, "min_depth_m": -2.7, "drying_px": 23, "drying_m": 2095, "drying_frac": 0.885}}, {"type": "Feature", "geometry": {"type": "LineString", "coordinates": [[-1.084309, 60.606525], [-1.083268, 60.605483], [-1.082226, 60.605483], [-1.081184, 60.606525], [-1.080143, 60.606525], [-1.079101, 60.606525], [-1.078059, 60.606525], [-1.077018, 60.606525], [-1.075976, 60.606525], [-1.074934, 60.606525], [-1.073893, 60.606525], [-1.072851, 60.606525], [-1.071809, 60.606525], [-1.070768, 60.606525], [-1.069726, 60.606525], [-1.068684, 60.606525], [-1.067643, 60.606525], [-1.066601, 60.606525], [-1.065559, 60.606525]]}, "properties": {"node_id": "os:node/C16AA1B4-9A01-4460-A810-76EF2EDBE4FF", "lat": 60.6061, "lon": -1.08483, "dist_m": 1054, "in_scope": false, "traced": true, "path_m": 1169, "straight_m": 1054, "detour": 1.11, "max_elev_crossed_m": 3.2, "min_depth_m": -0.2, "drying_px": 13, "drying_m": 800, "drying_frac": 0.684}}, {"type": "Feature", "geometry": {"type": "LineString", "coordinates": [[-5.899238, 57.172501], [-5.899238, 57.171459], [-5.90028, 57.170417], [-5.901321, 57.169376], [-5.902363, 57.169376], [-5.903405, 57.169376], [-5.904446, 57.169376], [-5.905488, 57.169376], [-5.90653, 57.169376], [-5.907571, 57.169376], [-5.908613, 57.169376], [-5.909655, 57.169376], [-5.910696, 57.169376], [-5.911738, 57.169376], [-5.91278, 57.168334]]}, "properties": {"node_id": "os:node/59496CA6-C700-470D-B944-F235EFD702AE", "lat": 57.17198, "lon": -5.89923, "dist_m": 1051, "in_scope": false, "traced": true, "path_m": 1140, "straight_m": 1051, "detour": 1.08, "max_elev_crossed_m": 0.0, "min_depth_m": -0.2, "drying_px": 11, "drying_m": 836, "drying_frac": 0.733}}, {"type": "Feature", "geometry": {"type": "LineString", "coordinates": [[-5.149699, 56.83725], [-5.148658, 56.83725], [-5.147616, 56.838291], [-5.146574, 56.838291], [-5.145533, 56.838291], [-5.144491, 56.838291], [-5.143449, 56.838291], [-5.142408, 56.839333], [-5.141366, 56.839333], [-5.140324, 56.839333], [-5.139283, 56.839333], [-5.138241, 56.839333], [-5.137199, 56.839333], [-5.136158, 56.839333], [-5.135116, 56.838291]]}, "properties": {"node_id": "os:node/B699D598-D237-471E-BD80-46ECADB95535", "lat": 56.83682, "lon": -5.15022, "dist_m": 1049, "in_scope": false, "traced": true, "path_m": 1094, "straight_m": 1049, "detour": 1.04, "max_elev_crossed_m": 5.0, "min_depth_m": -12.3, "drying_px": 7, "drying_m": 511, "drying_frac": 0.467}}, {"type": "Feature", "geometry": {"type": "LineString", "coordinates": [[-7.307069, 57.138371], [-7.306028, 57.139413], [-7.304986, 57.140454], [-7.303944, 57.140454], [-7.302903, 57.141496], [-7.301861, 57.141496], [-7.300819, 57.142538], [-7.299778, 57.143579], [-7.298736, 57.144621]]}, "properties": {"node_id": "os:node/487CBFE7-A24B-4C73-B947-44F327D383FE", "lat": 57.13804, "lon": -7.30759, "dist_m": 1039, "in_scope": false, "traced": true, "path_m": 917, "straight_m": 1039, "detour": 0.88, "max_elev_crossed_m": 0.0, "min_depth_m": -5.0, "drying_px": 7, "drying_m": 714, "drying_frac": 0.778}}, {"type": "Feature", "geometry": {"type": "LineString", "coordinates": [[-6.849913, 57.933671], [-6.849913, 57.932629], [-6.849913, 57.931587], [-6.850954, 57.930546], [-6.851996, 57.929504], [-6.853038, 57.929504], [-6.854079, 57.928462], [-6.855121, 57.927421], [-6.856163, 57.927421], [-6.857204, 57.927421], [-6.858246, 57.927421], [-6.859288, 57.927421], [-6.860329, 57.927421], [-6.861371, 57.927421], [-6.862413, 57.927421]]}, "properties": {"node_id": "os:node/74534AC7-8456-4B4A-B235-1B93FAF5E97A", "lat": 57.93315, "lon": -6.84982, "dist_m": 1022, "in_scope": false, "traced": true, "path_m": 1250, "straight_m": 1022, "detour": 1.22, "max_elev_crossed_m": 3.9, "min_depth_m": -0.1, "drying_px": 13, "drying_m": 1083, "drying_frac": 0.867}}, {"type": "Feature", "geometry": {"type": "LineString", "coordinates": [[-4.360649, 54.794689], [-4.359608, 54.794689], [-4.358566, 54.793647], [-4.357524, 54.792606], [-4.356483, 54.792606], [-4.356483, 54.791564], [-4.356483, 54.790522], [-4.355441, 54.789481], [-4.354399, 54.788439], [-4.353358, 54.787397]]}, "properties": {"node_id": "os:node/E2E785BA-5D76-4A8D-9CCD-F07F0482F730", "lat": 54.79521, "lon": -4.36117, "dist_m": 1020, "in_scope": false, "traced": true, "path_m": 1035, "straight_m": 1020, "detour": 1.01, "max_elev_crossed_m": 4.8, "min_depth_m": -0.3, "drying_px": 7, "drying_m": 724, "drying_frac": 0.7}}, {"type": "Feature", "geometry": {"type": "LineString", "coordinates": [[-4.370539, 54.771639], [-4.369498, 54.771639], [-4.368456, 54.771639], [-4.367414, 54.772681], [-4.366373, 54.772681], [-4.365331, 54.772681], [-4.364289, 54.772681], [-4.363248, 54.772681], [-4.362206, 54.772681], [-4.361164, 54.772681], [-4.360122, 54.772681], [-4.359081, 54.772681], [-4.358039, 54.771639]]}, "properties": {"node_id": "os:node/021C09A7-D0F6-49A5-AAA5-AB4B333CA9B2", "lat": 54.77216, "lon": -4.37106, "dist_m": 1019, "in_scope": true, "traced": true, "path_m": 937, "straight_m": 1019, "detour": 0.92, "max_elev_crossed_m": 4.5, "min_depth_m": -0.7, "drying_px": 10, "drying_m": 720, "drying_frac": 0.769}}, {"type": "Feature", "geometry": {"type": "LineString", "coordinates": [[-4.749639, 58.453885], [-4.749639, 58.454926], [-4.748598, 58.455968], [-4.747556, 58.455968], [-4.746514, 58.455968], [-4.745473, 58.45701], [-4.744431, 58.455968], [-4.743389, 58.455968], [-4.742348, 58.455968], [-4.741306, 58.455968], [-4.740264, 58.45701], [-4.739222, 58.458051], [-4.738181, 58.458051], [-4.737139, 58.459093]]}, "properties": {"node_id": "os:node/E0B8B690-41BF-4DEE-BA78-D45651A8608B", "lat": 58.45407, "lon": -4.75016, "dist_m": 1013, "in_scope": false, "traced": true, "path_m": 1265, "straight_m": 1013, "detour": 1.25, "max_elev_crossed_m": 3.7, "min_depth_m": -0.5, "drying_px": 13, "drying_m": 1175, "drying_frac": 0.929}}, {"type": "Feature", "geometry": {"type": "LineString", "coordinates": [[-6.631829, 57.926641], [-6.631829, 57.925599], [-6.631829, 57.924557], [-6.631829, 57.923516], [-6.631829, 57.922474], [-6.631829, 57.921432], [-6.630788, 57.920391], [-6.629746, 57.919349], [-6.630788, 57.918307]]}, "properties": {"node_id": "os:node/557A9CDA-4118-4171-83DD-2BB988C4516E", "lat": 57.92612, "lon": -6.63235, "dist_m": 1009, "in_scope": false, "traced": true, "path_m": 974, "straight_m": 1009, "detour": 0.96, "max_elev_crossed_m": 11.3, "min_depth_m": -2.6, "drying_px": 7, "drying_m": 757, "drying_frac": 0.778}}, {"type": "Feature", "geometry": {"type": "LineString", "coordinates": [[-3.554607, 54.65071], [-3.555649, 54.649668], [-3.556691, 54.649668], [-3.557732, 54.649668], [-3.558774, 54.648626], [-3.559816, 54.647585], [-3.560857, 54.646543], [-3.561899, 54.646543], [-3.562941, 54.647585], [-3.563982, 54.647585], [-3.565024, 54.648626], [-3.566066, 54.648626], [-3.567107, 54.649668], [-3.568149, 54.65071], [-3.569191, 54.65071]]}, "properties": {"node_id": "os:node/1E90C7DD-5150-4B0B-9805-510543F65071", "lat": 54.65036, "lon": -3.55414, "dist_m": 1006, "in_scope": true, "traced": true, "path_m": 1474, "straight_m": 1006, "detour": 1.47, "max_elev_crossed_m": 6.3, "min_depth_m": -0.9, "drying_px": 13, "drying_m": 1278, "drying_frac": 0.867}}, {"type": "Feature", "geometry": {"type": "LineString", "coordinates": [[-2.986369, 59.315597], [-2.986369, 59.316639], [-2.985328, 59.31768], [-2.984286, 59.318722], [-2.983244, 59.318722], [-2.982202, 59.319764], [-2.981161, 59.318722], [-2.980119, 59.318722], [-2.979078, 59.318722], [-2.978036, 59.318722], [-2.976994, 59.318722], [-2.975952, 59.318722], [-2.974911, 59.318722], [-2.973869, 59.319764]]}, "properties": {"node_id": "os:node/A31E6FF3-2EBD-4A35-88A4-744FE3EC2428", "lat": 59.31533, "lon": -2.98689, "dist_m": 1005, "in_scope": false, "traced": true, "path_m": 1181, "straight_m": 1005, "detour": 1.18, "max_elev_crossed_m": 2.1, "min_depth_m": -6.5, "drying_px": 8, "drying_m": 675, "drying_frac": 0.571}}, {"type": "Feature", "geometry": {"type": "LineString", "coordinates": [[-7.407079, 57.641741], [-7.406038, 57.642782], [-7.404996, 57.643824], [-7.403954, 57.642782], [-7.402913, 57.642782], [-7.401871, 57.642782], [-7.400829, 57.642782], [-7.399788, 57.642782], [-7.398746, 57.642782], [-7.397704, 57.643824], [-7.396663, 57.643824], [-7.395621, 57.643824], [-7.394579, 57.644866], [-7.393538, 57.644866], [-7.392496, 57.645907], [-7.391454, 57.646949]]}, "properties": {"node_id": "os:node/19325C77-91ED-4FF3-8E05-1505C54744A2", "lat": 57.64122, "lon": -7.4076, "dist_m": 999, "in_scope": false, "traced": true, "path_m": 1417, "straight_m": 999, "detour": 1.42, "max_elev_crossed_m": 2.0, "min_depth_m": -3.7, "drying_px": 10, "drying_m": 886, "drying_frac": 0.625}}, {"type": "Feature", "geometry": {"type": "LineString", "coordinates": [[-6.282609, 56.323534], [-6.281568, 56.323534], [-6.280526, 56.323534], [-6.279484, 56.323534], [-6.278443, 56.323534], [-6.277401, 56.323534], [-6.276359, 56.323534], [-6.275318, 56.323534], [-6.274276, 56.323534], [-6.273234, 56.322492], [-6.272192, 56.321451], [-6.271151, 56.320409], [-6.270109, 56.321451], [-6.269068, 56.320409], [-6.268026, 56.320409], [-6.266984, 56.320409]]}, "properties": {"node_id": "os:node/C80A553D-FCF9-4CE2-A354-D48A9CE93131", "lat": 56.32402, "lon": -6.28313, "dist_m": 995, "in_scope": false, "traced": true, "path_m": 1306, "straight_m": 995, "detour": 1.31, "max_elev_crossed_m": 0.1, "min_depth_m": -4.1, "drying_px": 9, "drying_m": 735, "drying_frac": 0.562}}, {"type": "Feature", "geometry": {"type": "LineString", "coordinates": [[-3.791839, 54.856491], [-3.791839, 54.855449], [-3.792881, 54.854407], [-3.793923, 54.853366], [-3.793923, 54.852324], [-3.792881, 54.851282], [-3.792881, 54.850241], [-3.792881, 54.849199], [-3.792881, 54.848158], [-3.792881, 54.847116], [-3.792881, 54.846074]]}, "properties": {"node_id": "os:node/A96FC93D-4FDF-4B67-A746-F70A1C3523DD", "lat": 54.85597, "lon": -3.79236, "dist_m": 992, "in_scope": true, "traced": true, "path_m": 1213, "straight_m": 992, "detour": 1.22, "max_elev_crossed_m": 6.6, "min_depth_m": -0.5, "drying_px": 10, "drying_m": 1103, "drying_frac": 0.909}}, {"type": "Feature", "geometry": {"type": "LineString", "coordinates": [[-3.347997, 54.904655], [-3.349039, 54.905696], [-3.349039, 54.906738], [-3.349039, 54.90778], [-3.349039, 54.908821], [-3.350081, 54.909863], [-3.351122, 54.910905], [-3.352164, 54.911946], [-3.353206, 54.912988]]}, "properties": {"node_id": "os:node/B8F4A1B8-59D8-4427-BF49-476057B95C3D", "lat": 54.90516, "lon": -3.34764, "dist_m": 983, "in_scope": true, "traced": true, "path_m": 1017, "straight_m": 983, "detour": 1.03, "max_elev_crossed_m": 3.1, "min_depth_m": -0.2, "drying_px": 8, "drying_m": 904, "drying_frac": 0.889}}, {"type": "Feature", "geometry": {"type": "LineString", "coordinates": [[-6.328703, 57.297129], [-6.329745, 57.298171], [-6.330787, 57.298171], [-6.331828, 57.298171], [-6.33287, 57.298171], [-6.333912, 57.298171], [-6.334953, 57.299212], [-6.335995, 57.300254], [-6.337037, 57.301296], [-6.338078, 57.302337], [-6.33912, 57.302337], [-6.340162, 57.302337], [-6.341203, 57.302337]]}, "properties": {"node_id": "os:node/4FFBBBC7-E136-477F-8261-A6D693864429", "lat": 57.29764, "lon": -6.32839, "dist_m": 981, "in_scope": false, "traced": true, "path_m": 1098, "straight_m": 981, "detour": 1.12, "max_elev_crossed_m": 5.5, "min_depth_m": -0.1, "drying_px": 12, "drying_m": 1013, "drying_frac": 0.923}}, {"type": "Feature", "geometry": {"type": "LineString", "coordinates": [[-3.452209, 54.974489], [-3.451168, 54.975531], [-3.450126, 54.974489], [-3.449084, 54.974489], [-3.448042, 54.973447], [-3.447001, 54.973447], [-3.445959, 54.973447], [-3.444918, 54.972406], [-3.443876, 54.971364], [-3.442834, 54.970322], [-3.442834, 54.969281], [-3.441793, 54.968239]]}, "properties": {"node_id": "os:node/88BBAF58-F585-4B91-B88F-2BAEEBD630AE", "lat": 54.97501, "lon": -3.45273, "dist_m": 977, "in_scope": true, "traced": true, "path_m": 1252, "straight_m": 977, "detour": 1.28, "max_elev_crossed_m": 6.6, "min_depth_m": -0.1, "drying_px": 11, "drying_m": 1147, "drying_frac": 0.917}}, {"type": "Feature", "geometry": {"type": "LineString", "coordinates": [[-5.569438, 56.02674], [-5.568397, 56.025698], [-5.569438, 56.024657], [-5.57048, 56.023615], [-5.571522, 56.022573], [-5.572563, 56.021532], [-5.573605, 56.02049], [-5.574647, 56.019448], [-5.575688, 56.018407], [-5.57673, 56.017365], [-5.577772, 56.016323], [-5.578813, 56.015282], [-5.579855, 56.01424], [-5.580897, 56.01424], [-5.581938, 56.01424], [-5.58298, 56.01424], [-5.584022, 56.01424], [-5.585063, 56.01424], [-5.586105, 56.01424], [-5.587147, 56.01424], [-5.588188, 56.01424], [-5.58923, 56.01424], [-5.590272, 56.01424], [-5.591313, 56.01424], [-5.592355, 56.013198], [-5.593397, 56.013198], [-5.594438, 56.013198], [-5.59548, 56.012157]]}, "properties": {"node_id": "os:node/96578C5B-BC7E-40E3-B4CB-7979EDEC843D", "lat": 56.02622, "lon": -5.56892, "dist_m": 971, "in_scope": false, "traced": true, "path_m": 2702, "straight_m": 971, "detour": 2.78, "max_elev_crossed_m": 14.3, "min_depth_m": -2.7, "drying_px": 26, "drying_m": 2509, "drying_frac": 0.929}}, {"type": "Feature", "geometry": {"type": "LineString", "coordinates": [[-5.148159, 56.836208], [-5.148159, 56.83725], [-5.147118, 56.838291], [-5.146076, 56.838291], [-5.145034, 56.838291], [-5.143992, 56.838291], [-5.142951, 56.838291], [-5.141909, 56.839333], [-5.140868, 56.839333], [-5.139826, 56.839333], [-5.138784, 56.839333], [-5.137742, 56.839333], [-5.136701, 56.839333], [-5.135659, 56.838291]]}, "properties": {"node_id": "os:node/9E9DA057-090B-48B6-8DC3-8A9054BA05AA", "lat": 56.83638, "lon": -5.14868, "dist_m": 962, "in_scope": false, "traced": true, "path_m": 1083, "straight_m": 962, "detour": 1.13, "max_elev_crossed_m": 10.7, "min_depth_m": -14.6, "drying_px": 7, "drying_m": 542, "drying_frac": 0.5}}, {"type": "Feature", "geometry": {"type": "LineString", "coordinates": [[-4.928397, 56.270229], [-4.929439, 56.269187], [-4.93048, 56.268146], [-4.93048, 56.267104], [-4.931522, 56.266062], [-4.931522, 56.265021], [-4.932564, 56.263979], [-4.932564, 56.262938], [-4.933605, 56.261896]]}, "properties": {"node_id": "os:node/A530C46B-36C3-4471-A361-CE7B45EAD144", "lat": 56.27075, "lon": -4.92847, "dist_m": 962, "in_scope": false, "traced": true, "path_m": 1011, "straight_m": 962, "detour": 1.05, "max_elev_crossed_m": 0.0, "min_depth_m": -0.5, "drying_px": 7, "drying_m": 786, "drying_frac": 0.778}}, {"type": "Feature", "geometry": {"type": "LineString", "coordinates": [[-4.255069, 54.843921], [-4.255069, 54.842879], [-4.255069, 54.841838], [-4.256111, 54.840796], [-4.256111, 54.839754], [-4.256111, 54.838712], [-4.256111, 54.837671], [-4.256111, 54.836629], [-4.255069, 54.835588], [-4.254028, 54.834546], [-4.254028, 54.833504], [-4.252986, 54.832462], [-4.252986, 54.831421]]}, "properties": {"node_id": "os:node/6B20017F-56E7-4791-93D1-CF95715A8DF3", "lat": 54.8434, "lon": -4.25559, "dist_m": 959, "in_scope": false, "traced": true, "path_m": 1463, "straight_m": 959, "detour": 1.53, "max_elev_crossed_m": 3.1, "min_depth_m": -0.2, "drying_px": 12, "drying_m": 1350, "drying_frac": 0.923}}, {"type": "Feature", "geometry": {"type": "LineString", "coordinates": [[-7.058396, 57.970009], [-7.059438, 57.968967], [-7.059438, 57.967926], [-7.06048, 57.966884], [-7.06048, 57.965842], [-7.061521, 57.964801], [-7.061521, 57.963759], [-7.061521, 57.962717]]}, "properties": {"node_id": "os:node/9E675885-030A-4239-87F9-0C51839CBBA1", "lat": 57.97053, "lon": -7.05856, "dist_m": 957, "in_scope": false, "traced": true, "path_m": 858, "straight_m": 957, "detour": 0.9, "max_elev_crossed_m": 6.0, "min_depth_m": -0.1, "drying_px": 7, "drying_m": 750, "drying_frac": 0.875}}, {"type": "Feature", "geometry": {"type": "LineString", "coordinates": [[1.379241, 51.313759], [1.380282, 51.313759], [1.381324, 51.313759], [1.382366, 51.312717], [1.383407, 51.311676], [1.384449, 51.310634], [1.385491, 51.309592], [1.386532, 51.308551], [1.387574, 51.307509], [1.388616, 51.307509]]}, "properties": {"node_id": "os:node/7AA0667A-D397-4FE8-ADD5-49AB2ACCA2B2", "lat": 51.31428, "lon": 1.37872, "dist_m": 955, "in_scope": true, "traced": true, "path_m": 1038, "straight_m": 955, "detour": 1.09, "max_elev_crossed_m": 1.3, "min_depth_m": -0.0, "drying_px": 9, "drying_m": 934, "drying_frac": 0.9}}, {"type": "Feature", "geometry": {"type": "LineString", "coordinates": [[-2.675861, 51.546466], [-2.676903, 51.547508], [-2.677944, 51.547508], [-2.678986, 51.547508], [-2.680028, 51.547508], [-2.681069, 51.547508], [-2.682111, 51.547508], [-2.683153, 51.547508], [-2.684194, 51.548549], [-2.685236, 51.548549], [-2.686278, 51.548549], [-2.687319, 51.548549]]}, "properties": {"node_id": "os:node/94051944-D435-497B-88C2-6273C523B752", "lat": 51.54668, "lon": -2.67562, "dist_m": 955, "in_scope": true, "traced": true, "path_m": 922, "straight_m": 955, "detour": 0.97, "max_elev_crossed_m": 6.0, "min_depth_m": -0.0, "drying_px": 11, "drying_m": 845, "drying_frac": 0.917}}, {"type": "Feature", "geometry": {"type": "LineString", "coordinates": [[-5.806141, 57.438409], [-5.807183, 57.439451], [-5.808225, 57.438409], [-5.809266, 57.437367], [-5.810308, 57.437367], [-5.81135, 57.437367], [-5.812391, 57.437367], [-5.813433, 57.437367], [-5.814475, 57.437367], [-5.815516, 57.437367], [-5.816558, 57.436326], [-5.8176, 57.436326], [-5.818641, 57.435284], [-5.819683, 57.434242]]}, "properties": {"node_id": "os:node/7F9FFE8A-B0E5-4416-851F-E68C1ADA6D7B", "lat": 57.43893, "lon": -5.80649, "dist_m": 953, "in_scope": false, "traced": true, "path_m": 1227, "straight_m": 953, "detour": 1.29, "max_elev_crossed_m": 6.5, "min_depth_m": -0.1, "drying_px": 12, "drying_m": 1052, "drying_frac": 0.857}}, {"type": "Feature", "geometry": {"type": "LineString", "coordinates": [[-3.335047, 54.972801], [-3.336089, 54.972801], [-3.33713, 54.972801], [-3.338172, 54.973842], [-3.339214, 54.973842], [-3.340255, 54.973842], [-3.341297, 54.973842], [-3.342339, 54.972801], [-3.34338, 54.971759], [-3.34338, 54.970717], [-3.34338, 54.969676], [-3.34338, 54.968634], [-3.344422, 54.967592], [-3.345464, 54.966551], [-3.345464, 54.965509]]}, "properties": {"node_id": "os:node/D7D905F9-3376-4E04-9AE5-A35822AFE217", "lat": 54.97228, "lon": -3.33503, "dist_m": 949, "in_scope": true, "traced": true, "path_m": 1465, "straight_m": 949, "detour": 1.54, "max_elev_crossed_m": 5.5, "min_depth_m": -0.1, "drying_px": 13, "drying_m": 1270, "drying_frac": 0.867}}, {"type": "Feature", "geometry": {"type": "LineString", "coordinates": [[-6.882529, 57.795179], [-6.881488, 57.795179], [-6.880446, 57.795179], [-6.879404, 57.795179], [-6.878363, 57.794137], [-6.877321, 57.793096], [-6.876279, 57.792054], [-6.876279, 57.791012], [-6.875238, 57.789971], [-6.875237, 57.788929]]}, "properties": {"node_id": "os:node/AC5E53CD-325E-4B50-B0F6-4EA68F6687D2", "lat": 57.7957, "lon": -6.88305, "dist_m": 947, "in_scope": false, "traced": true, "path_m": 943, "straight_m": 947, "detour": 1.0, "max_elev_crossed_m": 6.4, "min_depth_m": -25.4, "drying_px": 8, "drying_m": 754, "drying_frac": 0.8}}, {"type": "Feature", "geometry": {"type": "LineString", "coordinates": [[-7.06648, 57.802271], [-7.067521, 57.801229], [-7.068563, 57.800187], [-7.069605, 57.800187], [-7.070646, 57.800187], [-7.071688, 57.800187], [-7.07273, 57.800187], [-7.073771, 57.800187], [-7.074813, 57.800187], [-7.075855, 57.800187], [-7.076896, 57.799146], [-7.077938, 57.798104], [-7.07898, 57.797062]]}, "properties": {"node_id": "os:node/D01EA0BA-2EE8-47E6-A506-0BD7E20E9B0D", "lat": 57.80175, "lon": -7.0664, "dist_m": 941, "in_scope": false, "traced": true, "path_m": 1089, "straight_m": 941, "detour": 1.16, "max_elev_crossed_m": 3.8, "min_depth_m": -0.2, "drying_px": 11, "drying_m": 922, "drying_frac": 0.846}}, {"type": "Feature", "geometry": {"type": "LineString", "coordinates": [[-5.728339, 57.698593], [-5.727298, 57.698593], [-5.726256, 57.699635], [-5.725214, 57.699635], [-5.724173, 57.699635], [-5.723131, 57.699635], [-5.722089, 57.700676], [-5.722089, 57.701718], [-5.723131, 57.70276], [-5.724173, 57.703801], [-5.725214, 57.704843], [-5.725214, 57.705885], [-5.724173, 57.706926], [-5.723131, 57.707968]]}, "properties": {"node_id": "os:node/140450E0-A0DF-408F-9D97-C4226A81B6A5", "lat": 57.69872, "lon": -5.72886, "dist_m": 939, "in_scope": false, "traced": true, "path_m": 1400, "straight_m": 939, "detour": 1.49, "max_elev_crossed_m": 2.3, "min_depth_m": -0.6, "drying_px": 12, "drying_m": 1200, "drying_frac": 0.857}}, {"type": "Feature", "geometry": {"type": "LineString", "coordinates": [[-6.624089, 57.436617], [-6.623048, 57.437659], [-6.622006, 57.437659], [-6.620964, 57.437659], [-6.619923, 57.4387], [-6.618881, 57.439742], [-6.618881, 57.440784], [-6.618881, 57.441825], [-6.618881, 57.442867], [-6.618881, 57.443909], [-6.619923, 57.44495]]}, "properties": {"node_id": "os:node/E2823CDC-BFDD-4BFA-B8CE-2AE75D669B12", "lat": 57.43683, "lon": -6.62461, "dist_m": 938, "in_scope": false, "traced": true, "path_m": 1115, "straight_m": 938, "detour": 1.19, "max_elev_crossed_m": 0.4, "min_depth_m": -2.0, "drying_px": 8, "drying_m": 811, "drying_frac": 0.727}}, {"type": "Feature", "geometry": {"type": "LineString", "coordinates": [[-5.777109, 56.716119], [-5.778151, 56.715078], [-5.778151, 56.714036], [-5.778151, 56.712994], [-5.778151, 56.711952], [-5.778151, 56.710911], [-5.777109, 56.709869], [-5.777109, 56.708828]]}, "properties": {"node_id": "os:node/E8710EBF-27D2-4D8F-8B94-BE409C6ED0AB", "lat": 56.71664, "lon": -5.77763, "dist_m": 938, "in_scope": false, "traced": true, "path_m": 844, "straight_m": 938, "detour": 0.9, "max_elev_crossed_m": 4.5, "min_depth_m": -13.8, "drying_px": 7, "drying_m": 739, "drying_frac": 0.875}}, {"type": "Feature", "geometry": {"type": "LineString", "coordinates": [[-5.054893, 58.247251], [-5.054893, 58.248293], [-5.055934, 58.249335], [-5.056976, 58.250376], [-5.055934, 58.251418], [-5.054893, 58.25246], [-5.053851, 58.253501], [-5.052809, 58.254543], [-5.051768, 58.255585], [-5.052809, 58.256626], [-5.053851, 58.256626], [-5.054893, 58.256626], [-5.055934, 58.256626], [-5.056976, 58.256626], [-5.058018, 58.256626], [-5.059059, 58.257668], [-5.060101, 58.257668]]}, "properties": {"node_id": "os:node/2E760A27-61FA-488A-B3E2-95911562EE5E", "lat": 58.2471, "lon": -5.0546, "dist_m": 927, "in_scope": false, "traced": true, "path_m": 1661, "straight_m": 927, "detour": 1.79, "max_elev_crossed_m": 5.5, "min_depth_m": -43.3, "drying_px": 13, "drying_m": 1270, "drying_frac": 0.765}}, {"type": "Feature", "geometry": {"type": "LineString", "coordinates": [[-1.289719, 59.920209], [-1.288678, 59.919167], [-1.287636, 59.919167], [-1.286594, 59.919167], [-1.285552, 59.919167], [-1.284511, 59.918126], [-1.283469, 59.917084], [-1.282428, 59.916042], [-1.281386, 59.916042], [-1.280344, 59.916042], [-1.279303, 59.915001], [-1.278261, 59.915001], [-1.277219, 59.915001], [-1.276178, 59.915001], [-1.275136, 59.915001], [-1.274094, 59.913959]]}, "properties": {"node_id": "os:node/5EF9281A-B142-4132-9936-2CB0126E7BC6", "lat": 59.92073, "lon": -1.29024, "dist_m": 923, "in_scope": false, "traced": true, "path_m": 1301, "straight_m": 923, "detour": 1.41, "max_elev_crossed_m": 3.6, "min_depth_m": -3.1, "drying_px": 15, "drying_m": 1220, "drying_frac": 0.938}}, {"type": "Feature", "geometry": {"type": "LineString", "coordinates": [[-3.032067, 51.511089], [-3.032067, 51.510047], [-3.032067, 51.509006], [-3.032067, 51.507964], [-3.032067, 51.506922], [-3.033108, 51.505881], [-3.03415, 51.504839]]}, "properties": {"node_id": "os:node/52558D7B-70CA-46CC-95C6-424C0FAF22B1", "lat": 51.51161, "lon": -3.03184, "dist_m": 922, "in_scope": false, "traced": true, "path_m": 737, "straight_m": 922, "detour": 0.8, "max_elev_crossed_m": 1.4, "min_depth_m": -0.0, "drying_px": 6, "drying_m": 632, "drying_frac": 0.857}}, {"type": "Feature", "geometry": {"type": "LineString", "coordinates": [[-6.535929, 57.408739], [-6.534888, 57.407698], [-6.533846, 57.406656], [-6.532804, 57.405614], [-6.531763, 57.404572], [-6.530721, 57.403531], [-6.530721, 57.402489], [-6.530721, 57.401448], [-6.530721, 57.400406]]}, "properties": {"node_id": "os:node/24431CBD-D983-47E6-BE94-C1DFB7623358", "lat": 57.40926, "lon": -6.53645, "dist_m": 918, "in_scope": false, "traced": true, "path_m": 1006, "straight_m": 918, "detour": 1.1, "max_elev_crossed_m": 1.5, "min_depth_m": -0.1, "drying_px": 8, "drying_m": 895, "drying_frac": 0.889}}, {"type": "Feature", "geometry": {"type": "LineString", "coordinates": [[1.507621, 52.546119], [1.506579, 52.545077], [1.507621, 52.544036], [1.508662, 52.542994], [1.509704, 52.542994], [1.510746, 52.542994], [1.511787, 52.542994], [1.512829, 52.542994], [1.513871, 52.542994], [1.514912, 52.541952], [1.515954, 52.540911], [1.516996, 52.540911], [1.518037, 52.540911], [1.519079, 52.540911], [1.520121, 52.541952]]}, "properties": {"node_id": "os:node/DFE60851-BBB0-4DD7-8513-9C412D90982E", "lat": 52.54664, "lon": 1.5071, "dist_m": 913, "in_scope": true, "traced": true, "path_m": 1378, "straight_m": 913, "detour": 1.51, "max_elev_crossed_m": 6.2, "min_depth_m": -2.2, "drying_px": 6, "drying_m": 551, "drying_frac": 0.4}}, {"type": "Feature", "geometry": {"type": "LineString", "coordinates": [[-5.585549, 56.037951], [-5.586591, 56.036909], [-5.587633, 56.035867], [-5.587633, 56.034826], [-5.588674, 56.033784], [-5.589716, 56.032742], [-5.590758, 56.031701], [-5.590758, 56.030659], [-5.590758, 56.029618], [-5.590758, 56.028576], [-5.589716, 56.027534]]}, "properties": {"node_id": "os:node/E8400B0D-9012-4180-82BD-45D4207D98F9", "lat": 56.03743, "lon": -5.58607, "dist_m": 913, "in_scope": false, "traced": true, "path_m": 1261, "straight_m": 913, "detour": 1.38, "max_elev_crossed_m": 3.6, "min_depth_m": -9.6, "drying_px": 8, "drying_m": 917, "drying_frac": 0.727}}, {"type": "Feature", "geometry": {"type": "LineString", "coordinates": [[-5.602885, 57.768027], [-5.602885, 57.769069], [-5.602885, 57.77011], [-5.603927, 57.771152], [-5.604968, 57.771152], [-5.60601, 57.771152], [-5.607052, 57.771152], [-5.608093, 57.771152], [-5.609135, 57.772194], [-5.609135, 57.773235], [-5.610177, 57.774277], [-5.611218, 57.774277], [-5.61226, 57.774277], [-5.613302, 57.774277], [-5.614343, 57.775319]]}, "properties": {"node_id": "os:node/7AC87D28-E7CA-4FD2-884A-2BB761AC727C", "lat": 57.76793, "lon": -5.60339, "dist_m": 905, "in_scope": false, "traced": true, "path_m": 1306, "straight_m": 905, "detour": 1.44, "max_elev_crossed_m": 2.2, "min_depth_m": -0.9, "drying_px": 13, "drying_m": 1132, "drying_frac": 0.867}}, {"type": "Feature", "geometry": {"type": "LineString", "coordinates": [[-1.341779, 60.50306], [-1.340738, 60.502018], [-1.339696, 60.502018], [-1.338654, 60.502018], [-1.337613, 60.502018], [-1.336571, 60.50306], [-1.335529, 60.50306], [-1.334488, 60.502018], [-1.333446, 60.502018], [-1.332404, 60.50306], [-1.332404, 60.504102], [-1.332404, 60.505143], [-1.331363, 60.506185], [-1.330321, 60.506185], [-1.329279, 60.505143], [-1.328238, 60.505143], [-1.327196, 60.505143], [-1.326154, 60.506185]]}, "properties": {"node_id": "os:node/687DF90D-574E-4F0A-96D6-6F3504D73E69", "lat": 60.50356, "lon": -1.3423, "dist_m": 905, "in_scope": false, "traced": true, "path_m": 1593, "straight_m": 905, "detour": 1.76, "max_elev_crossed_m": 0.6, "min_depth_m": -0.3, "drying_px": 14, "drying_m": 1239, "drying_frac": 0.778}}, {"type": "Feature", "geometry": {"type": "LineString", "coordinates": [[-6.841378, 58.196646], [-6.841378, 58.197687], [-6.841378, 58.198729], [-6.842419, 58.199771], [-6.843461, 58.200812], [-6.844503, 58.201854], [-6.845544, 58.202896], [-6.846586, 58.203937], [-6.847628, 58.204979]]}, "properties": {"node_id": "os:node/02C5D15D-1993-4F02-8D0F-AC543566A7DB", "lat": 58.19684, "lon": -6.84183, "dist_m": 902, "in_scope": false, "traced": true, "path_m": 1018, "straight_m": 902, "detour": 1.13, "max_elev_crossed_m": 4.6, "min_depth_m": -0.2, "drying_px": 8, "drying_m": 905, "drying_frac": 0.889}}, {"type": "Feature", "geometry": {"type": "LineString", "coordinates": [[-6.533329, 57.410071], [-6.534371, 57.409029], [-6.533329, 57.407988], [-6.533329, 57.406946], [-6.532288, 57.405904], [-6.531246, 57.404862], [-6.530204, 57.403821], [-6.530204, 57.402779], [-6.530204, 57.401738], [-6.530204, 57.400696]]}, "properties": {"node_id": "os:node/CC629E9F-BBC5-44FB-B36F-01634FBCC622", "lat": 57.40955, "lon": -6.53385, "dist_m": 893, "in_scope": false, "traced": true, "path_m": 1122, "straight_m": 893, "detour": 1.26, "max_elev_crossed_m": 1.5, "min_depth_m": -0.1, "drying_px": 9, "drying_m": 1010, "drying_frac": 0.9}}, {"type": "Feature", "geometry": {"type": "LineString", "coordinates": [[-5.732643, 56.891679], [-5.733684, 56.891679], [-5.734726, 56.891679], [-5.735768, 56.892721], [-5.736809, 56.892721], [-5.737851, 56.891679], [-5.738893, 56.891679], [-5.739934, 56.890638], [-5.740976, 56.889596], [-5.742018, 56.888554], [-5.743059, 56.887512], [-5.744101, 56.887512], [-5.745143, 56.886471]]}, "properties": {"node_id": "os:node/0F3E7381-54F2-45F3-947A-482ABB43EA68", "lat": 56.8922, "lon": -5.73265, "dist_m": 893, "in_scope": false, "traced": true, "path_m": 1242, "straight_m": 893, "detour": 1.39, "max_elev_crossed_m": 5.5, "min_depth_m": -32.1, "drying_px": 10, "drying_m": 955, "drying_frac": 0.769}}, {"type": "Feature", "geometry": {"type": "LineString", "coordinates": [[-6.400569, 57.360231], [-6.40161, 57.359189], [-6.402652, 57.358147], [-6.403694, 57.357106], [-6.404735, 57.356064], [-6.405777, 57.355022], [-6.406819, 57.353981], [-6.40786, 57.352939], [-6.408902, 57.352939]]}, "properties": {"node_id": "os:node/30434D49-8ACE-4FCC-ADE8-F6EF01C765B7", "lat": 57.35971, "lon": -6.40018, "dist_m": 875, "in_scope": false, "traced": true, "path_m": 985, "straight_m": 875, "detour": 1.13, "max_elev_crossed_m": 1.4, "min_depth_m": -0.2, "drying_px": 7, "drying_m": 766, "drying_frac": 0.778}}, {"type": "Feature", "geometry": {"type": "LineString", "coordinates": [[-3.125349, 58.926779], [-3.124308, 58.926779], [-3.123266, 58.925738], [-3.122224, 58.925738], [-3.121183, 58.924696], [-3.120141, 58.924696], [-3.119099, 58.924696], [-3.118058, 58.923654], [-3.117016, 58.923654], [-3.115974, 58.923654], [-3.114933, 58.923654]]}, "properties": {"node_id": "os:node/208914E9-6687-4851-A69D-7D07EB117BEF", "lat": 58.9273, "lon": -3.12587, "dist_m": 873, "in_scope": false, "traced": true, "path_m": 810, "straight_m": 873, "detour": 0.93, "max_elev_crossed_m": 3.0, "min_depth_m": -1.8, "drying_px": 9, "drying_m": 663, "drying_frac": 0.818}}, {"type": "Feature", "geometry": {"type": "LineString", "coordinates": [[-2.682652, 51.536012], [-2.683694, 51.537054], [-2.684735, 51.538095], [-2.685777, 51.539137], [-2.686819, 51.540179], [-2.68786, 51.54122], [-2.688902, 51.542262], [-2.689944, 51.543304]]}, "properties": {"node_id": "os:node/97F6E5FD-ED29-4B54-B464-18E1407DE78B", "lat": 51.53652, "lon": -2.68295, "dist_m": 870, "in_scope": true, "traced": true, "path_m": 956, "straight_m": 870, "detour": 1.1, "max_elev_crossed_m": 7.6, "min_depth_m": -0.1, "drying_px": 7, "drying_m": 836, "drying_frac": 0.875}}, {"type": "Feature", "geometry": {"type": "LineString", "coordinates": [[-1.294679, 60.252429], [-1.293637, 60.251387], [-1.294679, 60.250346], [-1.294679, 60.249304], [-1.294679, 60.248262], [-1.294679, 60.247221], [-1.294679, 60.246179]]}, "properties": {"node_id": "os:node/43BAAD9D-2CA7-4669-BB6D-81382CF5E55B", "lat": 60.25295, "lon": -1.29423, "dist_m": 869, "in_scope": false, "traced": true, "path_m": 723, "straight_m": 869, "detour": 0.83, "max_elev_crossed_m": 8.5, "min_depth_m": -0.2, "drying_px": 5, "drying_m": 516, "drying_frac": 0.714}}, {"type": "Feature", "geometry": {"type": "LineString", "coordinates": [[-4.18327, 54.807551], [-4.18327, 54.806509], [-4.184312, 54.805467], [-4.185354, 54.805467], [-4.186395, 54.804426], [-4.187437, 54.803384], [-4.186395, 54.802342], [-4.187437, 54.801301], [-4.187437, 54.800259], [-4.188479, 54.799217]]}, "properties": {"node_id": "os:node/1ED16580-62B6-4FA4-A60C-335287C0F03E", "lat": 54.80703, "lon": -4.18335, "dist_m": 867, "in_scope": false, "traced": true, "path_m": 1102, "straight_m": 867, "detour": 1.27, "max_elev_crossed_m": 4.4, "min_depth_m": -0.2, "drying_px": 7, "drying_m": 771, "drying_frac": 0.7}}, {"type": "Feature", "geometry": {"type": "LineString", "coordinates": [[-1.353759, 60.51649], [-1.352718, 60.517531], [-1.351676, 60.518573], [-1.350634, 60.519615], [-1.349593, 60.520656], [-1.348551, 60.520656], [-1.347509, 60.520656], [-1.346468, 60.519615], [-1.345426, 60.519615], [-1.344384, 60.519615], [-1.343343, 60.519615], [-1.342301, 60.519615], [-1.341259, 60.519615], [-1.340218, 60.519615]]}, "properties": {"node_id": "os:node/C7553121-A553-4BB6-89AD-4BCB45914829", "lat": 60.51669, "lon": -1.35428, "dist_m": 865, "in_scope": false, "traced": true, "path_m": 1103, "straight_m": 865, "detour": 1.27, "max_elev_crossed_m": 2.5, "min_depth_m": -0.3, "drying_px": 12, "drying_m": 945, "drying_frac": 0.857}}, {"type": "Feature", "geometry": {"type": "LineString", "coordinates": [[-4.271169, 58.525287], [-4.270128, 58.525287], [-4.269086, 58.526329], [-4.268044, 58.526329], [-4.267003, 58.526329], [-4.265961, 58.526329], [-4.264919, 58.525287], [-4.264919, 58.524246], [-4.264919, 58.523204], [-4.263878, 58.523204], [-4.262836, 58.523204], [-4.261794, 58.524246], [-4.260753, 58.525287], [-4.259711, 58.526329], [-4.258669, 58.527371], [-4.257628, 58.528412]]}, "properties": {"node_id": "os:node/F9D5A293-1560-4992-BF13-75FD18A4ABC4", "lat": 58.52559, "lon": -4.27169, "dist_m": 865, "in_scope": false, "traced": true, "path_m": 1511, "straight_m": 865, "detour": 1.75, "max_elev_crossed_m": 2.9, "min_depth_m": -1.6, "drying_px": 13, "drying_m": 1228, "drying_frac": 0.812}}, {"type": "Feature", "geometry": {"type": "LineString", "coordinates": [[-6.45982, 58.019721], [-6.45982, 58.018679], [-6.45982, 58.017637], [-6.460862, 58.016596], [-6.461904, 58.015554], [-6.462945, 58.014512], [-6.462945, 58.013471], [-6.462945, 58.012429], [-6.462945, 58.011387]]}, "properties": {"node_id": "os:node/C3EB5C07-6AAA-47F6-A7CE-051A99F4CAAC", "lat": 58.0192, "lon": -6.45985, "dist_m": 863, "in_scope": false, "traced": true, "path_m": 973, "straight_m": 863, "detour": 1.13, "max_elev_crossed_m": 5.6, "min_depth_m": -20.2, "drying_px": 8, "drying_m": 865, "drying_frac": 0.889}}, {"type": "Feature", "geometry": {"type": "LineString", "coordinates": [[-4.54867, 53.253979], [-4.549711, 53.253979], [-4.550753, 53.253979], [-4.551795, 53.253979], [-4.552836, 53.252937], [-4.553878, 53.251896], [-4.55492, 53.250854], [-4.55492, 53.249812], [-4.553878, 53.248771], [-4.552836, 53.247729]]}, "properties": {"node_id": "os:node/4E5B6B88-22F7-4121-A665-7FA1F5D5E529", "lat": 53.2545, "lon": -4.54858, "dist_m": 860, "in_scope": true, "traced": true, "path_m": 1000, "straight_m": 860, "detour": 1.16, "max_elev_crossed_m": 4.8, "min_depth_m": -0.1, "drying_px": 9, "drying_m": 900, "drying_frac": 0.9}}, {"type": "Feature", "geometry": {"type": "LineString", "coordinates": [[-2.825979, 58.922667], [-2.825979, 58.923708], [-2.825979, 58.92475], [-2.825979, 58.925792], [-2.827021, 58.926833], [-2.827021, 58.927875], [-2.825979, 58.928917], [-2.824937, 58.929958], [-2.824937, 58.931]]}, "properties": {"node_id": "os:node/539ADB1F-AEEF-4E25-AC8E-714FCE1890BD", "lat": 58.92221, "lon": -2.8265, "dist_m": 858, "in_scope": false, "traced": true, "path_m": 971, "straight_m": 858, "detour": 1.13, "max_elev_crossed_m": 3.9, "min_depth_m": -1.0, "drying_px": 7, "drying_m": 755, "drying_frac": 0.778}}, {"type": "Feature", "geometry": {"type": "LineString", "coordinates": [[-4.040707, 57.562439], [-4.041748, 57.561397], [-4.04279, 57.561397], [-4.043832, 57.561397], [-4.044873, 57.561397], [-4.045915, 57.562439], [-4.046957, 57.562439], [-4.047998, 57.563481], [-4.04904, 57.563481], [-4.050082, 57.564522], [-4.051123, 57.565564], [-4.052165, 57.566606], [-4.053207, 57.567647], [-4.054248, 57.567647]]}, "properties": {"node_id": "os:node/F160740F-B1D5-40E3-AAE5-F8840FF67B7B", "lat": 57.56195, "lon": -4.04053, "dist_m": 857, "in_scope": false, "traced": true, "path_m": 1294, "straight_m": 857, "detour": 1.51, "max_elev_crossed_m": 5.0, "min_depth_m": -0.1, "drying_px": 11, "drying_m": 1017, "drying_frac": 0.786}}, {"type": "Feature", "geometry": {"type": "LineString", "coordinates": [[-6.612662, 57.950429], [-6.61162, 57.949387], [-6.61162, 57.948346], [-6.612662, 57.947304], [-6.613703, 57.947304], [-6.614745, 57.946262], [-6.615787, 57.945221], [-6.616828, 57.944179]]}, "properties": {"node_id": "os:node/1588A8F3-CB68-4407-B813-0817C0757F86", "lat": 57.95095, "lon": -6.61232, "dist_m": 853, "in_scope": false, "traced": true, "path_m": 834, "straight_m": 853, "detour": 0.98, "max_elev_crossed_m": 6.3, "min_depth_m": -10.3, "drying_px": 6, "drying_m": 625, "drying_frac": 0.75}}, {"type": "Feature", "geometry": {"type": "LineString", "coordinates": [[-1.639212, 60.228999], [-1.640253, 60.228999], [-1.641295, 60.228999], [-1.642337, 60.227958], [-1.643378, 60.227958], [-1.64442, 60.226916], [-1.64442, 60.225874], [-1.645462, 60.224833], [-1.646503, 60.224833], [-1.647545, 60.223791]]}, "properties": {"node_id": "os:node/C0C3D74C-AC92-44BC-A62C-69D9455491F8", "lat": 60.22952, "lon": -1.6391, "dist_m": 853, "in_scope": false, "traced": true, "path_m": 864, "straight_m": 853, "detour": 1.01, "max_elev_crossed_m": 1.9, "min_depth_m": -0.7, "drying_px": 5, "drying_m": 432, "drying_frac": 0.5}}, {"type": "Feature", "geometry": {"type": "LineString", "coordinates": [[0.103941, 52.912151], [0.103941, 52.913193], [0.103941, 52.914235], [0.103941, 52.915276], [0.103941, 52.916318], [0.103941, 52.91736], [0.103941, 52.918401], [0.103941, 52.919443], [0.103941, 52.920485], [0.103941, 52.921526], [0.103941, 52.922568], [0.103941, 52.92361], [0.103941, 52.924651]]}, "properties": {"node_id": "os:node/892EAEB8-F625-48A7-A8DF-20C46A20C083", "lat": 52.91175, "lon": 0.10342, "dist_m": 849, "in_scope": true, "traced": true, "path_m": 1392, "straight_m": 849, "detour": 1.64, "max_elev_crossed_m": 2.4, "min_depth_m": -0.2, "drying_px": 11, "drying_m": 1177, "drying_frac": 0.846}}, {"type": "Feature", "geometry": {"type": "LineString", "coordinates": [[-6.932509, 58.188053], [-6.932509, 58.189095], [-6.932509, 58.190137], [-6.932509, 58.191178], [-6.933551, 58.19222], [-6.933551, 58.193262], [-6.934593, 58.194303], [-6.933551, 58.195345], [-6.932509, 58.196387], [-6.931468, 58.196387], [-6.930426, 58.197428], [-6.929384, 58.19847], [-6.928343, 58.199512], [-6.927301, 58.199512], [-6.926259, 58.199512], [-6.925218, 58.199512], [-6.924176, 58.199512], [-6.923134, 58.200553], [-6.922093, 58.200553], [-6.921051, 58.200553], [-6.920009, 58.200553]]}, "properties": {"node_id": "os:node/D42590C5-D578-435C-A5D1-0C924E2DD18F", "lat": 58.18776, "lon": -6.93303, "dist_m": 847, "in_scope": false, "traced": true, "path_m": 2002, "straight_m": 847, "detour": 2.36, "max_elev_crossed_m": 2.5, "min_depth_m": -0.0, "drying_px": 20, "drying_m": 1906, "drying_frac": 0.952}}, {"type": "Feature", "geometry": {"type": "LineString", "coordinates": [[-3.228239, 58.870009], [-3.227198, 58.871051], [-3.226156, 58.871051], [-3.225114, 58.871051], [-3.224073, 58.872092], [-3.223031, 58.872092], [-3.221989, 58.871051], [-3.220948, 58.872092], [-3.219906, 58.873134], [-3.218864, 58.873134], [-3.217823, 58.873134], [-3.216781, 58.873134], [-3.215739, 58.873134], [-3.214698, 58.873134], [-3.213656, 58.873134], [-3.212614, 58.873134], [-3.211573, 58.873134], [-3.210531, 58.873134], [-3.209489, 58.872092], [-3.208448, 58.872093]]}, "properties": {"node_id": "os:node/5EAB5108-96E7-46DA-B492-17E0D5CCBECA", "lat": 58.87053, "lon": -3.22876, "dist_m": 844, "in_scope": false, "traced": true, "path_m": 1563, "straight_m": 844, "detour": 1.85, "max_elev_crossed_m": 4.0, "min_depth_m": -1.9, "drying_px": 17, "drying_m": 1328, "drying_frac": 0.85}}, {"type": "Feature", "geometry": {"type": "LineString", "coordinates": [[-0.250718, 53.729709], [-0.249676, 53.729709], [-0.248635, 53.728667], [-0.248635, 53.727626], [-0.248635, 53.726584], [-0.248635, 53.725542], [-0.248635, 53.724501], [-0.248635, 53.723459], [-0.249676, 53.722417]]}, "properties": {"node_id": "os:node/F8D046FB-60C5-4CD0-A22F-975CD39BA6FF", "lat": 53.73023, "lon": -0.2503, "dist_m": 841, "in_scope": true, "traced": true, "path_m": 918, "straight_m": 841, "detour": 1.09, "max_elev_crossed_m": 4.8, "min_depth_m": -0.2, "drying_px": 6, "drying_m": 612, "drying_frac": 0.667}}, {"type": "Feature", "geometry": {"type": "LineString", "coordinates": [[-1.340169, 60.502018], [-1.339128, 60.500977], [-1.338086, 60.500977], [-1.337044, 60.502018], [-1.336003, 60.502018], [-1.334961, 60.500977], [-1.333919, 60.500977], [-1.332878, 60.502018], [-1.332878, 60.50306], [-1.332878, 60.504102], [-1.331836, 60.505143], [-1.330794, 60.505143], [-1.329753, 60.504102], [-1.328711, 60.504102], [-1.327669, 60.504102], [-1.326628, 60.505143], [-1.325586, 60.504102], [-1.325586, 60.50306]]}, "properties": {"node_id": "os:node/610475EB-88A5-48F4-9736-3170494B0BE5", "lat": 60.50179, "lon": -1.34069, "dist_m": 841, "in_scope": false, "traced": true, "path_m": 1724, "straight_m": 841, "detour": 2.05, "max_elev_crossed_m": 2.7, "min_depth_m": -0.3, "drying_px": 13, "drying_m": 1245, "drying_frac": 0.722}}, {"type": "Feature", "geometry": {"type": "LineString", "coordinates": [[-7.044399, 58.052032], [-7.045441, 58.053073], [-7.046483, 58.053073], [-7.047524, 58.053073], [-7.048566, 58.052032], [-7.049608, 58.052032], [-7.050649, 58.053073], [-7.051691, 58.053073], [-7.052733, 58.053073], [-7.053774, 58.053073], [-7.054816, 58.053073], [-7.055858, 58.053073], [-7.056899, 58.053073], [-7.057941, 58.052032], [-7.058983, 58.052032]]}, "properties": {"node_id": "os:node/0F8B5A6D-A42C-4265-AF26-05218FFD0F27", "lat": 58.05239, "lon": -7.04439, "dist_m": 839, "in_scope": false, "traced": true, "path_m": 1138, "straight_m": 839, "detour": 1.36, "max_elev_crossed_m": 4.7, "min_depth_m": -2.3, "drying_px": 14, "drying_m": 1062, "drying_frac": 0.933}}, {"type": "Feature", "geometry": {"type": "LineString", "coordinates": [[-3.126619, 58.923989], [-3.125578, 58.922947], [-3.124536, 58.922947], [-3.123494, 58.922947], [-3.122452, 58.922947], [-3.121411, 58.921906], [-3.120369, 58.921906], [-3.119328, 58.921906], [-3.118286, 58.922947], [-3.117244, 58.922947], [-3.116202, 58.922947], [-3.115161, 58.922947]]}, "properties": {"node_id": "os:node/56CCC60B-886C-4F06-8B78-F0A1ED032175", "lat": 58.92451, "lon": -3.12714, "dist_m": 836, "in_scope": false, "traced": true, "path_m": 870, "straight_m": 836, "detour": 1.04, "max_elev_crossed_m": 4.0, "min_depth_m": -1.8, "drying_px": 9, "drying_m": 653, "drying_frac": 0.75}}, {"type": "Feature", "geometry": {"type": "LineString", "coordinates": [[-4.354169, 53.033546], [-4.354169, 53.034587], [-4.354169, 53.035629], [-4.355211, 53.036671], [-4.355211, 53.037712], [-4.356253, 53.038754], [-4.356253, 53.039796]]}, "properties": {"node_id": "os:node/68895338-1C42-4C1E-801D-1CF3AE3E3FE8", "lat": 53.03348, "lon": -4.35368, "dist_m": 835, "in_scope": true, "traced": true, "path_m": 734, "straight_m": 835, "detour": 0.88, "max_elev_crossed_m": 0.8, "min_depth_m": -0.3, "drying_px": 5, "drying_m": 525, "drying_frac": 0.714}}, {"type": "Feature", "geometry": {"type": "LineString", "coordinates": [[-5.168119, 51.715551], [-5.167078, 51.714509], [-5.166036, 51.713467], [-5.164994, 51.712426], [-5.163953, 51.711384], [-5.162911, 51.711384], [-5.161869, 51.710342], [-5.160828, 51.709301]]}, "properties": {"node_id": "os:node/33E531CB-8BA8-40F0-AE93-90C03E426DE5", "lat": 51.71503, "lon": -5.16864, "dist_m": 834, "in_scope": true, "traced": true, "path_m": 890, "straight_m": 834, "detour": 1.07, "max_elev_crossed_m": 2.0, "min_depth_m": -0.1, "drying_px": 7, "drying_m": 779, "drying_frac": 0.875}}, {"type": "Feature", "geometry": {"type": "LineString", "coordinates": [[-2.831239, 58.92475], [-2.831239, 58.925792], [-2.830198, 58.926833], [-2.829156, 58.927875], [-2.829156, 58.928917], [-2.828114, 58.929958], [-2.827073, 58.928917], [-2.826031, 58.928917], [-2.824989, 58.929958], [-2.824989, 58.931]]}, "properties": {"node_id": "os:node/623B1EFD-3B05-4032-9747-AD0E37B38744", "lat": 58.92428, "lon": -2.83176, "dist_m": 832, "in_scope": false, "traced": true, "path_m": 1060, "straight_m": 832, "detour": 1.27, "max_elev_crossed_m": 0.6, "min_depth_m": -1.0, "drying_px": 5, "drying_m": 530, "drying_frac": 0.5}}, {"type": "Feature", "geometry": {"type": "LineString", "coordinates": [[-3.290019, 58.296169], [-3.290019, 58.295127], [-3.290019, 58.294086], [-3.291061, 58.293044], [-3.290019, 58.292002], [-3.288978, 58.290961], [-3.287936, 58.289919], [-3.286894, 58.289919]]}, "properties": {"node_id": "os:node/E77F1C4F-925C-40F8-89B2-B987C18AFC22", "lat": 58.29669, "lon": -3.29054, "dist_m": 828, "in_scope": false, "traced": true, "path_m": 817, "straight_m": 828, "detour": 0.99, "max_elev_crossed_m": 5.5, "min_depth_m": -3.2, "drying_px": 7, "drying_m": 715, "drying_frac": 0.875}}, {"type": "Feature", "geometry": {"type": "LineString", "coordinates": [[-5.916286, 55.957121], [-5.917328, 55.958163], [-5.918369, 55.959205], [-5.919411, 55.960246], [-5.920453, 55.960246], [-5.921494, 55.960246], [-5.922536, 55.960246], [-5.923578, 55.960246], [-5.924619, 55.960246], [-5.925661, 55.960246], [-5.926703, 55.960246], [-5.927744, 55.961288]]}, "properties": {"node_id": "os:node/9A73E162-0800-4EA0-8D3F-31801E23B74B", "lat": 55.9574, "lon": -5.91655, "dist_m": 826, "in_scope": false, "traced": true, "path_m": 986, "straight_m": 826, "detour": 1.19, "max_elev_crossed_m": 0.0, "min_depth_m": -6.8, "drying_px": 10, "drying_m": 822, "drying_frac": 0.833}}, {"type": "Feature", "geometry": {"type": "LineString", "coordinates": [[-7.48557, 57.584789], [-7.486612, 57.585831], [-7.487653, 57.585831], [-7.488695, 57.585831], [-7.489737, 57.585831], [-7.490778, 57.584789], [-7.49182, 57.584789], [-7.492862, 57.584789], [-7.493903, 57.584789], [-7.494945, 57.583747], [-7.495987, 57.582706]]}, "properties": {"node_id": "os:node/A4CABF5F-2AF7-493B-AC81-114AD891327B", "lat": 57.58531, "lon": -7.48549, "dist_m": 820, "in_scope": false, "traced": true, "path_m": 899, "straight_m": 820, "detour": 1.1, "max_elev_crossed_m": 2.2, "min_depth_m": -0.0, "drying_px": 10, "drying_m": 817, "drying_frac": 0.909}}, {"type": "Feature", "geometry": {"type": "LineString", "coordinates": [[-5.776909, 56.715039], [-5.777951, 56.713998], [-5.777951, 56.712956], [-5.777951, 56.711914], [-5.777951, 56.710873], [-5.776909, 56.709831], [-5.776909, 56.708789]]}, "properties": {"node_id": "os:node/12520D80-2085-4E8F-8610-C7438EFF2A33", "lat": 56.71556, "lon": -5.77743, "dist_m": 818, "in_scope": false, "traced": true, "path_m": 728, "straight_m": 818, "detour": 0.89, "max_elev_crossed_m": 5.2, "min_depth_m": -13.8, "drying_px": 6, "drying_m": 624, "drying_frac": 0.857}}, {"type": "Feature", "geometry": {"type": "LineString", "coordinates": [[-6.493267, 56.681896], [-6.493267, 56.682938], [-6.494309, 56.68398], [-6.49535, 56.68398], [-6.496392, 56.685021], [-6.497434, 56.686063], [-6.496392, 56.687105], [-6.497434, 56.688146], [-6.498475, 56.689188]]}, "properties": {"node_id": "os:node/BAD331E1-45EE-4AB5-924F-5BC15DC72FE9", "lat": 56.68188, "lon": -6.49276, "dist_m": 816, "in_scope": false, "traced": true, "path_m": 973, "straight_m": 816, "detour": 1.19, "max_elev_crossed_m": 7.0, "min_depth_m": -10.5, "drying_px": 8, "drying_m": 865, "drying_frac": 0.889}}, {"type": "Feature", "geometry": {"type": "LineString", "coordinates": [[-6.711639, 57.915099], [-6.710598, 57.915099], [-6.709556, 57.914057], [-6.708514, 57.914057], [-6.707473, 57.914057], [-6.706431, 57.914057], [-6.705389, 57.914057], [-6.704348, 57.914057], [-6.703306, 57.914057], [-6.702264, 57.914057], [-6.701222, 57.913016], [-6.700181, 57.913016], [-6.699139, 57.913016], [-6.698098, 57.913016]]}, "properties": {"node_id": "os:node/0374D23A-81BE-4619-9B76-331EBE0AC787", "lat": 57.91562, "lon": -6.71216, "dist_m": 804, "in_scope": false, "traced": true, "path_m": 940, "straight_m": 804, "detour": 1.17, "max_elev_crossed_m": 2.4, "min_depth_m": -0.6, "drying_px": 11, "drying_m": 739, "drying_frac": 0.786}}, {"type": "Feature", "geometry": {"type": "LineString", "coordinates": [[-7.000319, 57.965861], [-7.000319, 57.964819], [-7.000319, 57.963777], [-6.999278, 57.962736], [-6.998236, 57.961694], [-6.997194, 57.961694], [-6.996153, 57.961694], [-6.995111, 57.960652], [-6.994069, 57.959611]]}, "properties": {"node_id": "os:node/B5559EBC-4B6A-474B-AF4C-29114890FA95", "lat": 57.96534, "lon": -7.00084, "dist_m": 794, "in_scope": false, "traced": true, "path_m": 880, "straight_m": 794, "detour": 1.11, "max_elev_crossed_m": 17.8, "min_depth_m": -0.2, "drying_px": 8, "drying_m": 782, "drying_frac": 0.889}}, {"type": "Feature", "geometry": {"type": "LineString", "coordinates": [[-5.872768, 56.759333], [-5.873809, 56.759333], [-5.874851, 56.759333], [-5.875893, 56.760374], [-5.876934, 56.760374], [-5.877976, 56.760374], [-5.879018, 56.760374], [-5.880059, 56.761416], [-5.881101, 56.762458], [-5.882143, 56.762458]]}, "properties": {"node_id": "os:node/4EB7BF61-C9D4-4A90-983C-8000B1AC5C86", "lat": 56.75904, "lon": -5.87287, "dist_m": 793, "in_scope": false, "traced": true, "path_m": 778, "straight_m": 793, "detour": 0.98, "max_elev_crossed_m": 0.3, "min_depth_m": -1.2, "drying_px": 9, "drying_m": 700, "drying_frac": 0.9}}, {"type": "Feature", "geometry": {"type": "LineString", "coordinates": [[-6.197289, 56.625105], [-6.197289, 56.626147], [-6.198331, 56.627188], [-6.199372, 56.627188], [-6.200414, 56.62823], [-6.201456, 56.62823], [-6.202497, 56.629272], [-6.203539, 56.630313], [-6.204581, 56.631355]]}, "properties": {"node_id": "os:node/33DEF250-2AE1-42AB-98F7-ECE303457BAC", "lat": 56.62539, "lon": -6.19683, "dist_m": 789, "in_scope": false, "traced": true, "path_m": 905, "straight_m": 789, "detour": 1.15, "max_elev_crossed_m": 0.8, "min_depth_m": -0.1, "drying_px": 8, "drying_m": 805, "drying_frac": 0.889}}, {"type": "Feature", "geometry": {"type": "LineString", "coordinates": [[-5.172695, 56.692192], [-5.172695, 56.691151], [-5.172695, 56.690109], [-5.173737, 56.689067], [-5.174779, 56.689067], [-5.17582, 56.688026], [-5.176862, 56.689067], [-5.177904, 56.688026], [-5.178945, 56.688026], [-5.179987, 56.688026], [-5.181029, 56.688026], [-5.18207, 56.689067], [-5.183112, 56.689067], [-5.184154, 56.690109], [-5.185195, 56.690109], [-5.186237, 56.691151], [-5.187279, 56.690109], [-5.18832, 56.690109], [-5.189362, 56.690109], [-5.190404, 56.690109]]}, "properties": {"node_id": "os:node/9B15C36C-A3BC-4D85-8CB3-E42361D1E1A4", "lat": 56.69253, "lon": -5.17301, "dist_m": 788, "in_scope": false, "traced": true, "path_m": 1863, "straight_m": 788, "detour": 2.36, "max_elev_crossed_m": 6.5, "min_depth_m": -12.0, "drying_px": 12, "drying_m": 1118, "drying_frac": 0.6}}, {"type": "Feature", "geometry": {"type": "LineString", "coordinates": [[-6.461191, 55.753024], [-6.462233, 55.751982], [-6.463275, 55.750941], [-6.464316, 55.750941], [-6.465358, 55.750941], [-6.4664, 55.750941], [-6.467441, 55.751982], [-6.468483, 55.751982], [-6.469525, 55.751982], [-6.470566, 55.753024], [-6.471608, 55.751982], [-6.47265, 55.751982], [-6.473691, 55.751982], [-6.474733, 55.753024], [-6.474733, 55.754066], [-6.474733, 55.755107]]}, "properties": {"node_id": "os:node/BD31B993-FDA2-4D7A-9921-51588F2EA5BB", "lat": 55.75273, "lon": -6.46169, "dist_m": 787, "in_scope": false, "traced": true, "path_m": 1487, "straight_m": 787, "detour": 1.89, "max_elev_crossed_m": 19.7, "min_depth_m": -0.6, "drying_px": 12, "drying_m": 1115, "drying_frac": 0.75}}, {"type": "Feature", "geometry": {"type": "LineString", "coordinates": [[-3.122979, 54.972549], [-3.121938, 54.971507], [-3.121938, 54.970466], [-3.121938, 54.969424], [-3.121938, 54.968382], [-3.121938, 54.967341], [-3.121938, 54.966299], [-3.120896, 54.965257]]}, "properties": {"node_id": "os:node/7E3F648C-2F64-4966-9B5A-A5B33BDF4046", "lat": 54.97307, "lon": -3.1235, "dist_m": 784, "in_scope": true, "traced": true, "path_m": 847, "straight_m": 784, "detour": 1.08, "max_elev_crossed_m": 1.0, "min_depth_m": -0.2, "drying_px": 7, "drying_m": 741, "drying_frac": 0.875}}, {"type": "Feature", "geometry": {"type": "LineString", "coordinates": [[-6.330787, 57.299212], [-6.331828, 57.299212], [-6.33287, 57.299212], [-6.333912, 57.299212], [-6.334953, 57.299212], [-6.335995, 57.300254], [-6.337037, 57.301296], [-6.338078, 57.302337], [-6.33912, 57.302337], [-6.340162, 57.302337], [-6.341203, 57.302337]]}, "properties": {"node_id": "os:node/E71EA5BE-3994-4D4E-8797-D37754C89281", "lat": 57.29973, "lon": -6.33034, "dist_m": 782, "in_scope": false, "traced": true, "path_m": 834, "straight_m": 782, "detour": 1.07, "max_elev_crossed_m": 0.0, "min_depth_m": -0.1, "drying_px": 10, "drying_m": 758, "drying_frac": 0.909}}, {"type": "Feature", "geometry": {"type": "LineString", "coordinates": [[-6.61162, 57.948689], [-6.612662, 57.947647], [-6.613703, 57.946606], [-6.614745, 57.945564], [-6.615787, 57.944522], [-6.616828, 57.943481]]}, "properties": {"node_id": "os:node/2AF19B89-A81A-41D1-B3C5-3B82629CAB53", "lat": 57.94921, "lon": -6.61143, "dist_m": 774, "in_scope": false, "traced": true, "path_m": 656, "straight_m": 774, "detour": 0.85, "max_elev_crossed_m": 0.0, "min_depth_m": -16.4, "drying_px": 3, "drying_m": 328, "drying_frac": 0.5}}, {"type": "Feature", "geometry": {"type": "LineString", "coordinates": [[-7.004719, 57.963801], [-7.003678, 57.963801], [-7.002636, 57.962759], [-7.001594, 57.962759], [-7.000552, 57.962759], [-6.999511, 57.962759], [-6.998469, 57.961717], [-6.997428, 57.961717], [-6.996386, 57.961717], [-6.995344, 57.960676], [-6.994302, 57.959634]]}, "properties": {"node_id": "os:node/7B9E82F7-67A4-48CE-BBA3-4118D6A8343C", "lat": 57.96328, "lon": -7.00524, "dist_m": 773, "in_scope": false, "traced": true, "path_m": 894, "straight_m": 773, "detour": 1.16, "max_elev_crossed_m": 3.8, "min_depth_m": -0.2, "drying_px": 9, "drying_m": 732, "drying_frac": 0.818}}, {"type": "Feature", "geometry": {"type": "LineString", "coordinates": [[-3.902959, 54.796649], [-3.901918, 54.796649], [-3.900876, 54.795607], [-3.900876, 54.794566], [-3.900876, 54.793524], [-3.900876, 54.792482], [-3.900876, 54.791441], [-3.900876, 54.790399], [-3.899834, 54.789358]]}, "properties": {"node_id": "os:node/5B4A9275-3B8D-4485-A39C-B79286B857B9", "lat": 54.79717, "lon": -3.90348, "dist_m": 773, "in_scope": true, "traced": true, "path_m": 914, "straight_m": 773, "detour": 1.18, "max_elev_crossed_m": 3.6, "min_depth_m": -0.1, "drying_px": 8, "drying_m": 813, "drying_frac": 0.889}}, {"type": "Feature", "geometry": {"type": "LineString", "coordinates": [[-5.68499, 57.689708], [-5.68499, 57.690749], [-5.68499, 57.691791], [-5.68499, 57.692833], [-5.686032, 57.693874], [-5.687073, 57.694916], [-5.688115, 57.695958], [-5.689157, 57.696999]]}, "properties": {"node_id": "os:node/07FE93D8-E8AD-4517-94DB-EC70187B9526", "lat": 57.69, "lon": -5.68502, "dist_m": 771, "in_scope": false, "traced": true, "path_m": 874, "straight_m": 771, "detour": 1.13, "max_elev_crossed_m": 0.0, "min_depth_m": -0.3, "drying_px": 5, "drying_m": 546, "drying_frac": 0.625}}, {"type": "Feature", "geometry": {"type": "LineString", "coordinates": [[-4.366539, 54.788509], [-4.367581, 54.787467], [-4.368623, 54.788509], [-4.368623, 54.789551], [-4.368623, 54.790592], [-4.368623, 54.791634], [-4.368623, 54.792676], [-4.368623, 54.793717], [-4.367581, 54.794759], [-4.366539, 54.794759], [-4.365498, 54.794759], [-4.364456, 54.795801], [-4.363414, 54.795801], [-4.362373, 54.795801], [-4.361331, 54.794759], [-4.360289, 54.794759], [-4.359248, 54.793717], [-4.358206, 54.792676], [-4.357164, 54.792676], [-4.357164, 54.791634], [-4.357164, 54.790592], [-4.356123, 54.789551], [-4.355081, 54.788509], [-4.354039, 54.787467]]}, "properties": {"node_id": "os:node/98528965-89B9-4763-8F1E-090E777DD3C9", "lat": 54.78903, "lon": -4.36706, "dist_m": 771, "in_scope": false, "traced": true, "path_m": 2551, "straight_m": 771, "detour": 3.31, "max_elev_crossed_m": 8.2, "min_depth_m": -0.3, "drying_px": 21, "drying_m": 2232, "drying_frac": 0.875}}, {"type": "Feature", "geometry": {"type": "LineString", "coordinates": [[-3.906039, 54.795009], [-3.904998, 54.793968], [-3.904998, 54.792926], [-3.906039, 54.791884], [-3.906039, 54.790842], [-3.904998, 54.789801], [-3.904998, 54.788759], [-3.903956, 54.787718]]}, "properties": {"node_id": "os:node/04943122-CE97-407A-8835-6E5E403A4BC6", "lat": 54.79553, "lon": -3.90656, "dist_m": 769, "in_scope": false, "traced": true, "path_m": 883, "straight_m": 769, "detour": 1.15, "max_elev_crossed_m": 3.6, "min_depth_m": -1.2, "drying_px": 7, "drying_m": 773, "drying_frac": 0.875}}, {"type": "Feature", "geometry": {"type": "LineString", "coordinates": [[-1.64442, 60.229169], [-1.64442, 60.228127], [-1.64442, 60.227086], [-1.64442, 60.226044], [-1.645462, 60.225002], [-1.646503, 60.225002], [-1.647545, 60.223961]]}, "properties": {"node_id": "os:node/C44B81AD-288A-4ED6-B599-A4212B385535", "lat": 60.22969, "lon": -1.64403, "dist_m": 768, "in_scope": false, "traced": true, "path_m": 664, "straight_m": 768, "detour": 0.87, "max_elev_crossed_m": 1.9, "min_depth_m": -0.7, "drying_px": 4, "drying_m": 380, "drying_frac": 0.571}}, {"type": "Feature", "geometry": {"type": "LineString", "coordinates": [[-5.607329, 56.292249], [-5.607329, 56.293291], [-5.606288, 56.294332], [-5.605246, 56.295374], [-5.604204, 56.295374], [-5.603163, 56.295374], [-5.602121, 56.295374], [-5.601079, 56.295374], [-5.600038, 56.296416], [-5.598996, 56.297457], [-5.597954, 56.298499], [-5.596912, 56.298499], [-5.595871, 56.298499], [-5.594829, 56.297457], [-5.593788, 56.297457], [-5.592746, 56.296416], [-5.591704, 56.296416]]}, "properties": {"node_id": "os:node/DE303CA4-A34D-4ABF-BDCF-F8B5701E2BB2", "lat": 56.29277, "lon": -5.60785, "dist_m": 764, "in_scope": false, "traced": true, "path_m": 1559, "straight_m": 764, "detour": 2.04, "max_elev_crossed_m": 2.8, "min_depth_m": -10.5, "drying_px": 12, "drying_m": 1101, "drying_frac": 0.706}}, {"type": "Feature", "geometry": {"type": "LineString", "coordinates": [[-3.116399, 51.474919], [-3.116399, 51.473877], [-3.116399, 51.472836], [-3.116399, 51.471794], [-3.115358, 51.470752], [-3.115358, 51.469711]]}, "properties": {"node_id": "os:node/3FA080BB-0195-4DF8-95DF-1DFE22BA8642", "lat": 51.47544, "lon": -3.11692, "dist_m": 760, "in_scope": true, "traced": true, "path_m": 600, "straight_m": 760, "detour": 0.79, "max_elev_crossed_m": 2.1, "min_depth_m": -0.3, "drying_px": 5, "drying_m": 500, "drying_frac": 0.833}}, {"type": "Feature", "geometry": {"type": "LineString", "coordinates": [[-1.274169, 59.991229], [-1.273128, 59.991229], [-1.272086, 59.990188], [-1.271044, 59.989146], [-1.270003, 59.988104], [-1.268961, 59.987062], [-1.267919, 59.987062], [-1.266878, 59.986021], [-1.265836, 59.984979], [-1.264794, 59.983938], [-1.263753, 59.983938]]}, "properties": {"node_id": "os:node/75E81328-A3B1-4A9E-9B70-0CDC45CF981D", "lat": 59.99175, "lon": -1.27469, "dist_m": 757, "in_scope": false, "traced": true, "path_m": 1082, "straight_m": 757, "detour": 1.43, "max_elev_crossed_m": 2.4, "min_depth_m": -4.5, "drying_px": 9, "drying_m": 885, "drying_frac": 0.818}}, {"type": "Feature", "geometry": {"type": "LineString", "coordinates": [[-4.001419, 53.26629], [-4.000378, 53.267332], [-3.999336, 53.268374], [-3.999336, 53.269415], [-3.999336, 53.270457], [-3.999336, 53.271499], [-3.999336, 53.27254]]}, "properties": {"node_id": "os:node/F2AB7867-E050-4A0D-B33E-8D3B6D7E4CAC", "lat": 53.26577, "lon": -4.00194, "dist_m": 756, "in_scope": true, "traced": true, "path_m": 734, "straight_m": 756, "detour": 0.97, "max_elev_crossed_m": 1.7, "min_depth_m": -0.3, "drying_px": 6, "drying_m": 629, "drying_frac": 0.857}}, {"type": "Feature", "geometry": {"type": "LineString", "coordinates": [[-7.172489, 57.663159], [-7.171448, 57.662117], [-7.170406, 57.662117], [-7.169364, 57.663159], [-7.168323, 57.663159], [-7.167281, 57.663159], [-7.166239, 57.663159], [-7.165198, 57.663159], [-7.164156, 57.662117], [-7.163114, 57.662117], [-7.162073, 57.662117]]}, "properties": {"node_id": "os:node/0095E2D9-3729-4F03-A5BC-92D09E4753F2", "lat": 57.66368, "lon": -7.17301, "dist_m": 753, "in_scope": false, "traced": true, "path_m": 829, "straight_m": 753, "detour": 1.1, "max_elev_crossed_m": 2.7, "min_depth_m": -0.7, "drying_px": 7, "drying_m": 527, "drying_frac": 0.636}}, {"type": "Feature", "geometry": {"type": "LineString", "coordinates": [[-3.270488, 54.941385], [-3.270488, 54.942427], [-3.270488, 54.943468], [-3.270488, 54.94451], [-3.270488, 54.945552], [-3.269447, 54.946593], [-3.268405, 54.947635], [-3.268405, 54.948677]]}, "properties": {"node_id": "os:node/C9ED9E0B-115B-4183-8567-29E225218ACB", "lat": 54.94146, "lon": -3.2709, "dist_m": 744, "in_scope": true, "traced": true, "path_m": 847, "straight_m": 744, "detour": 1.14, "max_elev_crossed_m": 6.0, "min_depth_m": -0.4, "drying_px": 7, "drying_m": 741, "drying_frac": 0.875}}, {"type": "Feature", "geometry": {"type": "LineString", "coordinates": [[-7.192972, 57.709479], [-7.191931, 57.709479], [-7.190889, 57.708437], [-7.190889, 57.707396], [-7.190889, 57.706354], [-7.189847, 57.705312], [-7.189847, 57.704271]]}, "properties": {"node_id": "os:node/68068341-21F8-486D-A8CE-5E262596E5AB", "lat": 57.71, "lon": -7.19279, "dist_m": 742, "in_scope": false, "traced": true, "path_m": 673, "straight_m": 742, "detour": 0.91, "max_elev_crossed_m": 2.5, "min_depth_m": -0.6, "drying_px": 6, "drying_m": 577, "drying_frac": 0.857}}, {"type": "Feature", "geometry": {"type": "LineString", "coordinates": [[-5.077029, 50.164769], [-5.075988, 50.164769], [-5.074946, 50.164769], [-5.073904, 50.163727], [-5.072863, 50.162686], [-5.071821, 50.161644], [-5.071821, 50.160602]]}, "properties": {"node_id": "os:node/CD2242AB-5CAA-4E0A-BABD-823739688374", "lat": 50.16529, "lon": -5.07755, "dist_m": 739, "in_scope": true, "traced": true, "path_m": 678, "straight_m": 739, "detour": 0.92, "max_elev_crossed_m": 0.5, "min_depth_m": -2.0, "drying_px": 2, "drying_m": 194, "drying_frac": 0.286}}, {"type": "Feature", "geometry": {"type": "LineString", "coordinates": [[-6.628589, 56.590191], [-6.628589, 56.589149], [-6.628589, 56.588107], [-6.628589, 56.587066], [-6.628589, 56.586024], [-6.628589, 56.584982], [-6.627548, 56.583941], [-6.626506, 56.583941]]}, "properties": {"node_id": "os:node/AB26F276-7F33-4235-B1B5-A40A3E85EDB6", "lat": 56.58967, "lon": -6.62911, "dist_m": 737, "in_scope": false, "traced": true, "path_m": 776, "straight_m": 737, "detour": 1.05, "max_elev_crossed_m": 4.2, "min_depth_m": -3.0, "drying_px": 7, "drying_m": 679, "drying_frac": 0.875}}, {"type": "Feature", "geometry": {"type": "LineString", "coordinates": [[-3.254722, 58.975549], [-3.25368, 58.974507], [-3.25368, 58.973466], [-3.252639, 58.972424], [-3.252639, 58.971382], [-3.252639, 58.970341]]}, "properties": {"node_id": "os:node/76436E6B-9907-4EFF-9B72-E1E1FBFF051D", "lat": 58.97607, "lon": -3.25447, "dist_m": 732, "in_scope": false, "traced": true, "path_m": 609, "straight_m": 732, "detour": 0.83, "max_elev_crossed_m": 1.4, "min_depth_m": -0.4, "drying_px": 5, "drying_m": 507, "drying_frac": 0.833}}, {"type": "Feature", "geometry": {"type": "LineString", "coordinates": [[-5.26796, 58.123125], [-5.269002, 58.124167], [-5.270044, 58.124167], [-5.271085, 58.124167], [-5.272127, 58.123125], [-5.273169, 58.123125], [-5.27421, 58.124167], [-5.275252, 58.124167], [-5.276294, 58.124167], [-5.277335, 58.124167], [-5.278377, 58.124167], [-5.279419, 58.123125]]}, "properties": {"node_id": "os:node/FEAE8D02-7868-437E-9FC1-E317C3CE3DB7", "lat": 58.12262, "lon": -5.26776, "dist_m": 724, "in_scope": false, "traced": true, "path_m": 953, "straight_m": 724, "detour": 1.32, "max_elev_crossed_m": 2.4, "min_depth_m": -4.0, "drying_px": 11, "drying_m": 874, "drying_frac": 0.917}}, {"type": "Feature", "geometry": {"type": "LineString", "coordinates": [[-3.078529, 58.936829], [-3.077488, 58.936829], [-3.076446, 58.935788], [-3.076446, 58.934746], [-3.075404, 58.933704], [-3.074363, 58.933704], [-3.073321, 58.933704], [-3.072279, 58.932662], [-3.072279, 58.931621]]}, "properties": {"node_id": "os:node/C9AA00D0-2D2B-4BD8-A5FB-C6E1762626C8", "lat": 58.93735, "lon": -3.07905, "dist_m": 723, "in_scope": false, "traced": true, "path_m": 803, "straight_m": 723, "detour": 1.11, "max_elev_crossed_m": 4.0, "min_depth_m": -1.2, "drying_px": 7, "drying_m": 624, "drying_frac": 0.778}}, {"type": "Feature", "geometry": {"type": "LineString", "coordinates": [[-1.43674, 60.186309], [-1.43674, 60.185268], [-1.437782, 60.184226], [-1.437782, 60.183184], [-1.437782, 60.182143], [-1.437782, 60.181101], [-1.438824, 60.180059]]}, "properties": {"node_id": "os:node/28819960-6AAF-4795-8020-3EAFBD743572", "lat": 60.18683, "lon": -1.43623, "dist_m": 718, "in_scope": false, "traced": true, "path_m": 723, "straight_m": 718, "detour": 1.01, "max_elev_crossed_m": 0.6, "min_depth_m": -0.2, "drying_px": 4, "drying_m": 413, "drying_frac": 0.571}}, {"type": "Feature", "geometry": {"type": "LineString", "coordinates": [[-5.808709, 57.374979], [-5.808709, 57.373938], [-5.808709, 57.372896], [-5.808709, 57.371854], [-5.808709, 57.370813], [-5.808709, 57.369771]]}, "properties": {"node_id": "os:node/D863E3E8-5C32-43D7-92D1-88D8551C10FB", "lat": 57.3755, "lon": -5.80923, "dist_m": 718, "in_scope": false, "traced": true, "path_m": 580, "straight_m": 718, "detour": 0.81, "max_elev_crossed_m": 0.0, "min_depth_m": -28.4, "drying_px": 1, "drying_m": 97, "drying_frac": 0.167}}, {"type": "Feature", "geometry": {"type": "LineString", "coordinates": [[-3.209459, 58.840529], [-3.208418, 58.840529], [-3.207376, 58.840529], [-3.206334, 58.840529], [-3.205292, 58.840529], [-3.204251, 58.840529], [-3.203209, 58.840529], [-3.202168, 58.840529], [-3.201126, 58.840529], [-3.200084, 58.840529]]}, "properties": {"node_id": "os:node/CDBA999B-0726-4490-A332-691AE8373FCD", "lat": 58.84105, "lon": -3.20998, "dist_m": 718, "in_scope": false, "traced": true, "path_m": 540, "straight_m": 718, "detour": 0.75, "max_elev_crossed_m": 0.0, "min_depth_m": -0.2, "drying_px": 9, "drying_m": 486, "drying_frac": 0.9}}, {"type": "Feature", "geometry": {"type": "LineString", "coordinates": [[-5.180632, 57.941435], [-5.179591, 57.942477], [-5.180632, 57.943518], [-5.181674, 57.943518], [-5.182716, 57.943518], [-5.183757, 57.942477], [-5.183757, 57.941435], [-5.184799, 57.940393], [-5.185841, 57.939352], [-5.186882, 57.939352], [-5.187924, 57.939352], [-5.188966, 57.940393], [-5.190007, 57.941435]]}, "properties": {"node_id": "os:node/820EC3AB-C0C8-4244-A400-EECCA5CD095C", "lat": 57.9418, "lon": -5.18049, "dist_m": 716, "in_scope": false, "traced": true, "path_m": 1281, "straight_m": 716, "detour": 1.79, "max_elev_crossed_m": 5.8, "min_depth_m": -0.4, "drying_px": 12, "drying_m": 1183, "drying_frac": 0.923}}, {"type": "Feature", "geometry": {"type": "LineString", "coordinates": [[-3.089381, 58.441619], [-3.088339, 58.442661], [-3.087297, 58.442661], [-3.086256, 58.441619], [-3.085214, 58.441619], [-3.084172, 58.441619], [-3.083131, 58.441619], [-3.082089, 58.441619], [-3.081048, 58.441619], [-3.081048, 58.440578], [-3.081047, 58.439536]]}, "properties": {"node_id": "os:node/A443A2EF-086A-45FB-BB74-DA20285E6436", "lat": 58.44214, "lon": -3.08886, "dist_m": 714, "in_scope": false, "traced": true, "path_m": 858, "straight_m": 714, "detour": 1.2, "max_elev_crossed_m": 6.1, "min_depth_m": -0.5, "drying_px": 9, "drying_m": 702, "drying_frac": 0.818}}, {"type": "Feature", "geometry": {"type": "LineString", "coordinates": [[-6.936549, 57.758691], [-6.935508, 57.757649], [-6.935508, 57.756607], [-6.936549, 57.755566], [-6.937591, 57.754524], [-6.938633, 57.753482], [-6.938633, 57.752441], [-6.938633, 57.751399]]}, "properties": {"node_id": "os:node/2BBFC2A3-7B4E-4B2F-A442-04A87FDACAF9", "lat": 57.75817, "lon": -6.93707, "dist_m": 711, "in_scope": false, "traced": true, "path_m": 874, "straight_m": 711, "detour": 1.23, "max_elev_crossed_m": 5.3, "min_depth_m": -0.5, "drying_px": 6, "drying_m": 655, "drying_frac": 0.75}}, {"type": "Feature", "geometry": {"type": "LineString", "coordinates": [[-4.925857, 56.265149], [-4.926899, 56.264107], [-4.92794, 56.263066], [-4.928982, 56.263066], [-4.930024, 56.262024], [-4.931065, 56.262024], [-4.932107, 56.262024], [-4.933149, 56.262024]]}, "properties": {"node_id": "os:node/5964EC16-77CE-41FC-BBF8-6A88D313C7A1", "lat": 56.26567, "lon": -4.9258, "dist_m": 708, "in_scope": false, "traced": true, "path_m": 656, "straight_m": 708, "detour": 0.93, "max_elev_crossed_m": 0.0, "min_depth_m": -0.0, "drying_px": 7, "drying_m": 574, "drying_frac": 0.875}}, {"type": "Feature", "geometry": {"type": "LineString", "coordinates": [[-2.921129, 51.530939], [-2.921129, 51.529898], [-2.921129, 51.528856], [-2.921129, 51.527814], [-2.920088, 51.526772]]}, "properties": {"node_id": "os:node/A9C43EC7-9C70-4EA3-B84A-02666A03C68D", "lat": 51.53146, "lon": -2.92165, "dist_m": 707, "in_scope": false, "traced": true, "path_m": 484, "straight_m": 707, "detour": 0.69, "max_elev_crossed_m": 1.5, "min_depth_m": -0.2, "drying_px": 4, "drying_m": 388, "drying_frac": 0.8}}, {"type": "Feature", "geometry": {"type": "LineString", "coordinates": [[-6.006811, 57.073342], [-6.006811, 57.074383], [-6.006811, 57.075425], [-6.006811, 57.076467], [-6.005769, 57.077508], [-6.006811, 57.07855], [-6.007853, 57.07855], [-6.008894, 57.07855], [-6.009936, 57.07855], [-6.010978, 57.07855], [-6.012019, 57.079592], [-6.012019, 57.080633]]}, "properties": {"node_id": "os:node/96240503-1953-4FD8-96C8-F4B805E8D96E", "lat": 57.07309, "lon": -6.00657, "dist_m": 705, "in_scope": false, "traced": true, "path_m": 1112, "straight_m": 705, "detour": 1.58, "max_elev_crossed_m": 3.9, "min_depth_m": -0.2, "drying_px": 10, "drying_m": 927, "drying_frac": 0.833}}, {"type": "Feature", "geometry": {"type": "LineString", "coordinates": [[-5.155939, 50.096004], [-5.154898, 50.096004], [-5.153856, 50.097046], [-5.152814, 50.097046], [-5.151773, 50.098087], [-5.150731, 50.098087], [-5.149689, 50.098087], [-5.148648, 50.097046], [-5.147606, 50.097046], [-5.146564, 50.096004]]}, "properties": {"node_id": "os:node/782D6109-6538-47F2-BD1F-B882788733E6", "lat": 50.09561, "lon": -5.15646, "dist_m": 703, "in_scope": false, "traced": true, "path_m": 923, "straight_m": 703, "detour": 1.31, "max_elev_crossed_m": 3.5, "min_depth_m": -3.9, "drying_px": 6, "drying_m": 554, "drying_frac": 0.6}}, {"type": "Feature", "geometry": {"type": "LineString", "coordinates": [[-1.328269, 60.578701], [-1.328269, 60.579742], [-1.329311, 60.580784], [-1.329311, 60.581826], [-1.329311, 60.582868], [-1.329311, 60.583909], [-1.330352, 60.584951], [-1.329311, 60.585992], [-1.328269, 60.585992], [-1.327228, 60.585992], [-1.326186, 60.585992], [-1.325144, 60.585993]]}, "properties": {"node_id": "os:node/B6E1225D-E51F-4F21-9908-52D104C345C7", "lat": 60.57818, "lon": -1.32879, "dist_m": 703, "in_scope": false, "traced": true, "path_m": 1079, "straight_m": 703, "detour": 1.54, "max_elev_crossed_m": 2.7, "min_depth_m": -0.1, "drying_px": 9, "drying_m": 809, "drying_frac": 0.75}}, {"type": "Feature", "geometry": {"type": "LineString", "coordinates": [[-6.215167, 56.604296], [-6.216209, 56.605337], [-6.21725, 56.605337], [-6.218292, 56.606379], [-6.219334, 56.607421], [-6.220375, 56.607421], [-6.221417, 56.608462]]}, "properties": {"node_id": "os:node/936AB16B-78B8-4E95-BEC4-E85D3A235BF9", "lat": 56.60432, "lon": -6.21558, "dist_m": 688, "in_scope": false, "traced": true, "path_m": 657, "straight_m": 688, "detour": 0.96, "max_elev_crossed_m": 6.4, "min_depth_m": -0.0, "drying_px": 5, "drying_m": 469, "drying_frac": 0.714}}, {"type": "Feature", "geometry": {"type": "LineString", "coordinates": [[-6.276759, 58.293289], [-6.277801, 58.292247], [-6.276759, 58.291206], [-6.276759, 58.290164], [-6.276759, 58.289122], [-6.275718, 58.288081], [-6.274676, 58.287039], [-6.273634, 58.285998], [-6.273634, 58.284956]]}, "properties": {"node_id": "os:node/6AFDD211-BC82-4F62-AA98-A6D4EAB43FB9", "lat": 58.29381, "lon": -6.27728, "dist_m": 687, "in_scope": false, "traced": true, "path_m": 1003, "straight_m": 687, "detour": 1.46, "max_elev_crossed_m": 2.5, "min_depth_m": -1.0, "drying_px": 7, "drying_m": 780, "drying_frac": 0.778}}, {"type": "Feature", "geometry": {"type": "LineString", "coordinates": [[-6.331828, 57.301839], [-6.33287, 57.300797], [-6.333912, 57.300797], [-6.334953, 57.300797], [-6.335995, 57.300797], [-6.337037, 57.300797], [-6.338078, 57.301839], [-6.33912, 57.301839], [-6.340162, 57.301839], [-6.341203, 57.301839]]}, "properties": {"node_id": "os:node/D351AAC7-3A6A-434C-82B9-79D3D1603B3C", "lat": 57.30236, "lon": -6.33137, "dist_m": 687, "in_scope": false, "traced": true, "path_m": 702, "straight_m": 687, "detour": 1.02, "max_elev_crossed_m": 7.9, "min_depth_m": -0.1, "drying_px": 9, "drying_m": 632, "drying_frac": 0.9}}, {"type": "Feature", "geometry": {"type": "LineString", "coordinates": [[-4.192919, 57.490156], [-4.193961, 57.489115], [-4.195002, 57.490156], [-4.195002, 57.491198], [-4.195002, 57.49224], [-4.193961, 57.493281], [-4.193961, 57.494323], [-4.193961, 57.495365], [-4.193961, 57.496406], [-4.193961, 57.497448]]}, "properties": {"node_id": "os:node/33789B42-A364-49CE-9BE6-8FF96B3AEF49", "lat": 57.48984, "lon": -4.19344, "dist_m": 686, "in_scope": false, "traced": true, "path_m": 1091, "straight_m": 686, "detour": 1.59, "max_elev_crossed_m": 5.1, "min_depth_m": -0.1, "drying_px": 9, "drying_m": 982, "drying_frac": 0.9}}, {"type": "Feature", "geometry": {"type": "LineString", "coordinates": [[-3.268829, 56.358809], [-3.269871, 56.358809], [-3.270912, 56.358809], [-3.271954, 56.358809], [-3.272996, 56.358809], [-3.274037, 56.358809], [-3.275079, 56.358809], [-3.276121, 56.358809], [-3.277162, 56.358809], [-3.278204, 56.357767], [-3.279246, 56.357767]]}, "properties": {"node_id": "os:node/804C2DD9-D789-4FA5-B6DF-0DBD204331E0", "lat": 56.35933, "lon": -3.26881, "dist_m": 679, "in_scope": false, "traced": true, "path_m": 711, "straight_m": 679, "detour": 1.05, "max_elev_crossed_m": 0.0, "min_depth_m": -0.2, "drying_px": 6, "drying_m": 388, "drying_frac": 0.545}}, {"type": "Feature", "geometry": {"type": "LineString", "coordinates": [[-5.385043, 56.454489], [-5.384001, 56.455531], [-5.385043, 56.456572], [-5.386084, 56.456572], [-5.387126, 56.456572], [-5.388168, 56.456572], [-5.389209, 56.456572], [-5.390251, 56.456572], [-5.391293, 56.456572], [-5.392334, 56.456572], [-5.393376, 56.456572], [-5.394418, 56.456572], [-5.395459, 56.456572], [-5.396501, 56.455531]]}, "properties": {"node_id": "os:node/7153E985-435F-467F-9D8A-DBEA312A997F", "lat": 56.45501, "lon": -5.38499, "dist_m": 676, "in_scope": false, "traced": true, "path_m": 1038, "straight_m": 676, "detour": 1.54, "max_elev_crossed_m": 0.6, "min_depth_m": -23.1, "drying_px": 7, "drying_m": 519, "drying_frac": 0.5}}, {"type": "Feature", "geometry": {"type": "LineString", "coordinates": [[-1.294679, 60.250679], [-1.294679, 60.249637], [-1.294679, 60.248596], [-1.294679, 60.247554], [-1.294679, 60.246512], [-1.294679, 60.245471], [-1.294679, 60.244429]]}, "properties": {"node_id": "os:node/C60C4467-3A42-4F16-A10D-507DBA589879", "lat": 60.2512, "lon": -1.29419, "dist_m": 675, "in_scope": false, "traced": true, "path_m": 696, "straight_m": 675, "detour": 1.03, "max_elev_crossed_m": 0.0, "min_depth_m": -0.3, "drying_px": 4, "drying_m": 398, "drying_frac": 0.571}}, {"type": "Feature", "geometry": {"type": "LineString", "coordinates": [[-4.158961, 57.496388], [-4.158961, 57.49743], [-4.160003, 57.498472], [-4.161045, 57.499513], [-4.161045, 57.500555], [-4.162086, 57.501597], [-4.163128, 57.502638]]}, "properties": {"node_id": "os:node/28AC6D26-0042-4CC7-88E4-0385490427F2", "lat": 57.4962, "lon": -4.15868, "dist_m": 675, "in_scope": false, "traced": true, "path_m": 758, "straight_m": 675, "detour": 1.12, "max_elev_crossed_m": 2.4, "min_depth_m": -0.3, "drying_px": 6, "drying_m": 650, "drying_frac": 0.857}}, {"type": "Feature", "geometry": {"type": "LineString", "coordinates": [[-5.010987, 54.781479], [-5.012029, 54.781479], [-5.013071, 54.781479], [-5.014112, 54.781479], [-5.015154, 54.781479], [-5.016196, 54.781479], [-5.017237, 54.781479], [-5.018279, 54.780437], [-5.019321, 54.779396], [-5.020362, 54.778354], [-5.020362, 54.777312]]}, "properties": {"node_id": "os:node/5C047184-2FF9-483B-8D20-D225272787A1", "lat": 54.782, "lon": -5.01079, "dist_m": 674, "in_scope": false, "traced": true, "path_m": 919, "straight_m": 674, "detour": 1.36, "max_elev_crossed_m": 8.6, "min_depth_m": -1.0, "drying_px": 8, "drying_m": 668, "drying_frac": 0.727}}, {"type": "Feature", "geometry": {"type": "LineString", "coordinates": [[-2.830289, 56.472819], [-2.83133, 56.471777], [-2.832372, 56.470736], [-2.833414, 56.469694], [-2.833414, 56.468652], [-2.833414, 56.467611], [-2.834455, 56.466569]]}, "properties": {"node_id": "os:node/340887D3-2483-4E3B-8F87-325F9077927E", "lat": 56.47334, "lon": -2.82985, "dist_m": 673, "in_scope": false, "traced": true, "path_m": 762, "straight_m": 673, "detour": 1.13, "max_elev_crossed_m": 4.2, "min_depth_m": -0.1, "drying_px": 6, "drying_m": 653, "drying_frac": 0.857}}, {"type": "Feature", "geometry": {"type": "LineString", "coordinates": [[-1.999971, 57.323669], [-1.998929, 57.323669], [-1.997887, 57.323669], [-1.996846, 57.323669], [-1.995804, 57.323669], [-1.994762, 57.322627], [-1.993721, 57.321586], [-1.993721, 57.320544]]}, "properties": {"node_id": "os:node/68181847-3A76-41D8-A8F7-9314E39F29CD", "lat": 57.32419, "lon": -1.99945, "dist_m": 673, "in_scope": false, "traced": true, "path_m": 630, "straight_m": 673, "detour": 0.94, "max_elev_crossed_m": 7.0, "min_depth_m": -0.1, "drying_px": 7, "drying_m": 551, "drying_frac": 0.875}}, {"type": "Feature", "geometry": {"type": "LineString", "coordinates": [[-4.622584, 50.335525], [-4.622584, 50.334484], [-4.623626, 50.333442], [-4.624668, 50.333442], [-4.625709, 50.333442], [-4.626751, 50.333442], [-4.627793, 50.333442], [-4.628834, 50.333442], [-4.629876, 50.334484]]}, "properties": {"node_id": "os:node/A2C3F8DF-2654-4205-86BD-186F40DE6F9F", "lat": 50.33501, "lon": -4.62229, "dist_m": 672, "in_scope": true, "traced": true, "path_m": 761, "straight_m": 672, "detour": 1.13, "max_elev_crossed_m": 25.1, "min_depth_m": -4.0, "drying_px": 7, "drying_m": 592, "drying_frac": 0.778}}, {"type": "Feature", "geometry": {"type": "LineString", "coordinates": [[-3.057447, 54.981539], [-3.058489, 54.981539], [-3.059531, 54.981539], [-3.060572, 54.980497], [-3.061614, 54.979456], [-3.062656, 54.978414], [-3.063697, 54.977372]]}, "properties": {"node_id": "os:node/289B434E-B91C-4523-9A17-74016254CF92", "lat": 54.98206, "lon": -3.05726, "dist_m": 670, "in_scope": true, "traced": true, "path_m": 668, "straight_m": 670, "detour": 1.0, "max_elev_crossed_m": 2.3, "min_depth_m": -0.2, "drying_px": 6, "drying_m": 572, "drying_frac": 0.857}}, {"type": "Feature", "geometry": {"type": "LineString", "coordinates": [[-3.059339, 59.045111], [-3.059339, 59.044069], [-3.058298, 59.043027], [-3.057256, 59.043027], [-3.056214, 59.041986], [-3.055173, 59.041986], [-3.054131, 59.041986], [-3.053089, 59.041986], [-3.052048, 59.040944]]}, "properties": {"node_id": "os:node/85C3173A-313B-4866-9B05-5A27EACD5E9F", "lat": 59.04459, "lon": -3.05986, "dist_m": 668, "in_scope": false, "traced": true, "path_m": 746, "straight_m": 668, "detour": 1.12, "max_elev_crossed_m": 4.1, "min_depth_m": -0.3, "drying_px": 8, "drying_m": 663, "drying_frac": 0.889}}, {"type": "Feature", "geometry": {"type": "LineString", "coordinates": [[-4.703003, 55.991549], [-4.704045, 55.990507], [-4.704045, 55.989466], [-4.705086, 55.988424], [-4.706128, 55.987382], [-4.706128, 55.986341]]}, "properties": {"node_id": "os:node/B4DF73DF-D741-41D5-B032-8A2A82931D58", "lat": 55.99207, "lon": -4.70256, "dist_m": 666, "in_scope": false, "traced": true, "path_m": 631, "straight_m": 666, "detour": 0.95, "max_elev_crossed_m": 3.8, "min_depth_m": -0.3, "drying_px": 5, "drying_m": 525, "drying_frac": 0.833}}, {"type": "Feature", "geometry": {"type": "LineString", "coordinates": [[-3.986909, 53.263156], [-3.986909, 53.264198], [-3.986909, 53.265239], [-3.986909, 53.266281], [-3.986909, 53.267323], [-3.986909, 53.268364], [-3.986909, 53.269406]]}, "properties": {"node_id": "os:node/78160CB7-C549-407A-9371-393E5798BCB3", "lat": 53.26293, "lon": -3.98743, "dist_m": 665, "in_scope": true, "traced": true, "path_m": 696, "straight_m": 665, "detour": 1.05, "max_elev_crossed_m": 2.0, "min_depth_m": -0.1, "drying_px": 6, "drying_m": 596, "drying_frac": 0.857}}, {"type": "Feature", "geometry": {"type": "LineString", "coordinates": [[-6.737101, 58.313417], [-6.738143, 58.314458], [-6.739184, 58.3155], [-6.740226, 58.3155], [-6.741268, 58.3155], [-6.742309, 58.3155], [-6.743351, 58.316542], [-6.744393, 58.317583], [-6.745434, 58.318625]]}, "properties": {"node_id": "os:node/27841291-8981-48EE-BDE2-B00B0E529B38", "lat": 58.31375, "lon": -6.73753, "dist_m": 664, "in_scope": false, "traced": true, "path_m": 838, "straight_m": 664, "detour": 1.26, "max_elev_crossed_m": 4.7, "min_depth_m": -0.2, "drying_px": 8, "drying_m": 745, "drying_frac": 0.889}}, {"type": "Feature", "geometry": {"type": "LineString", "coordinates": [[-0.393109, 53.701259], [-0.393109, 53.7023], [-0.393109, 53.703342], [-0.393109, 53.704384], [-0.394151, 53.705425], [-0.395193, 53.706467], [-0.395193, 53.707509], [-0.395193, 53.70855]]}, "properties": {"node_id": "os:node/2D0D0891-8C5A-42C6-ACEA-35D7CDE6BD82", "lat": 53.70149, "lon": -0.39363, "dist_m": 664, "in_scope": true, "traced": true, "path_m": 849, "straight_m": 664, "detour": 1.28, "max_elev_crossed_m": 3.2, "min_depth_m": -1.1, "drying_px": 7, "drying_m": 743, "drying_frac": 0.875}}, {"type": "Feature", "geometry": {"type": "LineString", "coordinates": [[-5.872768, 56.761416], [-5.873809, 56.761416], [-5.874851, 56.761416], [-5.875893, 56.761416], [-5.876934, 56.761416], [-5.877976, 56.761416], [-5.879018, 56.761416], [-5.880059, 56.762458], [-5.881101, 56.763499], [-5.882143, 56.763499]]}, "properties": {"node_id": "os:node/3B6991CA-81E4-4A30-967A-004E1F113925", "lat": 56.7615, "lon": -5.87315, "dist_m": 664, "in_scope": false, "traced": true, "path_m": 709, "straight_m": 664, "detour": 1.07, "max_elev_crossed_m": 0.3, "min_depth_m": -1.2, "drying_px": 9, "drying_m": 638, "drying_frac": 0.9}}, {"type": "Feature", "geometry": {"type": "LineString", "coordinates": [[-6.278939, 58.291899], [-6.277898, 58.291899], [-6.276856, 58.290857], [-6.276856, 58.289816], [-6.276856, 58.288774], [-6.275814, 58.287732], [-6.274773, 58.286691]]}, "properties": {"node_id": "os:node/EAF2B3CE-EB3C-4D45-951F-78C9D503A376", "lat": 58.29242, "lon": -6.27946, "dist_m": 660, "in_scope": false, "traced": true, "path_m": 686, "straight_m": 660, "detour": 1.04, "max_elev_crossed_m": 2.3, "min_depth_m": -1.0, "drying_px": 6, "drying_m": 588, "drying_frac": 0.857}}, {"type": "Feature", "geometry": {"type": "LineString", "coordinates": [[-3.198761, 54.952694], [-3.198761, 54.953735], [-3.198761, 54.954777], [-3.198761, 54.955819], [-3.198761, 54.95686], [-3.198761, 54.957902], [-3.198761, 54.958944], [-3.197719, 54.959985]]}, "properties": {"node_id": "os:node/F704BA1E-C03B-4100-863F-41F67DE9CFEB", "lat": 54.95305, "lon": -3.19824, "dist_m": 655, "in_scope": true, "traced": true, "path_m": 829, "straight_m": 655, "detour": 1.27, "max_elev_crossed_m": 3.7, "min_depth_m": -0.4, "drying_px": 6, "drying_m": 622, "drying_frac": 0.75}}, {"type": "Feature", "geometry": {"type": "LineString", "coordinates": [[-6.255496, 56.014289], [-6.255496, 56.013247], [-6.255496, 56.012206], [-6.256537, 56.011164], [-6.257579, 56.010122], [-6.257579, 56.009081]]}, "properties": {"node_id": "os:node/FEEE6610-07FA-43C2-8CE5-ED345BAD8E08", "lat": 56.01481, "lon": -6.25581, "dist_m": 652, "in_scope": false, "traced": true, "path_m": 614, "straight_m": 652, "detour": 0.94, "max_elev_crossed_m": 4.3, "min_depth_m": -0.2, "drying_px": 5, "drying_m": 511, "drying_frac": 0.833}}, {"type": "Feature", "geometry": {"type": "LineString", "coordinates": [[-4.197559, 57.542691], [-4.196518, 57.542691], [-4.195476, 57.542691], [-4.194434, 57.541649], [-4.193393, 57.541649], [-4.192351, 57.540607], [-4.191309, 57.539566]]}, "properties": {"node_id": "os:node/A2B4AEC1-7FB9-40B9-86D3-17D295C70015", "lat": 57.54217, "lon": -4.19808, "dist_m": 652, "in_scope": false, "traced": true, "path_m": 582, "straight_m": 652, "detour": 0.89, "max_elev_crossed_m": 2.1, "min_depth_m": -0.8, "drying_px": 6, "drying_m": 498, "drying_frac": 0.857}}, {"type": "Feature", "geometry": {"type": "LineString", "coordinates": [[-7.004823, 57.847287], [-7.005864, 57.848329], [-7.006906, 57.849371], [-7.007948, 57.850412], [-7.008989, 57.851454], [-7.010031, 57.852496]]}, "properties": {"node_id": "os:node/21A83705-E74F-495F-941A-0EC8D6CF71AC", "lat": 57.84702, "lon": -7.00446, "dist_m": 651, "in_scope": false, "traced": true, "path_m": 657, "straight_m": 651, "detour": 1.01, "max_elev_crossed_m": 4.8, "min_depth_m": -0.7, "drying_px": 4, "drying_m": 438, "drying_frac": 0.667}}, {"type": "Feature", "geometry": {"type": "LineString", "coordinates": [[-4.998768, 50.163329], [-4.99981, 50.162287], [-4.99981, 50.161246], [-4.99981, 50.160204], [-4.99981, 50.159162]]}, "properties": {"node_id": "os:node/6589B66C-8CD6-461C-B98F-BA7834640325", "lat": 50.16385, "lon": -4.99912, "dist_m": 642, "in_scope": true, "traced": true, "path_m": 486, "straight_m": 642, "detour": 0.76, "max_elev_crossed_m": 2.4, "min_depth_m": -5.7, "drying_px": 1, "drying_m": 97, "drying_frac": 0.2}}, {"type": "Feature", "geometry": {"type": "LineString", "coordinates": [[-5.431864, 57.882751], [-5.432906, 57.883792], [-5.433948, 57.883792], [-5.434989, 57.884834], [-5.436031, 57.884834], [-5.437073, 57.884834], [-5.438114, 57.884834], [-5.439156, 57.883792], [-5.440198, 57.882751], [-5.441239, 57.882751]]}, "properties": {"node_id": "os:node/62943B31-5ED5-4F17-8C27-E7BC7E7FE212", "lat": 57.88318, "lon": -5.43176, "dist_m": 639, "in_scope": false, "traced": true, "path_m": 834, "straight_m": 639, "detour": 1.3, "max_elev_crossed_m": 1.7, "min_depth_m": -1.2, "drying_px": 8, "drying_m": 667, "drying_frac": 0.8}}, {"type": "Feature", "geometry": {"type": "LineString", "coordinates": [[-6.272999, 57.015841], [-6.271958, 57.015841], [-6.270916, 57.015841], [-6.269874, 57.015841], [-6.268833, 57.015841], [-6.267791, 57.015841], [-6.266749, 57.015841], [-6.265708, 57.015841], [-6.264666, 57.015841], [-6.263624, 57.015841], [-6.262583, 57.015841], [-6.261541, 57.015841], [-6.260499, 57.015841], [-6.259458, 57.015841], [-6.258416, 57.014799], [-6.258416, 57.013757]]}, "properties": {"node_id": "os:node/51FE1BDD-F0D0-4C61-A178-874613034E2D", "lat": 57.01532, "lon": -6.27352, "dist_m": 637, "in_scope": false, "traced": true, "path_m": 1069, "straight_m": 637, "detour": 1.68, "max_elev_crossed_m": 1.9, "min_depth_m": -2.7, "drying_px": 15, "drying_m": 1002, "drying_frac": 0.938}}, {"type": "Feature", "geometry": {"type": "LineString", "coordinates": [[-5.686646, 57.324966], [-5.687687, 57.326008], [-5.687687, 57.32705], [-5.688729, 57.328091], [-5.689771, 57.329133], [-5.690812, 57.329133], [-5.691854, 57.330175]]}, "properties": {"node_id": "os:node/DC8792BD-7C14-4C27-A834-0B20124646C0", "lat": 57.32491, "lon": -5.68617, "dist_m": 634, "in_scope": false, "traced": true, "path_m": 706, "straight_m": 634, "detour": 1.11, "max_elev_crossed_m": 2.1, "min_depth_m": -6.6, "drying_px": 4, "drying_m": 403, "drying_frac": 0.571}}, {"type": "Feature", "geometry": {"type": "LineString", "coordinates": [[-4.345711, 57.616451], [-4.345711, 57.617492], [-4.345711, 57.618534], [-4.345711, 57.619576], [-4.345711, 57.620617], [-4.345711, 57.621659]]}, "properties": {"node_id": "os:node/2270CA4E-16F8-42BF-8BBE-9C427493267E", "lat": 57.6165, "lon": -4.34533, "dist_m": 634, "in_scope": false, "traced": true, "path_m": 580, "straight_m": 634, "detour": 0.91, "max_elev_crossed_m": 2.7, "min_depth_m": -0.4, "drying_px": 5, "drying_m": 483, "drying_frac": 0.833}}, {"type": "Feature", "geometry": {"type": "LineString", "coordinates": [[0.96359, 52.980198], [0.96359, 52.981239], [0.96359, 52.982281], [0.96359, 52.983323], [0.96359, 52.984364], [0.96359, 52.985406], [0.96359, 52.986448], [0.96359, 52.987489]]}, "properties": {"node_id": "os:node/59F61834-786C-4791-9A4A-12433DCE7FA3", "lat": 52.98066, "lon": 0.96311, "dist_m": 631, "in_scope": false, "traced": true, "path_m": 812, "straight_m": 631, "detour": 1.29, "max_elev_crossed_m": 1.9, "min_depth_m": -2.7, "drying_px": 7, "drying_m": 710, "drying_frac": 0.875}}, {"type": "Feature", "geometry": {"type": "LineString", "coordinates": [[-5.002011, 54.911118], [-5.003053, 54.91216], [-5.003053, 54.913202], [-5.003053, 54.914243], [-5.004095, 54.915285], [-5.004095, 54.916327], [-5.005136, 54.917368]]}, "properties": {"node_id": "os:node/CE272BB0-7EC4-4E58-A155-855565C6BBAD", "lat": 54.91084, "lon": -5.00238, "dist_m": 630, "in_scope": false, "traced": true, "path_m": 749, "straight_m": 630, "detour": 1.19, "max_elev_crossed_m": 3.3, "min_depth_m": -0.0, "drying_px": 6, "drying_m": 642, "drying_frac": 0.857}}, {"type": "Feature", "geometry": {"type": "LineString", "coordinates": [[-4.111744, 52.829216], [-4.112785, 52.830258], [-4.113827, 52.830258], [-4.114869, 52.8313], [-4.11591, 52.8313], [-4.116952, 52.830258], [-4.117994, 52.830258], [-4.119035, 52.830258], [-4.120077, 52.830258]]}, "properties": {"node_id": "os:node/DFCE1CA7-CDE5-4A3A-AA19-446934F1FE12", "lat": 52.82957, "lon": -4.11146, "dist_m": 628, "in_scope": true, "traced": true, "path_m": 757, "straight_m": 628, "detour": 1.21, "max_elev_crossed_m": 1.2, "min_depth_m": -0.2, "drying_px": 7, "drying_m": 589, "drying_frac": 0.778}}, {"type": "Feature", "geometry": {"type": "LineString", "coordinates": [[-2.907391, 56.209871], [-2.908432, 56.209871], [-2.909474, 56.209871], [-2.910516, 56.209871], [-2.911558, 56.209871], [-2.912599, 56.209871], [-2.913641, 56.209871], [-2.914682, 56.208829], [-2.914682, 56.207787], [-2.915724, 56.206746], [-2.916766, 56.205704], [-2.916766, 56.204662], [-2.916766, 56.203621]]}, "properties": {"node_id": "os:node/D6EA73AE-918A-411F-8C5E-294F7C68B0A7", "lat": 56.20935, "lon": -2.90687, "dist_m": 628, "in_scope": false, "traced": true, "path_m": 1133, "straight_m": 628, "detour": 1.8, "max_elev_crossed_m": 3.8, "min_depth_m": -1.2, "drying_px": 12, "drying_m": 1046, "drying_frac": 0.923}}, {"type": "Feature", "geometry": {"type": "LineString", "coordinates": [[-7.015291, 57.769199], [-7.016332, 57.769199], [-7.017374, 57.769199], [-7.018416, 57.769199], [-7.019457, 57.769199], [-7.020499, 57.769199], [-7.021541, 57.768157], [-7.022582, 57.767116], [-7.023624, 57.766074], [-7.023624, 57.765032]]}, "properties": {"node_id": "os:node/9CA009DB-E823-4F7A-97C7-3D1021901AEC", "lat": 57.76972, "lon": -7.01484, "dist_m": 626, "in_scope": false, "traced": true, "path_m": 819, "straight_m": 626, "detour": 1.31, "max_elev_crossed_m": 4.0, "min_depth_m": -0.2, "drying_px": 5, "drying_m": 410, "drying_frac": 0.5}}, {"type": "Feature", "geometry": {"type": "LineString", "coordinates": [[-7.373446, 57.396183], [-7.373446, 57.397224], [-7.374488, 57.398266], [-7.375529, 57.398266], [-7.376571, 57.398266], [-7.377613, 57.399308], [-7.378654, 57.400349], [-7.379696, 57.401391]]}, "properties": {"node_id": "os:node/38078E57-10EC-4003-ADA9-B1FB09339E29", "lat": 57.3967, "lon": -7.37326, "dist_m": 623, "in_scope": false, "traced": true, "path_m": 768, "straight_m": 623, "detour": 1.23, "max_elev_crossed_m": 4.5, "min_depth_m": -0.3, "drying_px": 7, "drying_m": 672, "drying_frac": 0.875}}, {"type": "Feature", "geometry": {"type": "LineString", "coordinates": [[1.173439, 52.022269], [1.173439, 52.021228], [1.173439, 52.020186], [1.174481, 52.019144], [1.175523, 52.018103], [1.176564, 52.018103]]}, "properties": {"node_id": "os:node/A81C957A-B00D-45CE-9F83-475E2E360767", "lat": 52.02279, "lon": 1.17396, "dist_m": 622, "in_scope": true, "traced": true, "path_m": 576, "straight_m": 622, "detour": 0.93, "max_elev_crossed_m": 1.4, "min_depth_m": -5.2, "drying_px": 3, "drying_m": 288, "drying_frac": 0.5}}, {"type": "Feature", "geometry": {"type": "LineString", "coordinates": [[-4.343305, 53.051608], [-4.343305, 53.05265], [-4.344347, 53.053692], [-4.345388, 53.054733], [-4.34643, 53.054733], [-4.347472, 53.053692], [-4.348513, 53.053692], [-4.349555, 53.05265], [-4.350597, 53.051608]]}, "properties": {"node_id": "os:node/F2FC5406-8563-47CC-9F17-94CAD7EA60A7", "lat": 53.05158, "lon": -4.34292, "dist_m": 622, "in_scope": true, "traced": true, "path_m": 932, "straight_m": 622, "detour": 1.5, "max_elev_crossed_m": 1.3, "min_depth_m": -0.5, "drying_px": 8, "drying_m": 828, "drying_frac": 0.889}}, {"type": "Feature", "geometry": {"type": "LineString", "coordinates": [[-1.283349, 59.914661], [-1.282308, 59.915702], [-1.281266, 59.915702], [-1.280224, 59.915702], [-1.279183, 59.914661], [-1.278141, 59.914661], [-1.277099, 59.914661], [-1.276058, 59.914661], [-1.275016, 59.914661], [-1.273974, 59.914661]]}, "properties": {"node_id": "os:node/FC27EA6C-926A-45A9-9075-5BE9497A7496", "lat": 59.91414, "lon": -1.28387, "dist_m": 620, "in_scope": false, "traced": true, "path_m": 666, "straight_m": 620, "detour": 1.07, "max_elev_crossed_m": 2.1, "min_depth_m": -3.0, "drying_px": 9, "drying_m": 600, "drying_frac": 0.9}}, {"type": "Feature", "geometry": {"type": "LineString", "coordinates": [[-3.058304, 51.251999], [-3.059346, 51.251999], [-3.060388, 51.251999], [-3.061429, 51.251999], [-3.062471, 51.251999], [-3.063513, 51.251999], [-3.064554, 51.251999], [-3.065596, 51.251999], [-3.066638, 51.251999], [-3.067679, 51.251999]]}, "properties": {"node_id": "os:node/9E2CAD7B-9E7C-44C0-9613-5D2D020FAE9F", "lat": 51.25252, "lon": -3.05863, "dist_m": 619, "in_scope": false, "traced": true, "path_m": 653, "straight_m": 619, "detour": 1.06, "max_elev_crossed_m": 1.1, "min_depth_m": -0.1, "drying_px": 9, "drying_m": 588, "drying_frac": 0.9}}, {"type": "Feature", "geometry": {"type": "LineString", "coordinates": [[-3.478521, 55.999228], [-3.478521, 56.00027], [-3.478521, 56.001311], [-3.479563, 56.002353], [-3.479563, 56.003395], [-3.479563, 56.004436]]}, "properties": {"node_id": "os:node/738D561E-C454-4AD2-A190-3A8CD96E8F22", "lat": 55.99964, "lon": -3.47819, "dist_m": 619, "in_scope": false, "traced": true, "path_m": 597, "straight_m": 619, "detour": 0.96, "max_elev_crossed_m": 1.9, "min_depth_m": -0.2, "drying_px": 5, "drying_m": 497, "drying_frac": 0.833}}, {"type": "Feature", "geometry": {"type": "LineString", "coordinates": [[-1.687479, 60.254029], [-1.688521, 60.254029], [-1.689562, 60.252987], [-1.690604, 60.252987], [-1.691646, 60.251946], [-1.692687, 60.252987], [-1.693729, 60.251946], [-1.694771, 60.250904], [-1.695812, 60.250904]]}, "properties": {"node_id": "os:node/AA8B2B61-3532-4D13-8F3F-2CAC2BFCF9DE", "lat": 60.25455, "lon": -1.6878, "dist_m": 617, "in_scope": false, "traced": true, "path_m": 820, "straight_m": 617, "detour": 1.33, "max_elev_crossed_m": 2.0, "min_depth_m": -4.6, "drying_px": 8, "drying_m": 729, "drying_frac": 0.889}}, {"type": "Feature", "geometry": {"type": "LineString", "coordinates": [[-4.451279, 58.552052], [-4.450238, 58.552052], [-4.449196, 58.553093], [-4.448154, 58.554135], [-4.449196, 58.555177], [-4.449196, 58.556218], [-4.449196, 58.55726]]}, "properties": {"node_id": "os:node/441A6163-9207-4D2A-A078-2F1005FE130F", "lat": 58.55234, "lon": -4.4518, "dist_m": 616, "in_scope": false, "traced": true, "path_m": 685, "straight_m": 616, "detour": 1.11, "max_elev_crossed_m": 5.1, "min_depth_m": -0.5, "drying_px": 5, "drying_m": 489, "drying_frac": 0.714}}, {"type": "Feature", "geometry": {"type": "LineString", "coordinates": [[-3.324809, 55.987692], [-3.324809, 55.988734], [-3.325851, 55.989776], [-3.325851, 55.990817], [-3.324809, 55.991859], [-3.324809, 55.992901], [-3.324809, 55.993942]]}, "properties": {"node_id": "os:node/04FDD097-FC3D-4FDB-A38C-F16A7EE7F432", "lat": 55.98771, "lon": -3.32533, "dist_m": 613, "in_scope": false, "traced": true, "path_m": 730, "straight_m": 613, "detour": 1.19, "max_elev_crossed_m": 1.3, "min_depth_m": -0.2, "drying_px": 5, "drying_m": 521, "drying_frac": 0.714}}, {"type": "Feature", "geometry": {"type": "LineString", "coordinates": [[-4.046826, 57.822819], [-4.046826, 57.82386], [-4.047867, 57.824902], [-4.048909, 57.825944], [-4.049951, 57.826985], [-4.049951, 57.828027]]}, "properties": {"node_id": "os:node/A91B5D34-FCB9-424F-A4ED-D79C13ADE4D0", "lat": 57.82273, "lon": -4.04638, "dist_m": 612, "in_scope": false, "traced": true, "path_m": 626, "straight_m": 612, "detour": 1.02, "max_elev_crossed_m": 0.9, "min_depth_m": -0.2, "drying_px": 5, "drying_m": 522, "drying_frac": 0.833}}, {"type": "Feature", "geometry": {"type": "LineString", "coordinates": [[-3.463631, 54.961279], [-3.464673, 54.960237], [-3.464673, 54.959196], [-3.464673, 54.958154], [-3.464673, 54.957112], [-3.465714, 54.956071]]}, "properties": {"node_id": "os:node/87C4A4B4-C456-433E-BB13-D121FD53F610", "lat": 54.9618, "lon": -3.46415, "dist_m": 610, "in_scope": false, "traced": true, "path_m": 615, "straight_m": 610, "detour": 1.01, "max_elev_crossed_m": 2.2, "min_depth_m": -0.2, "drying_px": 4, "drying_m": 410, "drying_frac": 0.667}}, {"type": "Feature", "geometry": {"type": "LineString", "coordinates": [[-5.405029, 55.870935], [-5.406071, 55.869893], [-5.407113, 55.868851], [-5.406071, 55.86781], [-5.405029, 55.86781], [-5.403988, 55.86781], [-5.402946, 55.86781], [-5.401904, 55.86781], [-5.400863, 55.86781], [-5.399821, 55.868851], [-5.398779, 55.869893], [-5.397738, 55.869893], [-5.396696, 55.869893], [-5.395654, 55.869893], [-5.394613, 55.868851], [-5.393571, 55.869893], [-5.392529, 55.869893]]}, "properties": {"node_id": "os:node/DC61169A-A8DB-48DD-8FC8-17501AE8C587", "lat": 55.87116, "lon": -5.40555, "dist_m": 609, "in_scope": false, "traced": true, "path_m": 1516, "straight_m": 609, "detour": 2.49, "max_elev_crossed_m": 12.0, "min_depth_m": -5.3, "drying_px": 13, "drying_m": 1159, "drying_frac": 0.765}}, {"type": "Feature", "geometry": {"type": "LineString", "coordinates": [[-6.980749, 57.865244], [-6.980749, 57.866286], [-6.980749, 57.867328], [-6.981791, 57.868369], [-6.981791, 57.869411], [-6.981791, 57.870453]]}, "properties": {"node_id": "os:node/DAC32E05-DB22-483A-B63C-56B0C93D0BED", "lat": 57.86555, "lon": -6.98127, "dist_m": 609, "in_scope": false, "traced": true, "path_m": 595, "straight_m": 609, "detour": 0.98, "max_elev_crossed_m": 4.8, "min_depth_m": -0.0, "drying_px": 5, "drying_m": 496, "drying_frac": 0.833}}, {"type": "Feature", "geometry": {"type": "LineString", "coordinates": [[-4.171175, 57.489358], [-4.171175, 57.4904], [-4.171175, 57.491442], [-4.171175, 57.492483], [-4.172216, 57.493525], [-4.173258, 57.494567], [-4.1743, 57.495608]]}, "properties": {"node_id": "os:node/1887D7B4-9250-4B63-A90F-E69F40DF446A", "lat": 57.48938, "lon": -4.17163, "dist_m": 607, "in_scope": false, "traced": true, "path_m": 743, "straight_m": 607, "detour": 1.22, "max_elev_crossed_m": 5.0, "min_depth_m": -0.0, "drying_px": 6, "drying_m": 637, "drying_frac": 0.857}}, {"type": "Feature", "geometry": {"type": "LineString", "coordinates": [[-1.615319, 59.532579], [-1.614278, 59.532579], [-1.613236, 59.532579], [-1.612194, 59.533621], [-1.611153, 59.533621], [-1.610111, 59.533621], [-1.609069, 59.533621], [-1.608028, 59.533621], [-1.606986, 59.532579], [-1.605944, 59.532579]]}, "properties": {"node_id": "os:node/57F36679-FFA9-46E3-B7C1-7FACDD6870F3", "lat": 59.5331, "lon": -1.61584, "dist_m": 605, "in_scope": false, "traced": true, "path_m": 672, "straight_m": 605, "detour": 1.11, "max_elev_crossed_m": 11.1, "min_depth_m": -3.8, "drying_px": 8, "drying_m": 537, "drying_frac": 0.8}}, {"type": "Feature", "geometry": {"type": "LineString", "coordinates": [[-7.388232, 57.634977], [-7.388232, 57.636019], [-7.389273, 57.63706], [-7.389273, 57.638102], [-7.389273, 57.639144], [-7.389273, 57.640185]]}, "properties": {"node_id": "os:node/90D3F208-26C2-4094-8704-7D3AB3DFAD64", "lat": 57.63546, "lon": -7.38836, "dist_m": 602, "in_scope": false, "traced": true, "path_m": 595, "straight_m": 602, "detour": 0.99, "max_elev_crossed_m": 4.7, "min_depth_m": -0.1, "drying_px": 5, "drying_m": 496, "drying_frac": 0.833}}, {"type": "Feature", "geometry": {"type": "LineString", "coordinates": [[-4.352067, 57.615099], [-4.352067, 57.616141], [-4.351025, 57.617182], [-4.349984, 57.618224], [-4.348942, 57.619266], [-4.3479, 57.620307], [-4.3479, 57.621349]]}, "properties": {"node_id": "os:node/D4F4181A-DC57-4975-81C7-FFCE67B77F3F", "lat": 57.61562, "lon": -4.35253, "dist_m": 595, "in_scope": false, "traced": true, "path_m": 758, "straight_m": 595, "detour": 1.27, "max_elev_crossed_m": 1.9, "min_depth_m": -0.3, "drying_px": 5, "drying_m": 541, "drying_frac": 0.714}}, {"type": "Feature", "geometry": {"type": "LineString", "coordinates": [[-2.088439, 55.869531], [-2.089481, 55.870573], [-2.088439, 55.871614], [-2.087398, 55.872656], [-2.088439, 55.873698], [-2.089481, 55.874739], [-2.089481, 55.875781]]}, "properties": {"node_id": "os:node/612E7B45-A4E1-4C40-87EF-B2132CEE97BB", "lat": 55.87003, "lon": -2.08896, "dist_m": 594, "in_scope": false, "traced": true, "path_m": 781, "straight_m": 594, "detour": 1.31, "max_elev_crossed_m": 16.8, "min_depth_m": -1.2, "drying_px": 6, "drying_m": 669, "drying_frac": 0.857}}, {"type": "Feature", "geometry": {"type": "LineString", "coordinates": [[-6.298209, 57.691499], [-6.299251, 57.691499], [-6.300293, 57.691499], [-6.301334, 57.691499], [-6.302376, 57.692541], [-6.301334, 57.693582], [-6.300293, 57.693582], [-6.299251, 57.693582], [-6.298209, 57.693582], [-6.297168, 57.693582], [-6.296126, 57.694624], [-6.295084, 57.693582], [-6.294043, 57.692541], [-6.293001, 57.692541], [-6.291959, 57.692541], [-6.290918, 57.693582], [-6.289876, 57.693582]]}, "properties": {"node_id": "os:node/DF6C3A2A-AFD9-4550-BCF6-9C14EA807440", "lat": 57.69158, "lon": -6.29873, "dist_m": 594, "in_scope": false, "traced": true, "path_m": 1409, "straight_m": 594, "detour": 2.37, "max_elev_crossed_m": 4.7, "min_depth_m": -1.9, "drying_px": 16, "drying_m": 1326, "drying_frac": 0.941}}, {"type": "Feature", "geometry": {"type": "LineString", "coordinates": [[-6.583838, 56.645774], [-6.583838, 56.646815], [-6.58488, 56.647857], [-6.58488, 56.648899], [-6.585922, 56.64994], [-6.586963, 56.64994]]}, "properties": {"node_id": "os:node/CE0A5C2C-9553-45E6-8360-FD2715C903C5", "lat": 56.6457, "lon": -6.58428, "dist_m": 589, "in_scope": false, "traced": true, "path_m": 560, "straight_m": 589, "detour": 0.95, "max_elev_crossed_m": 3.6, "min_depth_m": -0.5, "drying_px": 4, "drying_m": 374, "drying_frac": 0.667}}, {"type": "Feature", "geometry": {"type": "LineString", "coordinates": [[-1.405099, 60.243198], [-1.404058, 60.243198], [-1.403016, 60.243198], [-1.401974, 60.243198], [-1.400933, 60.243198], [-1.399891, 60.243198], [-1.398849, 60.243198], [-1.397808, 60.243198], [-1.396766, 60.243198], [-1.395724, 60.243198], [-1.394683, 60.243198]]}, "properties": {"node_id": "os:node/2A96D3E4-13E9-483A-BE7B-E7681EDA1EB5", "lat": 60.24335, "lon": -1.40562, "dist_m": 587, "in_scope": false, "traced": true, "path_m": 576, "straight_m": 587, "detour": 0.98, "max_elev_crossed_m": 0.0, "min_depth_m": -0.0, "drying_px": 10, "drying_m": 523, "drying_frac": 0.909}}, {"type": "Feature", "geometry": {"type": "LineString", "coordinates": [[-5.436778, 55.857981], [-5.437819, 55.857981], [-5.438861, 55.857981], [-5.439903, 55.857981], [-5.440944, 55.857981], [-5.441986, 55.857981], [-5.443028, 55.856939], [-5.444069, 55.856939]]}, "properties": {"node_id": "os:node/5B229CED-EA56-492E-B2A3-A374B69D6683", "lat": 55.85746, "lon": -5.43626, "dist_m": 587, "in_scope": false, "traced": true, "path_m": 523, "straight_m": 587, "detour": 0.89, "max_elev_crossed_m": 0.0, "min_depth_m": -0.1, "drying_px": 6, "drying_m": 393, "drying_frac": 0.75}}, {"type": "Feature", "geometry": {"type": "LineString", "coordinates": [[-1.562139, 60.504364], [-1.563181, 60.504364], [-1.564223, 60.505406], [-1.565264, 60.505406], [-1.566306, 60.505406], [-1.567348, 60.505406], [-1.568389, 60.505406], [-1.569431, 60.505406], [-1.570473, 60.505406], [-1.571514, 60.505406], [-1.572556, 60.505406]]}, "properties": {"node_id": "os:node/D141AB2E-EFDF-4BF8-AB50-C9DE2325A02E", "lat": 60.50469, "lon": -1.56238, "dist_m": 586, "in_scope": false, "traced": true, "path_m": 643, "straight_m": 586, "detour": 1.1, "max_elev_crossed_m": 2.5, "min_depth_m": -0.8, "drying_px": 5, "drying_m": 292, "drying_frac": 0.455}}, {"type": "Feature", "geometry": {"type": "LineString", "coordinates": [[-5.075419, 51.683611], [-5.075419, 51.684652], [-5.075419, 51.685694], [-5.074378, 51.686736], [-5.074378, 51.687777], [-5.074378, 51.688819]]}, "properties": {"node_id": "os:node/F8188B10-1129-46DE-932C-55F6CBC00CF1", "lat": 51.68359, "lon": -5.07594, "dist_m": 583, "in_scope": true, "traced": true, "path_m": 600, "straight_m": 583, "detour": 1.03, "max_elev_crossed_m": 1.4, "min_depth_m": -0.4, "drying_px": 5, "drying_m": 500, "drying_frac": 0.833}}, {"type": "Feature", "geometry": {"type": "LineString", "coordinates": [[-6.939399, 58.21911], [-6.938358, 58.218069], [-6.937316, 58.218069], [-6.936274, 58.218069], [-6.935233, 58.217027], [-6.934191, 58.217027], [-6.933149, 58.218069], [-6.932108, 58.21911], [-6.931066, 58.21911], [-6.930024, 58.220152]]}, "properties": {"node_id": "os:node/AF4ECA00-E533-4B08-9280-4A06157DF436", "lat": 58.21941, "lon": -6.93992, "dist_m": 580, "in_scope": false, "traced": true, "path_m": 900, "straight_m": 580, "detour": 1.55, "max_elev_crossed_m": 1.5, "min_depth_m": -2.2, "drying_px": 4, "drying_m": 360, "drying_frac": 0.4}}, {"type": "Feature", "geometry": {"type": "LineString", "coordinates": [[-5.08207, 51.973697], [-5.083112, 51.973697], [-5.084154, 51.974739], [-5.085195, 51.97578], [-5.086237, 51.976822], [-5.087279, 51.97578], [-5.08832, 51.976822], [-5.08832, 51.977864], [-5.087279, 51.978905]]}, "properties": {"node_id": "os:node/94D8CD41-3A44-4E13-AEDA-1B91EF4ABAC8", "lat": 51.97392, "lon": -5.08241, "dist_m": 579, "in_scope": true, "traced": true, "path_m": 1005, "straight_m": 579, "detour": 1.73, "max_elev_crossed_m": 6.4, "min_depth_m": -0.2, "drying_px": 8, "drying_m": 893, "drying_frac": 0.889}}, {"type": "Feature", "geometry": {"type": "LineString", "coordinates": [[-3.863639, 57.828849], [-3.862598, 57.829891], [-3.862598, 57.830932], [-3.861556, 57.831974], [-3.861556, 57.833016]]}, "properties": {"node_id": "os:node/3AB369E9-678E-45E7-A09A-42A75227FF12", "lat": 57.82865, "lon": -3.86416, "dist_m": 576, "in_scope": false, "traced": true, "path_m": 495, "straight_m": 576, "detour": 0.86, "max_elev_crossed_m": 2.1, "min_depth_m": -0.7, "drying_px": 3, "drying_m": 297, "drying_frac": 0.6}}, {"type": "Feature", "geometry": {"type": "LineString", "coordinates": [[-6.309334, 58.4778], [-6.310375, 58.4778], [-6.311417, 58.478842], [-6.311417, 58.479884], [-6.311417, 58.480925], [-6.311417, 58.481967]]}, "properties": {"node_id": "os:node/F014D2E5-A75C-4200-89DE-D216E3BD56A9", "lat": 58.47776, "lon": -6.30896, "dist_m": 575, "in_scope": false, "traced": true, "path_m": 539, "straight_m": 575, "detour": 0.94, "max_elev_crossed_m": 4.8, "min_depth_m": -0.5, "drying_px": 5, "drying_m": 449, "drying_frac": 0.833}}, {"type": "Feature", "geometry": {"type": "LineString", "coordinates": [[-4.201629, 53.315687], [-4.201629, 53.316728], [-4.200588, 53.31777], [-4.200588, 53.318812], [-4.200588, 53.319853]]}, "properties": {"node_id": "os:node/F73B6AC7-30D7-4813-B881-6E9D1279A229", "lat": 53.31521, "lon": -4.20215, "dist_m": 574, "in_scope": true, "traced": true, "path_m": 483, "straight_m": 574, "detour": 0.84, "max_elev_crossed_m": 1.7, "min_depth_m": -0.9, "drying_px": 4, "drying_m": 386, "drying_frac": 0.8}}, {"type": "Feature", "geometry": {"type": "LineString", "coordinates": [[-4.872906, 51.719021], [-4.873947, 51.717979], [-4.874989, 51.717979], [-4.876031, 51.717979], [-4.877072, 51.717979], [-4.878114, 51.716937], [-4.879156, 51.716937], [-4.880197, 51.717979]]}, "properties": {"node_id": "os:node/128A361C-431A-41A8-8AF4-3F003BF35551", "lat": 51.7185, "lon": -4.87275, "dist_m": 574, "in_scope": true, "traced": true, "path_m": 697, "straight_m": 574, "detour": 1.21, "max_elev_crossed_m": 2.1, "min_depth_m": -0.4, "drying_px": 6, "drying_m": 522, "drying_frac": 0.75}}, {"type": "Feature", "geometry": {"type": "LineString", "coordinates": [[-2.984499, 59.00085], [-2.985541, 59.001892], [-2.985541, 59.002934], [-2.984499, 59.003975], [-2.984499, 59.005017]]}, "properties": {"node_id": "os:node/CD67D5A0-4A27-485B-8DE4-B882C018EA1B", "lat": 59.00038, "lon": -2.98502, "dist_m": 573, "in_scope": false, "traced": true, "path_m": 493, "straight_m": 573, "detour": 0.86, "max_elev_crossed_m": 4.1, "min_depth_m": -0.2, "drying_px": 4, "drying_m": 394, "drying_frac": 0.8}}, {"type": "Feature", "geometry": {"type": "LineString", "coordinates": [[-5.808321, 57.373669], [-5.809363, 57.372627], [-5.809363, 57.371586], [-5.809363, 57.370544]]}, "properties": {"node_id": "os:node/B2B59AAD-4AAD-4B64-8D87-FE2E6C43A085", "lat": 57.37419, "lon": -5.80833, "dist_m": 572, "in_scope": false, "traced": true, "path_m": 364, "straight_m": 572, "detour": 0.64, "max_elev_crossed_m": -3.1, "min_depth_m": -28.4, "drying_px": 0, "drying_m": 0, "drying_frac": 0.0}}, {"type": "Feature", "geometry": {"type": "LineString", "coordinates": [[-4.105437, 57.716289], [-4.106479, 57.715248], [-4.10752, 57.714206], [-4.108562, 57.713164], [-4.108562, 57.712122]]}, "properties": {"node_id": "os:node/DD8080EC-9696-4DEB-A4D1-5DB8261FAAD2", "lat": 57.71681, "lon": -4.10537, "dist_m": 572, "in_scope": false, "traced": true, "path_m": 510, "straight_m": 572, "detour": 0.89, "max_elev_crossed_m": 3.7, "min_depth_m": -0.1, "drying_px": 4, "drying_m": 408, "drying_frac": 0.8}}, {"type": "Feature", "geometry": {"type": "LineString", "coordinates": [[-3.816645, 57.611198], [-3.816645, 57.612239], [-3.815604, 57.613281], [-3.815604, 57.614323], [-3.815604, 57.615364], [-3.816645, 57.616406], [-3.817687, 57.617448], [-3.817687, 57.618489]]}, "properties": {"node_id": "os:node/DFF6E300-9FF2-489A-BC4E-00634451D9F3", "lat": 57.61139, "lon": -3.81707, "dist_m": 569, "in_scope": false, "traced": true, "path_m": 858, "straight_m": 569, "detour": 1.51, "max_elev_crossed_m": 4.7, "min_depth_m": -0.5, "drying_px": 5, "drying_m": 537, "drying_frac": 0.625}}, {"type": "Feature", "geometry": {"type": "LineString", "coordinates": [[-6.775183, 58.237269], [-6.775183, 58.236227], [-6.774142, 58.235186], [-6.774142, 58.234144], [-6.774142, 58.233102], [-6.774142, 58.232061], [-6.774142, 58.231019], [-6.774142, 58.229977]]}, "properties": {"node_id": "os:node/EF1B7F6E-D34D-4CA7-8FC8-0623B3D88DDA", "lat": 58.23779, "lon": -6.77546, "dist_m": 569, "in_scope": false, "traced": true, "path_m": 827, "straight_m": 569, "detour": 1.45, "max_elev_crossed_m": 2.2, "min_depth_m": -26.1, "drying_px": 3, "drying_m": 310, "drying_frac": 0.375}}, {"type": "Feature", "geometry": {"type": "LineString", "coordinates": [[-4.932564, 56.268721], [-4.932564, 56.267679], [-4.932564, 56.266637], [-4.932564, 56.265596], [-4.932564, 56.264554], [-4.932564, 56.263512], [-4.933605, 56.262471]]}, "properties": {"node_id": "os:node/684AEC8D-630F-4017-9B5E-C5F13C8CDB24", "lat": 56.2682, "lon": -4.93298, "dist_m": 568, "in_scope": false, "traced": true, "path_m": 712, "straight_m": 568, "detour": 1.25, "max_elev_crossed_m": 1.3, "min_depth_m": -0.1, "drying_px": 5, "drying_m": 509, "drying_frac": 0.714}}, {"type": "Feature", "geometry": {"type": "LineString", "coordinates": [[-4.253659, 57.680889], [-4.253659, 57.679847], [-4.253659, 57.678806], [-4.253659, 57.677764], [-4.252618, 57.676722], [-4.251576, 57.675681]]}, "properties": {"node_id": "os:node/AB5DF8CA-ED7B-4338-B74A-A679519DE55E", "lat": 57.68141, "lon": -4.25418, "dist_m": 568, "in_scope": false, "traced": true, "path_m": 611, "straight_m": 568, "detour": 1.08, "max_elev_crossed_m": 2.4, "min_depth_m": -16.1, "drying_px": 4, "drying_m": 407, "drying_frac": 0.667}}, {"type": "Feature", "geometry": {"type": "LineString", "coordinates": [[-6.795479, 57.820359], [-6.794438, 57.820359], [-6.793396, 57.819318], [-6.792354, 57.819318], [-6.791313, 57.818276], [-6.790271, 57.818276], [-6.789229, 57.818276]]}, "properties": {"node_id": "os:node/9EDC26C2-0EE1-4139-BE8E-C3FFB8B78DEF", "lat": 57.82088, "lon": -6.796, "dist_m": 568, "in_scope": false, "traced": true, "path_m": 510, "straight_m": 568, "detour": 0.9, "max_elev_crossed_m": 7.0, "min_depth_m": -0.4, "drying_px": 5, "drying_m": 364, "drying_frac": 0.714}}, {"type": "Feature", "geometry": {"type": "LineString", "coordinates": [[-3.51321, 56.037759], [-3.51321, 56.036718], [-3.51321, 56.035676], [-3.51321, 56.034634], [-3.51321, 56.033593], [-3.51321, 56.032551], [-3.51321, 56.031509]]}, "properties": {"node_id": "os:node/12EF3E66-02A3-4A40-9C77-219598E760B2", "lat": 56.03828, "lon": -3.51269, "dist_m": 561, "in_scope": false, "traced": true, "path_m": 696, "straight_m": 561, "detour": 1.24, "max_elev_crossed_m": 6.8, "min_depth_m": -0.1, "drying_px": 5, "drying_m": 497, "drying_frac": 0.714}}, {"type": "Feature", "geometry": {"type": "LineString", "coordinates": [[-7.008518, 57.845271], [-7.008518, 57.846312], [-7.008518, 57.847354], [-7.008518, 57.848396], [-7.008518, 57.849437], [-7.00956, 57.850479], [-7.00956, 57.851521], [-7.00956, 57.852562]]}, "properties": {"node_id": "os:node/D800C9D6-A728-4374-9E6A-BAE2D2852683", "lat": 57.84475, "lon": -7.00851, "dist_m": 560, "in_scope": false, "traced": true, "path_m": 827, "straight_m": 560, "detour": 1.48, "max_elev_crossed_m": 4.8, "min_depth_m": -0.8, "drying_px": 6, "drying_m": 620, "drying_frac": 0.75}}, {"type": "Feature", "geometry": {"type": "LineString", "coordinates": [[-5.120227, 58.490491], [-5.121268, 58.489449], [-5.12231, 58.489449], [-5.123352, 58.488407], [-5.12231, 58.487366], [-5.123352, 58.486324]]}, "properties": {"node_id": "os:node/2DD4BC8A-BE10-4A3D-87DA-C96EB5E22DE3", "lat": 58.48997, "lon": -5.12058, "dist_m": 560, "in_scope": false, "traced": true, "path_m": 584, "straight_m": 560, "detour": 1.04, "max_elev_crossed_m": 4.4, "min_depth_m": -23.0, "drying_px": 5, "drying_m": 487, "drying_frac": 0.833}}, {"type": "Feature", "geometry": {"type": "LineString", "coordinates": [[-3.673529, 58.608127], [-3.674571, 58.608127], [-3.675613, 58.608127], [-3.676654, 58.609169], [-3.675613, 58.610211], [-3.675613, 58.611252], [-3.675613, 58.612294]]}, "properties": {"node_id": "os:node/F8A9DC72-5652-4A56-8801-03678F9C8F0A", "lat": 58.60779, "lon": -3.67405, "dist_m": 559, "in_scope": false, "traced": true, "path_m": 614, "straight_m": 559, "detour": 1.1, "max_elev_crossed_m": 5.1, "min_depth_m": -4.2, "drying_px": 5, "drying_m": 439, "drying_frac": 0.714}}, {"type": "Feature", "geometry": {"type": "LineString", "coordinates": [[-3.061439, 58.447271], [-3.061439, 58.446229], [-3.060398, 58.445187], [-3.059356, 58.444146], [-3.058314, 58.445187], [-3.057273, 58.444146], [-3.056231, 58.443104]]}, "properties": {"node_id": "os:node/AE9F5869-8AF7-4CB6-A7D3-5043D3A73A3F", "lat": 58.44675, "lon": -3.06196, "dist_m": 556, "in_scope": false, "traced": true, "path_m": 770, "straight_m": 556, "detour": 1.39, "max_elev_crossed_m": 12.2, "min_depth_m": -0.8, "drying_px": 5, "drying_m": 550, "drying_frac": 0.714}}, {"type": "Feature", "geometry": {"type": "LineString", "coordinates": [[-5.948855, 56.519715], [-5.948855, 56.520757], [-5.949897, 56.521799], [-5.948855, 56.52284]]}, "properties": {"node_id": "os:node/E886F205-48C0-4618-8CE3-0EFD325EA2B7", "lat": 56.51941, "lon": -5.9492, "dist_m": 556, "in_scope": false, "traced": true, "path_m": 381, "straight_m": 556, "detour": 0.68, "max_elev_crossed_m": 5.1, "min_depth_m": -1.9, "drying_px": 2, "drying_m": 190, "drying_frac": 0.5}}, {"type": "Feature", "geometry": {"type": "LineString", "coordinates": [[-4.759596, 52.077387], [-4.760638, 52.078429], [-4.76168, 52.079471], [-4.762721, 52.080512], [-4.763763, 52.080512]]}, "properties": {"node_id": "os:node/5726FAD6-8BAC-473E-8D5A-66927C2812A9", "lat": 52.07769, "lon": -4.7593, "dist_m": 555, "in_scope": true, "traced": true, "path_m": 480, "straight_m": 555, "detour": 0.86, "max_elev_crossed_m": 4.8, "min_depth_m": -6.0, "drying_px": 3, "drying_m": 288, "drying_frac": 0.6}}, {"type": "Feature", "geometry": {"type": "LineString", "coordinates": [[-6.266708, 55.774829], [-6.266708, 55.773788], [-6.267749, 55.772746], [-6.268791, 55.772746], [-6.269833, 55.771704]]}, "properties": {"node_id": "os:node/0CDF3ADA-AD41-4413-A9CA-24F323EEE352", "lat": 55.77535, "lon": -6.26668, "dist_m": 555, "in_scope": false, "traced": true, "path_m": 447, "straight_m": 555, "detour": 0.81, "max_elev_crossed_m": 0.6, "min_depth_m": -0.0, "drying_px": 3, "drying_m": 268, "drying_frac": 0.6}}, {"type": "Feature", "geometry": {"type": "LineString", "coordinates": [[-2.788381, 58.941069], [-2.789422, 58.940027], [-2.790464, 58.938986], [-2.791506, 58.937944]]}, "properties": {"node_id": "os:node/0699592D-3821-4485-80AD-AC39F0A17E57", "lat": 58.94159, "lon": -2.7882, "dist_m": 553, "in_scope": false, "traced": true, "path_m": 391, "straight_m": 553, "detour": 0.71, "max_elev_crossed_m": 0.5, "min_depth_m": -5.3, "drying_px": 3, "drying_m": 294, "drying_frac": 0.75}}, {"type": "Feature", "geometry": {"type": "LineString", "coordinates": [[-6.245899, 58.306782], [-6.244858, 58.30574], [-6.243816, 58.30574], [-6.242774, 58.306782], [-6.241732, 58.306782], [-6.240691, 58.307824], [-6.239649, 58.307824], [-6.238608, 58.307824], [-6.237566, 58.307824]]}, "properties": {"node_id": "os:node/E87B2B88-731F-4AB8-923A-68744A23D2F2", "lat": 58.3068, "lon": -6.24642, "dist_m": 553, "in_scope": false, "traced": true, "path_m": 698, "straight_m": 553, "detour": 1.26, "max_elev_crossed_m": 4.7, "min_depth_m": -0.0, "drying_px": 8, "drying_m": 620, "drying_frac": 0.889}}, {"type": "Feature", "geometry": {"type": "LineString", "coordinates": [[-7.371393, 57.649165], [-7.371393, 57.650207], [-7.372435, 57.650207], [-7.373477, 57.650207], [-7.374518, 57.651248], [-7.37556, 57.651248], [-7.376602, 57.651248], [-7.377643, 57.651248]]}, "properties": {"node_id": "os:node/109DFEF9-25C1-4DBD-8813-40C0F839D3DE", "lat": 57.64954, "lon": -7.37098, "dist_m": 548, "in_scope": false, "traced": true, "path_m": 558, "straight_m": 548, "detour": 1.02, "max_elev_crossed_m": 4.7, "min_depth_m": -0.3, "drying_px": 7, "drying_m": 488, "drying_frac": 0.875}}, {"type": "Feature", "geometry": {"type": "LineString", "coordinates": [[-6.802249, 57.884789], [-6.802249, 57.883747], [-6.802249, 57.882706], [-6.802249, 57.881664], [-6.802249, 57.880622], [-6.802249, 57.879581]]}, "properties": {"node_id": "os:node/732EB020-E442-47F8-A15E-EE40C3A8C481", "lat": 57.88531, "lon": -6.80277, "dist_m": 548, "in_scope": false, "traced": true, "path_m": 580, "straight_m": 548, "detour": 1.06, "max_elev_crossed_m": 1.3, "min_depth_m": -2.9, "drying_px": 5, "drying_m": 483, "drying_frac": 0.833}}, {"type": "Feature", "geometry": {"type": "LineString", "coordinates": [[-5.153364, 51.948832], [-5.154406, 51.949873], [-5.155448, 51.950915], [-5.156489, 51.950915], [-5.157531, 51.951957], [-5.158573, 51.952998], [-5.158573, 51.95404]]}, "properties": {"node_id": "os:node/E9EBE238-260C-4F12-A6A6-F7E2D22E3A08", "lat": 51.94853, "lon": -5.15378, "dist_m": 548, "in_scope": true, "traced": true, "path_m": 732, "straight_m": 548, "detour": 1.34, "max_elev_crossed_m": 12.2, "min_depth_m": -0.8, "drying_px": 6, "drying_m": 628, "drying_frac": 0.857}}, {"type": "Feature", "geometry": {"type": "LineString", "coordinates": [[-7.442579, 57.048583], [-7.441538, 57.048583], [-7.440496, 57.049624], [-7.439454, 57.050666], [-7.438413, 57.051708]]}, "properties": {"node_id": "os:node/E9DAFCAE-51DE-430B-9B7A-775AEE21BE14", "lat": 57.04882, "lon": -7.4431, "dist_m": 548, "in_scope": false, "traced": true, "path_m": 459, "straight_m": 548, "detour": 0.84, "max_elev_crossed_m": 3.6, "min_depth_m": -1.8, "drying_px": 4, "drying_m": 367, "drying_frac": 0.8}}, {"type": "Feature", "geometry": {"type": "LineString", "coordinates": [[-6.864219, 57.810521], [-6.863178, 57.809479], [-6.862136, 57.808438], [-6.861094, 57.808438], [-6.860053, 57.807396], [-6.859011, 57.806354], [-6.857969, 57.806354], [-6.856928, 57.806354], [-6.855886, 57.806354], [-6.854844, 57.805312], [-6.853802, 57.806354], [-6.853803, 57.807396]]}, "properties": {"node_id": "os:node/EE5E251E-C227-4672-91D8-FE1649AC1C40", "lat": 57.81, "lon": -6.86474, "dist_m": 547, "in_scope": false, "traced": true, "path_m": 1151, "straight_m": 547, "detour": 2.1, "max_elev_crossed_m": 5.2, "min_depth_m": -43.4, "drying_px": 8, "drying_m": 768, "drying_frac": 0.667}}, {"type": "Feature", "geometry": {"type": "LineString", "coordinates": [[-5.18478, 56.688173], [-5.185821, 56.688173], [-5.186863, 56.688173], [-5.187905, 56.689215], [-5.188946, 56.690256], [-5.189988, 56.690256]]}, "properties": {"node_id": "os:node/A19543C2-ABED-4F13-8095-10FD4352B016", "lat": 56.68798, "lon": -5.18523, "dist_m": 547, "in_scope": false, "traced": true, "path_m": 456, "straight_m": 547, "detour": 0.83, "max_elev_crossed_m": 3.1, "min_depth_m": -12.0, "drying_px": 4, "drying_m": 304, "drying_frac": 0.667}}, {"type": "Feature", "geometry": {"type": "LineString", "coordinates": [[-2.757991, 56.059928], [-2.756949, 56.060969], [-2.756949, 56.062011], [-2.756949, 56.063053], [-2.757991, 56.064094]]}, "properties": {"node_id": "os:node/868D2F40-F542-4C65-ADD7-8CB6DDEAC385", "lat": 56.05973, "lon": -2.75747, "dist_m": 545, "in_scope": false, "traced": true, "path_m": 498, "straight_m": 545, "detour": 0.91, "max_elev_crossed_m": 5.8, "min_depth_m": -0.4, "drying_px": 3, "drying_m": 299, "drying_frac": 0.6}}, {"type": "Feature", "geometry": {"type": "LineString", "coordinates": [[-5.603109, 56.315664], [-5.602068, 56.316705], [-5.601026, 56.317747], [-5.601026, 56.318789]]}, "properties": {"node_id": "os:node/56A65025-D342-47E4-BF03-2F83BEB73FF0", "lat": 56.31555, "lon": -5.60363, "dist_m": 544, "in_scope": false, "traced": true, "path_m": 381, "straight_m": 544, "detour": 0.7, "max_elev_crossed_m": 1.1, "min_depth_m": -12.0, "drying_px": 2, "drying_m": 191, "drying_frac": 0.5}}, {"type": "Feature", "geometry": {"type": "LineString", "coordinates": [[-5.721829, 57.699635], [-5.721829, 57.700676], [-5.721829, 57.701718], [-5.722871, 57.70276], [-5.723913, 57.703801], [-5.724954, 57.704843], [-5.724954, 57.705885], [-5.723913, 57.706926], [-5.722871, 57.707968]]}, "properties": {"node_id": "os:node/39272D97-CCE8-4765-94DE-121E6EB4C60E", "lat": 57.69951, "lon": -5.72235, "dist_m": 543, "in_scope": false, "traced": true, "path_m": 1005, "straight_m": 543, "detour": 1.85, "max_elev_crossed_m": 2.3, "min_depth_m": -0.6, "drying_px": 7, "drying_m": 782, "drying_frac": 0.778}}, {"type": "Feature", "geometry": {"type": "LineString", "coordinates": [[-6.300719, 58.481067], [-6.301761, 58.482108], [-6.302803, 58.48315], [-6.303844, 58.484192], [-6.303844, 58.485233]]}, "properties": {"node_id": "os:node/8A257283-2FBD-4395-A6BC-A0301A8F56CF", "lat": 58.48089, "lon": -6.30124, "dist_m": 543, "in_scope": false, "traced": true, "path_m": 509, "straight_m": 543, "detour": 0.94, "max_elev_crossed_m": 4.2, "min_depth_m": -0.5, "drying_px": 4, "drying_m": 407, "drying_frac": 0.8}}, {"type": "Feature", "geometry": {"type": "LineString", "coordinates": [[-3.751359, 58.578533], [-3.751359, 58.579574], [-3.7524, 58.580616], [-3.7524, 58.581658], [-3.751359, 58.582699], [-3.751359, 58.583741]]}, "properties": {"node_id": "os:node/8893189F-B559-440E-A938-2BB80169D2EE", "lat": 58.57885, "lon": -3.75128, "dist_m": 543, "in_scope": false, "traced": true, "path_m": 609, "straight_m": 543, "detour": 1.12, "max_elev_crossed_m": 5.9, "min_depth_m": -0.9, "drying_px": 5, "drying_m": 508, "drying_frac": 0.833}}, {"type": "Feature", "geometry": {"type": "LineString", "coordinates": [[-6.532369, 56.673002], [-6.533411, 56.674043], [-6.534453, 56.675085], [-6.534453, 56.676127], [-6.534453, 56.677168]]}, "properties": {"node_id": "os:node/08FACC75-5396-47D4-87EC-9019808E3D36", "lat": 56.67284, "lon": -6.53289, "dist_m": 541, "in_scope": false, "traced": true, "path_m": 497, "straight_m": 541, "detour": 0.92, "max_elev_crossed_m": 1.6, "min_depth_m": -18.3, "drying_px": 3, "drying_m": 298, "drying_frac": 0.6}}, {"type": "Feature", "geometry": {"type": "LineString", "coordinates": [[-4.007719, 53.269424], [-4.007719, 53.270466], [-4.007719, 53.271508], [-4.007719, 53.272549], [-4.007719, 53.273591], [-4.007719, 53.274633]]}, "properties": {"node_id": "os:node/DC15B96D-8E92-4396-8E83-8B71DD66B4AB", "lat": 53.26944, "lon": -4.00824, "dist_m": 540, "in_scope": true, "traced": true, "path_m": 580, "straight_m": 540, "detour": 1.07, "max_elev_crossed_m": 1.7, "min_depth_m": -13.2, "drying_px": 4, "drying_m": 387, "drying_frac": 0.667}}, {"type": "Feature", "geometry": {"type": "LineString", "coordinates": [[-6.179931, 56.3342], [-6.179931, 56.335242], [-6.180973, 56.335242], [-6.182015, 56.336284], [-6.183056, 56.336284], [-6.184098, 56.336284], [-6.18514, 56.336284], [-6.186181, 56.337325]]}, "properties": {"node_id": "os:node/6F9DDD60-2FD6-4191-AE0F-C1BB49449E4C", "lat": 56.33378, "lon": -6.17997, "dist_m": 536, "in_scope": false, "traced": true, "path_m": 638, "straight_m": 536, "detour": 1.19, "max_elev_crossed_m": 4.8, "min_depth_m": -4.8, "drying_px": 5, "drying_m": 399, "drying_frac": 0.625}}, {"type": "Feature", "geometry": {"type": "LineString", "coordinates": [[0.342061, 53.230131], [0.342061, 53.231172], [0.341019, 53.232214], [0.342061, 53.233256], [0.343102, 53.234297], [0.344144, 53.234297], [0.345186, 53.233256]]}, "properties": {"node_id": "os:node/A0E2A3DA-ADB0-4F53-9B91-BF62E130EFE4", "lat": 53.23011, "lon": 0.34154, "dist_m": 534, "in_scope": true, "traced": true, "path_m": 726, "straight_m": 534, "detour": 1.36, "max_elev_crossed_m": 2.8, "min_depth_m": -0.2, "drying_px": 6, "drying_m": 622, "drying_frac": 0.857}}, {"type": "Feature", "geometry": {"type": "LineString", "coordinates": [[-3.231822, 58.967015], [-3.232864, 58.968056], [-3.233906, 58.968056], [-3.234947, 58.967015], [-3.235989, 58.967015], [-3.237031, 58.968056], [-3.238072, 58.967015]]}, "properties": {"node_id": "os:node/6B1D1165-774F-4795-A3D5-BE48862EF041", "lat": 58.96678, "lon": -3.23152, "dist_m": 532, "in_scope": false, "traced": true, "path_m": 641, "straight_m": 532, "detour": 1.21, "max_elev_crossed_m": 1.1, "min_depth_m": -0.3, "drying_px": 5, "drying_m": 458, "drying_frac": 0.714}}, {"type": "Feature", "geometry": {"type": "LineString", "coordinates": [[-3.088583, 59.120435], [-3.089624, 59.121477], [-3.089624, 59.122518], [-3.090666, 59.12356], [-3.090666, 59.124602]]}, "properties": {"node_id": "os:node/8F4E828C-EEA2-4813-B079-55728E664603", "lat": 59.12051, "lon": -3.08875, "dist_m": 531, "in_scope": false, "traced": true, "path_m": 493, "straight_m": 531, "detour": 0.93, "max_elev_crossed_m": 4.0, "min_depth_m": -1.3, "drying_px": 4, "drying_m": 394, "drying_frac": 0.8}}, {"type": "Feature", "geometry": {"type": "LineString", "coordinates": [[-7.308989, 57.406021], [-7.307948, 57.404979], [-7.306906, 57.403938], [-7.305864, 57.403938], [-7.304823, 57.403938], [-7.303781, 57.403938], [-7.302739, 57.403937]]}, "properties": {"node_id": "os:node/9D63ABCC-1B15-453A-A3EF-76BF0807F2FB", "lat": 57.4055, "lon": -7.30951, "dist_m": 530, "in_scope": false, "traced": true, "path_m": 513, "straight_m": 530, "detour": 0.97, "max_elev_crossed_m": 6.1, "min_depth_m": -0.1, "drying_px": 6, "drying_m": 440, "drying_frac": 0.857}}, {"type": "Feature", "geometry": {"type": "LineString", "coordinates": [[-5.228488, 57.850439], [-5.228488, 57.849398], [-5.22953, 57.848356], [-5.230571, 57.848356], [-5.231613, 57.848356], [-5.232655, 57.849398], [-5.233696, 57.849398], [-5.234738, 57.849398], [-5.23578, 57.849398]]}, "properties": {"node_id": "os:node/CAB64BC6-7207-4A9C-AB03-2469763EBDDB", "lat": 57.85096, "lon": -5.2284, "dist_m": 528, "in_scope": false, "traced": true, "path_m": 687, "straight_m": 528, "detour": 1.3, "max_elev_crossed_m": 5.8, "min_depth_m": -0.3, "drying_px": 8, "drying_m": 611, "drying_frac": 0.889}}, {"type": "Feature", "geometry": {"type": "LineString", "coordinates": [[-6.627259, 56.587329], [-6.628301, 56.586288], [-6.628301, 56.585246], [-6.628301, 56.584204], [-6.627259, 56.583162], [-6.626218, 56.583163]]}, "properties": {"node_id": "os:node/5E6CFE8E-6153-4D76-9690-E309151C4F77", "lat": 56.58785, "lon": -6.62778, "dist_m": 528, "in_scope": false, "traced": true, "path_m": 561, "straight_m": 528, "detour": 1.06, "max_elev_crossed_m": 4.8, "min_depth_m": -3.0, "drying_px": 5, "drying_m": 467, "drying_frac": 0.833}}, {"type": "Feature", "geometry": {"type": "LineString", "coordinates": [[-2.368119, 56.781521], [-2.368119, 56.780479], [-2.368119, 56.779437], [-2.367078, 56.778396], [-2.366036, 56.777354], [-2.364994, 56.776312]]}, "properties": {"node_id": "os:node/ADE0BC46-D526-46E2-88CB-5BE8A0C1CAC1", "lat": 56.781, "lon": -2.36864, "dist_m": 527, "in_scope": false, "traced": true, "path_m": 629, "straight_m": 527, "detour": 1.19, "max_elev_crossed_m": 3.0, "min_depth_m": -0.8, "drying_px": 4, "drying_m": 419, "drying_frac": 0.667}}, {"type": "Feature", "geometry": {"type": "LineString", "coordinates": [[-3.571449, 58.145639], [-3.570408, 58.144597], [-3.569366, 58.143556], [-3.569366, 58.142514], [-3.569366, 58.141472]]}, "properties": {"node_id": "os:node/F4B599E1-C5D7-452F-810C-23A53595379A", "lat": 58.14616, "lon": -3.57197, "dist_m": 526, "in_scope": false, "traced": true, "path_m": 494, "straight_m": 526, "detour": 0.94, "max_elev_crossed_m": 9.4, "min_depth_m": -1.7, "drying_px": 3, "drying_m": 296, "drying_frac": 0.6}}, {"type": "Feature", "geometry": {"type": "LineString", "coordinates": [[-4.558885, 51.742431], [-4.559927, 51.741389], [-4.560968, 51.740347], [-4.56201, 51.740347], [-4.563052, 51.739306], [-4.564093, 51.739306]]}, "properties": {"node_id": "os:node/A17A2A73-EFFF-4DBD-BB6E-362F62AF1552", "lat": 51.74191, "lon": -4.55939, "dist_m": 524, "in_scope": true, "traced": true, "path_m": 553, "straight_m": 524, "detour": 1.05, "max_elev_crossed_m": 6.0, "min_depth_m": -0.8, "drying_px": 5, "drying_m": 461, "drying_frac": 0.833}}, {"type": "Feature", "geometry": {"type": "LineString", "coordinates": [[-3.962219, 57.972949], [-3.961178, 57.971907], [-3.961178, 57.970866], [-3.961178, 57.969824], [-3.961178, 57.968782], [-3.961178, 57.967741], [-3.961178, 57.966699]]}, "properties": {"node_id": "os:node/A51102DB-1F12-45DE-86B4-159D832857E8", "lat": 57.97347, "lon": -3.96274, "dist_m": 522, "in_scope": false, "traced": true, "path_m": 711, "straight_m": 522, "detour": 1.36, "max_elev_crossed_m": 2.0, "min_depth_m": -0.1, "drying_px": 6, "drying_m": 609, "drying_frac": 0.857}}, {"type": "Feature", "geometry": {"type": "LineString", "coordinates": [[-3.209149, 58.806349], [-3.208108, 58.805308], [-3.207066, 58.804266], [-3.206024, 58.804266], [-3.204983, 58.803224], [-3.203941, 58.803224], [-3.202899, 58.803224], [-3.201858, 58.802183]]}, "properties": {"node_id": "os:node/22ACBA0D-B1C9-4D5C-A446-1CE5619B035F", "lat": 58.80687, "lon": -3.20967, "dist_m": 521, "in_scope": false, "traced": true, "path_m": 703, "straight_m": 521, "detour": 1.35, "max_elev_crossed_m": 1.5, "min_depth_m": -0.3, "drying_px": 7, "drying_m": 615, "drying_frac": 0.875}}, {"type": "Feature", "geometry": {"type": "LineString", "coordinates": [[-3.316879, 58.909639], [-3.316879, 58.910681], [-3.315838, 58.911722], [-3.314796, 58.911722], [-3.313754, 58.911722], [-3.312713, 58.910681], [-3.311671, 58.911722], [-3.310629, 58.910681], [-3.309588, 58.910681]]}, "properties": {"node_id": "os:node/04DB4669-24E8-40F0-9683-1E7BDE490629", "lat": 58.91016, "lon": -3.3174, "dist_m": 519, "in_scope": false, "traced": true, "path_m": 818, "straight_m": 519, "detour": 1.58, "max_elev_crossed_m": 1.7, "min_depth_m": -1.4, "drying_px": 7, "drying_m": 636, "drying_frac": 0.778}}, {"type": "Feature", "geometry": {"type": "LineString", "coordinates": [[-5.54224, 56.145999], [-5.543282, 56.145999], [-5.544323, 56.145999], [-5.545365, 56.145999], [-5.546407, 56.147041], [-5.547448, 56.145999], [-5.547448, 56.144958], [-5.54849, 56.143916], [-5.549532, 56.143916], [-5.550573, 56.144957]]}, "properties": {"node_id": "os:node/FD1E068E-6513-48DD-9EB1-EF01EF9886F9", "lat": 56.14652, "lon": -5.54191, "dist_m": 518, "in_scope": false, "traced": true, "path_m": 905, "straight_m": 518, "detour": 1.75, "max_elev_crossed_m": 2.9, "min_depth_m": -0.3, "drying_px": 9, "drying_m": 815, "drying_frac": 0.9}}, {"type": "Feature", "geometry": {"type": "LineString", "coordinates": [[-2.370901, 56.780031], [-2.369859, 56.778989], [-2.368817, 56.778989], [-2.367776, 56.777947], [-2.367776, 56.776906], [-2.366734, 56.775864]]}, "properties": {"node_id": "os:node/ACAB22B7-C224-4411-9478-DA703762560A", "lat": 56.77951, "lon": -2.37038, "dist_m": 516, "in_scope": false, "traced": true, "path_m": 576, "straight_m": 516, "detour": 1.12, "max_elev_crossed_m": 4.4, "min_depth_m": -1.8, "drying_px": 5, "drying_m": 480, "drying_frac": 0.833}}, {"type": "Feature", "geometry": {"type": "LineString", "coordinates": [[-0.863549, 60.757139], [-0.862508, 60.757139], [-0.861466, 60.757139], [-0.860424, 60.757139], [-0.859383, 60.757139], [-0.858341, 60.757139], [-0.857299, 60.758181], [-0.856258, 60.757139], [-0.855216, 60.757139], [-0.854174, 60.757139]]}, "properties": {"node_id": "os:node/1718B991-117A-4B81-B4EB-D580F6137F86", "lat": 60.75766, "lon": -0.86407, "dist_m": 516, "in_scope": false, "traced": true, "path_m": 655, "straight_m": 516, "detour": 1.27, "max_elev_crossed_m": 2.5, "min_depth_m": -0.1, "drying_px": 8, "drying_m": 524, "drying_frac": 0.8}}, {"type": "Feature", "geometry": {"type": "LineString", "coordinates": [[-5.486774, 57.857889], [-5.485732, 57.858931], [-5.486774, 57.859973], [-5.486774, 57.861014]]}, "properties": {"node_id": "os:node/ABE96274-7AFD-4511-9A4E-136411335401", "lat": 57.85795, "lon": -5.48699, "dist_m": 514, "in_scope": false, "traced": true, "path_m": 379, "straight_m": 514, "detour": 0.74, "max_elev_crossed_m": 3.0, "min_depth_m": -0.3, "drying_px": 2, "drying_m": 189, "drying_frac": 0.5}}, {"type": "Feature", "geometry": {"type": "LineString", "coordinates": [[-7.016841, 57.886171], [-7.016841, 57.885129], [-7.017883, 57.884087], [-7.018924, 57.883046], [-7.018924, 57.882004], [-7.019966, 57.880962]]}, "properties": {"node_id": "os:node/54ABD4C9-3AD6-4BD5-B2A0-4E2298A2D0A7", "lat": 57.88565, "lon": -7.01731, "dist_m": 514, "in_scope": false, "traced": true, "path_m": 626, "straight_m": 514, "detour": 1.22, "max_elev_crossed_m": 4.5, "min_depth_m": -1.1, "drying_px": 4, "drying_m": 417, "drying_frac": 0.667}}, {"type": "Feature", "geometry": {"type": "LineString", "coordinates": [[-4.876849, 55.733489], [-4.876849, 55.734531], [-4.876849, 55.735573], [-4.875808, 55.736614], [-4.875808, 55.737656]]}, "properties": {"node_id": "os:node/27E265ED-F035-4E2C-AD34-581AE967126D", "lat": 55.73367, "lon": -4.87737, "dist_m": 512, "in_scope": true, "traced": true, "path_m": 481, "straight_m": 512, "detour": 0.94, "max_elev_crossed_m": 3.1, "min_depth_m": -0.1, "drying_px": 4, "drying_m": 385, "drying_frac": 0.8}}, {"type": "Feature", "geometry": {"type": "LineString", "coordinates": [[-4.971951, 51.996763], [-4.971951, 51.997805], [-4.971951, 51.998847], [-4.971951, 51.999888], [-4.971951, 52.00093]]}, "properties": {"node_id": "os:node/450D78B4-5CB2-4CE8-8610-24B33D74A411", "lat": 51.997, "lon": -4.97166, "dist_m": 510, "in_scope": true, "traced": true, "path_m": 464, "straight_m": 510, "detour": 0.91, "max_elev_crossed_m": 4.9, "min_depth_m": -0.3, "drying_px": 3, "drying_m": 278, "drying_frac": 0.6}}, {"type": "Feature", "geometry": {"type": "LineString", "coordinates": [[-2.888759, 58.825601], [-2.887717, 58.825601], [-2.886676, 58.825601], [-2.885634, 58.826642], [-2.884592, 58.827684], [-2.883551, 58.827684], [-2.882509, 58.828726]]}, "properties": {"node_id": "os:node/142BDE3C-9A27-48B2-B175-053E33407276", "lat": 58.82508, "lon": -2.88928, "dist_m": 510, "in_scope": false, "traced": true, "path_m": 572, "straight_m": 510, "detour": 1.12, "max_elev_crossed_m": 3.4, "min_depth_m": -1.0, "drying_px": 6, "drying_m": 490, "drying_frac": 0.857}}, {"type": "Feature", "geometry": {"type": "LineString", "coordinates": [[-5.971189, 56.681539], [-5.970148, 56.681539], [-5.969106, 56.680498], [-5.968064, 56.680498], [-5.967023, 56.680498], [-5.965981, 56.679456], [-5.965981, 56.678414]]}, "properties": {"node_id": "os:node/AB660C89-BA9B-4B87-B7B0-23ED67783461", "lat": 56.68206, "lon": -5.97171, "dist_m": 509, "in_scope": false, "traced": true, "path_m": 572, "straight_m": 509, "detour": 1.12, "max_elev_crossed_m": 4.7, "min_depth_m": -7.7, "drying_px": 6, "drying_m": 490, "drying_frac": 0.857}}, {"type": "Feature", "geometry": {"type": "LineString", "coordinates": [[-5.720933, 57.302049], [-5.719891, 57.302049], [-5.71885, 57.302049], [-5.717808, 57.303091], [-5.71885, 57.304132], [-5.719891, 57.304132], [-5.720933, 57.304132], [-5.721975, 57.304132], [-5.723016, 57.304132], [-5.724058, 57.304132], [-5.7251, 57.304132], [-5.726141, 57.304132], [-5.727183, 57.303091], [-5.728225, 57.304133]]}, "properties": {"node_id": "os:node/62492F43-08D7-491D-BA08-EBDF3611C073", "lat": 57.30257, "lon": -5.72058, "dist_m": 507, "in_scope": false, "traced": true, "path_m": 1091, "straight_m": 507, "detour": 2.15, "max_elev_crossed_m": 3.9, "min_depth_m": -1.3, "drying_px": 13, "drying_m": 1013, "drying_frac": 0.929}}, {"type": "Feature", "geometry": {"type": "LineString", "coordinates": [[-5.150879, 50.093921], [-5.151921, 50.094962], [-5.151921, 50.096004], [-5.151921, 50.097046], [-5.152962, 50.098087], [-5.151921, 50.099129], [-5.150879, 50.099129], [-5.149838, 50.099129], [-5.148796, 50.098087], [-5.147754, 50.098087], [-5.146713, 50.097046]]}, "properties": {"node_id": "os:node/F2930270-559B-4577-B9CB-41E31C136E0E", "lat": 50.09394, "lon": -5.1514, "dist_m": 507, "in_scope": true, "traced": true, "path_m": 1144, "straight_m": 507, "detour": 2.26, "max_elev_crossed_m": 9.9, "min_depth_m": -3.9, "drying_px": 7, "drying_m": 728, "drying_frac": 0.636}}, {"type": "Feature", "geometry": {"type": "LineString", "coordinates": [[-1.395183, 60.216299], [-1.396224, 60.215258], [-1.395183, 60.214216], [-1.396224, 60.213174], [-1.397266, 60.212133]]}, "properties": {"node_id": "os:node/AAFA4968-25B5-47A4-A51C-52C4834A78BA", "lat": 60.21682, "lon": -1.3953, "dist_m": 506, "in_scope": false, "traced": true, "path_m": 518, "straight_m": 506, "detour": 1.02, "max_elev_crossed_m": 0.2, "min_depth_m": -3.3, "drying_px": 3, "drying_m": 311, "drying_frac": 0.6}}, {"type": "Feature", "geometry": {"type": "LineString", "coordinates": [[-4.693579, 58.509001], [-4.693579, 58.507959], [-4.692538, 58.506917], [-4.692538, 58.505876], [-4.693579, 58.504834], [-4.693579, 58.503792]]}, "properties": {"node_id": "os:node/E7E94BA3-2F54-4F9C-85F2-61CBC6F31526", "lat": 58.50848, "lon": -4.6941, "dist_m": 506, "in_scope": false, "traced": true, "path_m": 610, "straight_m": 506, "detour": 1.2, "max_elev_crossed_m": 1.8, "min_depth_m": -0.1, "drying_px": 5, "drying_m": 508, "drying_frac": 0.833}}, {"type": "Feature", "geometry": {"type": "LineString", "coordinates": [[-4.644369, 53.317226], [-4.645411, 53.318267], [-4.644369, 53.319309], [-4.644369, 53.320351], [-4.644369, 53.321392], [-4.644369, 53.322434]]}, "properties": {"node_id": "os:node/AC5B7D2A-5ECA-4CC6-B260-C0FBA8D2AC20", "lat": 53.31766, "lon": -4.64489, "dist_m": 504, "in_scope": true, "traced": true, "path_m": 618, "straight_m": 504, "detour": 1.23, "max_elev_crossed_m": 2.5, "min_depth_m": -2.7, "drying_px": 5, "drying_m": 515, "drying_frac": 0.833}}, {"type": "Feature", "geometry": {"type": "LineString", "coordinates": [[-1.419395, 60.603219], [-1.420437, 60.603219], [-1.421479, 60.603219], [-1.421479, 60.602177], [-1.42252, 60.601136], [-1.423562, 60.601136], [-1.424604, 60.600094], [-1.425645, 60.600094]]}, "properties": {"node_id": "os:node/B892CC88-5DE2-4064-AA2B-ECCA64134C4C", "lat": 60.60374, "lon": -1.41924, "dist_m": 502, "in_scope": false, "traced": true, "path_m": 602, "straight_m": 502, "detour": 1.2, "max_elev_crossed_m": 2.6, "min_depth_m": -0.3, "drying_px": 5, "drying_m": 376, "drying_frac": 0.625}}, {"type": "Feature", "geometry": {"type": "LineString", "coordinates": [[-6.052751, 56.762612], [-6.053793, 56.763654], [-6.053793, 56.764695], [-6.053793, 56.765737]]}, "properties": {"node_id": "os:node/789EF77E-386E-42B6-9B50-6266114F9136", "lat": 56.76232, "lon": -6.05308, "dist_m": 501, "in_scope": false, "traced": true, "path_m": 364, "straight_m": 501, "detour": 0.73, "max_elev_crossed_m": 5.4, "min_depth_m": -5.9, "drying_px": 2, "drying_m": 182, "drying_frac": 0.5}}, {"type": "Feature", "geometry": {"type": "LineString", "coordinates": [[-1.236299, 50.745264], [-1.236299, 50.746306], [-1.236299, 50.747348], [-1.235258, 50.748389], [-1.234216, 50.749431]]}, "properties": {"node_id": "os:node/DA7F8307-AFAD-42B7-AAE2-8B9EFE37EF20", "lat": 50.74528, "lon": -1.23682, "dist_m": 499, "in_scope": true, "traced": true, "path_m": 506, "straight_m": 499, "detour": 1.01, "max_elev_crossed_m": 1.6, "min_depth_m": -0.1, "drying_px": 4, "drying_m": 405, "drying_frac": 0.8}}, {"type": "Feature", "geometry": {"type": "LineString", "coordinates": [[-5.407688, 56.555889], [-5.407688, 56.556931], [-5.407688, 56.557972], [-5.40873, 56.559014], [-5.409771, 56.560056], [-5.409771, 56.561097], [-5.409771, 56.562139]]}, "properties": {"node_id": "os:node/057862BD-114E-4B47-9E64-CA472544BCE4", "lat": 56.55556, "lon": -5.40755, "dist_m": 496, "in_scope": false, "traced": true, "path_m": 729, "straight_m": 496, "detour": 1.47, "max_elev_crossed_m": 4.8, "min_depth_m": -5.7, "drying_px": 6, "drying_m": 625, "drying_frac": 0.857}}, {"type": "Feature", "geometry": {"type": "LineString", "coordinates": [[-6.182845, 56.512539], [-6.181803, 56.511498], [-6.180761, 56.510456], [-6.17972, 56.509414], [-6.180761, 56.508372], [-6.181803, 56.507331]]}, "properties": {"node_id": "os:node/9B0B60B1-C1F2-44C4-B932-D42871866A41", "lat": 56.51306, "lon": -6.18281, "dist_m": 496, "in_scope": false, "traced": true, "path_m": 662, "straight_m": 496, "detour": 1.34, "max_elev_crossed_m": 4.6, "min_depth_m": -1.4, "drying_px": 5, "drying_m": 552, "drying_frac": 0.833}}, {"type": "Feature", "geometry": {"type": "LineString", "coordinates": [[-7.10703, 58.098669], [-7.108071, 58.098669], [-7.109113, 58.098669], [-7.110155, 58.098669], [-7.111196, 58.097627], [-7.112238, 58.096586], [-7.11328, 58.096586]]}, "properties": {"node_id": "os:node/554FFD71-F46E-42F8-B0F9-F500B98D8329", "lat": 58.09919, "lon": -7.10661, "dist_m": 496, "in_scope": false, "traced": true, "path_m": 507, "straight_m": 496, "detour": 1.02, "max_elev_crossed_m": 1.1, "min_depth_m": -2.5, "drying_px": 6, "drying_m": 435, "drying_frac": 0.857}}, {"type": "Feature", "geometry": {"type": "LineString", "coordinates": [[-5.905039, 57.058811], [-5.905039, 57.057769], [-5.906081, 57.056727], [-5.906081, 57.055686], [-5.905039, 57.054644], [-5.905039, 57.053602]]}, "properties": {"node_id": "os:node/62596626-AB87-483F-8061-89A62CC881D1", "lat": 57.05829, "lon": -5.90556, "dist_m": 495, "in_scope": false, "traced": true, "path_m": 612, "straight_m": 495, "detour": 1.24, "max_elev_crossed_m": 4.3, "min_depth_m": -1.6, "drying_px": 4, "drying_m": 408, "drying_frac": 0.667}}, {"type": "Feature", "geometry": {"type": "LineString", "coordinates": [[-6.574836, 56.64922], [-6.573795, 56.650261], [-6.573795, 56.651303], [-6.573795, 56.652345], [-6.573795, 56.653386]]}, "properties": {"node_id": "os:node/494A3DE5-05FE-48D3-AD82-781483BF5D50", "lat": 56.64956, "lon": -6.57479, "dist_m": 493, "in_scope": false, "traced": true, "path_m": 480, "straight_m": 493, "detour": 0.97, "max_elev_crossed_m": 3.4, "min_depth_m": -3.9, "drying_px": 3, "drying_m": 288, "drying_frac": 0.6}}, {"type": "Feature", "geometry": {"type": "LineString", "coordinates": [[-0.305023, 53.714812], [-0.305023, 53.715854], [-0.305023, 53.716896], [-0.305023, 53.717937], [-0.305023, 53.718979], [-0.305023, 53.720021], [-0.305023, 53.721062], [-0.305023, 53.722104], [-0.303981, 53.723146], [-0.303981, 53.724187]]}, "properties": {"node_id": "os:node/78A47D30-5DC8-43BB-9E69-961409B956CA", "lat": 53.71488, "lon": -0.30539, "dist_m": 493, "in_scope": true, "traced": true, "path_m": 1062, "straight_m": 493, "detour": 2.15, "max_elev_crossed_m": 7.4, "min_depth_m": -0.1, "drying_px": 8, "drying_m": 850, "drying_frac": 0.8}}, {"type": "Feature", "geometry": {"type": "LineString", "coordinates": [[-6.433915, 57.324278], [-6.433915, 57.32532], [-6.433915, 57.326361], [-6.433915, 57.327403]]}, "properties": {"node_id": "os:node/19FCEAF6-114B-4FD3-A9C2-6355B996067E", "lat": 57.3246, "lon": -6.43377, "dist_m": 487, "in_scope": false, "traced": true, "path_m": 348, "straight_m": 487, "detour": 0.71, "max_elev_crossed_m": 4.0, "min_depth_m": -16.6, "drying_px": 3, "drying_m": 261, "drying_frac": 0.75}}, {"type": "Feature", "geometry": {"type": "LineString", "coordinates": [[-3.337693, 59.050058], [-3.338735, 59.050058], [-3.339776, 59.0511], [-3.340818, 59.052141], [-3.34186, 59.052141], [-3.342901, 59.052141], [-3.343943, 59.052141], [-3.344985, 59.053183]]}, "properties": {"node_id": "os:node/2207BFC9-5044-4C74-B068-D462891D99AD", "lat": 59.05049, "lon": -3.33813, "dist_m": 486, "in_scope": false, "traced": true, "path_m": 630, "straight_m": 486, "detour": 1.3, "max_elev_crossed_m": 4.3, "min_depth_m": -0.1, "drying_px": 7, "drying_m": 551, "drying_frac": 0.875}}, {"type": "Feature", "geometry": {"type": "LineString", "coordinates": [[-5.632886, 57.855429], [-5.632886, 57.854387], [-5.633927, 57.853346], [-5.633927, 57.852304]]}, "properties": {"node_id": "os:node/6FE088FF-221D-43CF-878D-26F81EBAC972", "lat": 57.85595, "lon": -5.63316, "dist_m": 485, "in_scope": false, "traced": true, "path_m": 363, "straight_m": 485, "detour": 0.75, "max_elev_crossed_m": 1.2, "min_depth_m": -2.3, "drying_px": 3, "drying_m": 272, "drying_frac": 0.75}}, {"type": "Feature", "geometry": {"type": "LineString", "coordinates": [[-6.403694, 57.355979], [-6.404735, 57.354938], [-6.405777, 57.353896], [-6.406819, 57.353896], [-6.40786, 57.352854], [-6.408902, 57.352854]]}, "properties": {"node_id": "os:node/A7ED6A15-B386-49BD-8440-02F8195F8264", "lat": 57.3565, "lon": -6.40334, "dist_m": 485, "in_scope": false, "traced": true, "path_m": 520, "straight_m": 485, "detour": 1.07, "max_elev_crossed_m": 0.0, "min_depth_m": -0.0, "drying_px": 5, "drying_m": 434, "drying_frac": 0.833}}, {"type": "Feature", "geometry": {"type": "LineString", "coordinates": [[-4.411545, 52.996981], [-4.411545, 52.998022], [-4.411545, 52.999064], [-4.412587, 53.000106]]}, "properties": {"node_id": "os:node/7D525D54-C92D-4B13-A8CF-12501F98D0E3", "lat": 52.99736, "lon": -4.41204, "dist_m": 485, "in_scope": true, "traced": true, "path_m": 367, "straight_m": 485, "detour": 0.76, "max_elev_crossed_m": 5.3, "min_depth_m": -1.6, "drying_px": 2, "drying_m": 184, "drying_frac": 0.5}}, {"type": "Feature", "geometry": {"type": "LineString", "coordinates": [[-5.670341, 56.689029], [-5.671382, 56.687987], [-5.672424, 56.686946], [-5.673466, 56.685904], [-5.674507, 56.685904]]}, "properties": {"node_id": "os:node/209F4B38-8105-4296-BD07-16BC5C9A2C6A", "lat": 56.68955, "lon": -5.67054, "dist_m": 483, "in_scope": false, "traced": true, "path_m": 461, "straight_m": 483, "detour": 0.95, "max_elev_crossed_m": 0.1, "min_depth_m": -4.2, "drying_px": 3, "drying_m": 276, "drying_frac": 0.6}}, {"type": "Feature", "geometry": {"type": "LineString", "coordinates": [[-1.211669, 60.063909], [-1.210628, 60.064951], [-1.209586, 60.065992], [-1.208544, 60.065992], [-1.207503, 60.067034], [-1.206461, 60.068076]]}, "properties": {"node_id": "os:node/4035E13A-462A-4857-829E-693F27C9F4AE", "lat": 60.06443, "lon": -1.21219, "dist_m": 483, "in_scope": false, "traced": true, "path_m": 576, "straight_m": 483, "detour": 1.19, "max_elev_crossed_m": 16.8, "min_depth_m": -4.1, "drying_px": 3, "drying_m": 288, "drying_frac": 0.5}}, {"type": "Feature", "geometry": {"type": "LineString", "coordinates": [[-6.415639, 55.851692], [-6.415639, 55.852734], [-6.415639, 55.853776], [-6.414597, 55.854817], [-6.414597, 55.855859]]}, "properties": {"node_id": "os:node/6893CF23-0474-4C8A-8373-28A33A6CD1E8", "lat": 55.85206, "lon": -6.41548, "dist_m": 482, "in_scope": false, "traced": true, "path_m": 481, "straight_m": 482, "detour": 1.0, "max_elev_crossed_m": 5.9, "min_depth_m": -9.0, "drying_px": 3, "drying_m": 289, "drying_frac": 0.6}}, {"type": "Feature", "geometry": {"type": "LineString", "coordinates": [[-5.438861, 55.857989], [-5.439903, 55.857989], [-5.440944, 55.857989], [-5.441986, 55.857989], [-5.443028, 55.856948], [-5.444069, 55.856947]]}, "properties": {"node_id": "os:node/8A8B41B0-5261-416E-9348-CAC6724D1D61", "lat": 55.85851, "lon": -5.4384, "dist_m": 481, "in_scope": false, "traced": true, "path_m": 393, "straight_m": 481, "detour": 0.82, "max_elev_crossed_m": 0.0, "min_depth_m": -0.1, "drying_px": 4, "drying_m": 262, "drying_frac": 0.667}}, {"type": "Feature", "geometry": {"type": "LineString", "coordinates": [[-0.245944, 53.725681], [-0.246986, 53.724639], [-0.248028, 53.723598], [-0.249069, 53.722556], [-0.250111, 53.722556]]}, "properties": {"node_id": "os:node/64139117-2D63-4B96-84C7-2FE71563010F", "lat": 53.72516, "lon": -0.24566, "dist_m": 480, "in_scope": true, "traced": true, "path_m": 473, "straight_m": 480, "detour": 0.99, "max_elev_crossed_m": 0.5, "min_depth_m": -0.3, "drying_px": 3, "drying_m": 284, "drying_frac": 0.6}}, {"type": "Feature", "geometry": {"type": "LineString", "coordinates": [[-6.453599, 57.970329], [-6.452558, 57.970329], [-6.451516, 57.969287], [-6.450474, 57.969287], [-6.449433, 57.970329], [-6.448391, 57.970329]]}, "properties": {"node_id": "os:node/DCBF63F4-CDEF-433C-BE21-4F1BBE053842", "lat": 57.97085, "lon": -6.45412, "dist_m": 480, "in_scope": false, "traced": true, "path_m": 447, "straight_m": 480, "detour": 0.93, "max_elev_crossed_m": 4.0, "min_depth_m": -0.0, "drying_px": 5, "drying_m": 373, "drying_frac": 0.833}}, {"type": "Feature", "geometry": {"type": "LineString", "coordinates": [[-6.241595, 56.073931], [-6.242636, 56.072889], [-6.243678, 56.071848], [-6.24472, 56.071848], [-6.245761, 56.071848], [-6.246803, 56.071847]]}, "properties": {"node_id": "os:node/33B4319F-F068-4B1E-95B8-23B06684838D", "lat": 56.07341, "lon": -6.24142, "dist_m": 479, "in_scope": false, "traced": true, "path_m": 460, "straight_m": 479, "detour": 0.96, "max_elev_crossed_m": 5.3, "min_depth_m": -0.0, "drying_px": 3, "drying_m": 230, "drying_frac": 0.5}}, {"type": "Feature", "geometry": {"type": "LineString", "coordinates": [[-4.365729, 54.740724], [-4.364688, 54.741766], [-4.363646, 54.741766], [-4.362604, 54.740724], [-4.361563, 54.740724], [-4.360521, 54.740724], [-4.359479, 54.741766]]}, "properties": {"node_id": "os:node/F746684A-4053-456B-B6AA-A2CD045F302B", "lat": 54.74122, "lon": -4.36625, "dist_m": 476, "in_scope": false, "traced": true, "path_m": 602, "straight_m": 476, "detour": 1.27, "max_elev_crossed_m": 4.2, "min_depth_m": -0.4, "drying_px": 4, "drying_m": 344, "drying_frac": 0.571}}, {"type": "Feature", "geometry": {"type": "LineString", "coordinates": [[-6.380499, 58.067648], [-6.379458, 58.067648], [-6.378416, 58.067648], [-6.377374, 58.067648], [-6.376333, 58.067648], [-6.375291, 58.068689], [-6.374249, 58.068689], [-6.373208, 58.068689]]}, "properties": {"node_id": "os:node/3629A3B0-5569-4519-B234-4AE72303E861", "lat": 58.06793, "lon": -6.38102, "dist_m": 475, "in_scope": false, "traced": true, "path_m": 499, "straight_m": 475, "detour": 1.05, "max_elev_crossed_m": 6.6, "min_depth_m": -0.2, "drying_px": 7, "drying_m": 437, "drying_frac": 0.875}}, {"type": "Feature", "geometry": {"type": "LineString", "coordinates": [[-4.689829, 50.345829], [-4.690871, 50.344787], [-4.691913, 50.344787], [-4.692954, 50.344787], [-4.693996, 50.344787], [-4.695038, 50.343746]]}, "properties": {"node_id": "os:node/4AB9A7AE-DF2A-40C0-A09E-BCDCA6674A79", "lat": 50.34635, "lon": -4.68989, "dist_m": 474, "in_scope": true, "traced": true, "path_m": 497, "straight_m": 474, "detour": 1.05, "max_elev_crossed_m": 3.3, "min_depth_m": -1.0, "drying_px": 2, "drying_m": 166, "drying_frac": 0.333}}, {"type": "Feature", "geometry": {"type": "LineString", "coordinates": [[-4.428879, 58.530711], [-4.427838, 58.530711], [-4.426796, 58.530711], [-4.425754, 58.530711], [-4.424713, 58.530711], [-4.423671, 58.529669]]}, "properties": {"node_id": "os:node/0E4D2AE0-65A1-4A32-B84D-8D437E956C92", "lat": 58.53019, "lon": -4.4294, "dist_m": 474, "in_scope": false, "traced": true, "path_m": 373, "straight_m": 474, "detour": 0.79, "max_elev_crossed_m": 0.0, "min_depth_m": -0.1, "drying_px": 5, "drying_m": 311, "drying_frac": 0.833}}, {"type": "Feature", "geometry": {"type": "LineString", "coordinates": [[-2.446099, 57.669455], [-2.446099, 57.670496], [-2.446099, 57.671538], [-2.446099, 57.67258]]}, "properties": {"node_id": "os:node/3E5B0847-A702-4420-87E1-7E974D6BEF2C", "lat": 57.66896, "lon": -2.44662, "dist_m": 471, "in_scope": false, "traced": true, "path_m": 348, "straight_m": 471, "detour": 0.74, "max_elev_crossed_m": 4.4, "min_depth_m": -7.6, "drying_px": 2, "drying_m": 174, "drying_frac": 0.5}}, {"type": "Feature", "geometry": {"type": "LineString", "coordinates": [[-2.861509, 56.441604], [-2.861509, 56.442645], [-2.861509, 56.443687], [-2.862551, 56.444729]]}, "properties": {"node_id": "os:node/28FAE55E-B49F-4BB0-90D6-2B0920C4E31C", "lat": 56.44122, "lon": -2.86203, "dist_m": 471, "in_scope": false, "traced": true, "path_m": 364, "straight_m": 471, "detour": 0.77, "max_elev_crossed_m": 4.3, "min_depth_m": -0.3, "drying_px": 3, "drying_m": 273, "drying_frac": 0.75}}, {"type": "Feature", "geometry": {"type": "LineString", "coordinates": [[-5.891559, 57.239199], [-5.891559, 57.240241], [-5.891559, 57.241283], [-5.891559, 57.242324], [-5.891559, 57.243366]]}, "properties": {"node_id": "os:node/D6C8F70D-E8D9-42B5-85FE-23E720410F1B", "lat": 57.23897, "lon": -5.89208, "dist_m": 468, "in_scope": false, "traced": true, "path_m": 464, "straight_m": 468, "detour": 0.99, "max_elev_crossed_m": 6.2, "min_depth_m": -2.8, "drying_px": 3, "drying_m": 278, "drying_frac": 0.6}}, {"type": "Feature", "geometry": {"type": "LineString", "coordinates": [[-6.135239, 57.361541], [-6.134198, 57.362582], [-6.134198, 57.363624], [-6.133156, 57.364666]]}, "properties": {"node_id": "os:node/8965B71E-92CE-493D-BD59-85C78F21D91F", "lat": 57.36103, "lon": -6.13576, "dist_m": 465, "in_scope": false, "traced": true, "path_m": 379, "straight_m": 465, "detour": 0.82, "max_elev_crossed_m": 1.0, "min_depth_m": -1.5, "drying_px": 2, "drying_m": 190, "drying_frac": 0.5}}, {"type": "Feature", "geometry": {"type": "LineString", "coordinates": [[-2.566419, 59.082969], [-2.566419, 59.081928], [-2.565378, 59.080886], [-2.564336, 59.079844]]}, "properties": {"node_id": "os:node/6B0EFDA0-940A-456D-9F07-FF64C031BD13", "lat": 59.08349, "lon": -2.56694, "dist_m": 459, "in_scope": false, "traced": true, "path_m": 377, "straight_m": 459, "detour": 0.82, "max_elev_crossed_m": 3.4, "min_depth_m": -0.7, "drying_px": 3, "drying_m": 283, "drying_frac": 0.75}}, {"type": "Feature", "geometry": {"type": "LineString", "coordinates": [[-4.613277, 58.521674], [-4.614318, 58.522716], [-4.613277, 58.523757], [-4.613277, 58.524799]]}, "properties": {"node_id": "os:node/324F3403-5D36-459F-BF93-FF8ABDBCF4FA", "lat": 58.52121, "lon": -4.61372, "dist_m": 457, "in_scope": false, "traced": true, "path_m": 378, "straight_m": 457, "detour": 0.83, "max_elev_crossed_m": 5.2, "min_depth_m": -0.2, "drying_px": 3, "drying_m": 283, "drying_frac": 0.75}}, {"type": "Feature", "geometry": {"type": "LineString", "coordinates": [[-6.379689, 58.07887], [-6.378648, 58.07887], [-6.377606, 58.079912], [-6.376564, 58.079912], [-6.375523, 58.079912], [-6.374481, 58.080953], [-6.374481, 58.081995]]}, "properties": {"node_id": "os:node/6D5F2EBC-F43C-48AD-A4ED-199C10F8BF16", "lat": 58.07865, "lon": -6.38021, "dist_m": 457, "in_scope": false, "traced": true, "path_m": 562, "straight_m": 457, "detour": 1.23, "max_elev_crossed_m": 1.7, "min_depth_m": -3.5, "drying_px": 5, "drying_m": 402, "drying_frac": 0.714}}, {"type": "Feature", "geometry": {"type": "LineString", "coordinates": [[-4.515692, 52.137506], [-4.515692, 52.138548], [-4.515692, 52.13959], [-4.515692, 52.140631], [-4.515692, 52.141673]]}, "properties": {"node_id": "os:node/C4937364-2542-43E1-9CC4-373E21980F67", "lat": 52.13714, "lon": -4.516, "dist_m": 454, "in_scope": true, "traced": true, "path_m": 464, "straight_m": 454, "detour": 1.02, "max_elev_crossed_m": 1.1, "min_depth_m": -0.5, "drying_px": 3, "drying_m": 278, "drying_frac": 0.6}}, {"type": "Feature", "geometry": {"type": "LineString", "coordinates": [[-1.452008, 60.433339], [-1.45305, 60.434381], [-1.454091, 60.435423], [-1.455133, 60.435423], [-1.456175, 60.434381], [-1.457216, 60.433339], [-1.457216, 60.432298]]}, "properties": {"node_id": "os:node/D2DCC69B-AA3E-42A7-9111-8BF123336497", "lat": 60.43386, "lon": -1.45218, "dist_m": 454, "in_scope": false, "traced": true, "path_m": 690, "straight_m": 454, "detour": 1.52, "max_elev_crossed_m": 16.7, "min_depth_m": -0.8, "drying_px": 6, "drying_m": 592, "drying_frac": 0.857}}, {"type": "Feature", "geometry": {"type": "LineString", "coordinates": [[-5.693155, 50.054341], [-5.694197, 50.053299], [-5.695239, 50.052257], [-5.69628, 50.052257]]}, "properties": {"node_id": "os:node/47122AB7-C7D9-4D46-BA92-0AA7395DD896", "lat": 50.05382, "lon": -5.69269, "dist_m": 452, "in_scope": true, "traced": true, "path_m": 350, "straight_m": 452, "detour": 0.77, "max_elev_crossed_m": 34.4, "min_depth_m": -2.7, "drying_px": 1, "drying_m": 88, "drying_frac": 0.25}}, {"type": "Feature", "geometry": {"type": "LineString", "coordinates": [[-4.065198, 57.723819], [-4.065198, 57.722778], [-4.065198, 57.721736], [-4.065198, 57.720694], [-4.065198, 57.719653]]}, "properties": {"node_id": "os:node/381632F5-F617-4CCF-B63B-A70D540B6970", "lat": 57.72434, "lon": -4.06549, "dist_m": 452, "in_scope": false, "traced": true, "path_m": 464, "straight_m": 452, "detour": 1.03, "max_elev_crossed_m": 1.7, "min_depth_m": -0.0, "drying_px": 4, "drying_m": 371, "drying_frac": 0.8}}, {"type": "Feature", "geometry": {"type": "LineString", "coordinates": [[-6.569249, 57.376468], [-6.568208, 57.376468], [-6.567166, 57.37751], [-6.566124, 57.37751], [-6.565083, 57.376468], [-6.564041, 57.37751], [-6.564041, 57.378551]]}, "properties": {"node_id": "os:node/2D294B49-3126-4C48-AFFF-AB44EA4A500F", "lat": 57.37648, "lon": -6.56977, "dist_m": 451, "in_scope": false, "traced": true, "path_m": 636, "straight_m": 451, "detour": 1.41, "max_elev_crossed_m": 6.1, "min_depth_m": -3.2, "drying_px": 5, "drying_m": 454, "drying_frac": 0.714}}, {"type": "Feature", "geometry": {"type": "LineString", "coordinates": [[-6.078327, 57.403744], [-6.079369, 57.404785], [-6.080411, 57.404785], [-6.081452, 57.404785], [-6.082494, 57.405827], [-6.083536, 57.405827]]}, "properties": {"node_id": "os:node/CE9A8A70-A362-4270-B0ED-F35BBE452F60", "lat": 57.40419, "lon": -6.07809, "dist_m": 438, "in_scope": false, "traced": true, "path_m": 451, "straight_m": 438, "detour": 1.03, "max_elev_crossed_m": 19.8, "min_depth_m": -0.1, "drying_px": 5, "drying_m": 376, "drying_frac": 0.833}}, {"type": "Feature", "geometry": {"type": "LineString", "coordinates": [[-3.792749, 58.565937], [-3.791708, 58.566978], [-3.790666, 58.565937], [-3.789624, 58.565937], [-3.788583, 58.566978], [-3.788583, 58.56802]]}, "properties": {"node_id": "os:node/172607A7-2AC7-46D2-9FF1-58F655C2817C", "lat": 58.56547, "lon": -3.79327, "dist_m": 437, "in_scope": false, "traced": true, "path_m": 569, "straight_m": 437, "detour": 1.3, "max_elev_crossed_m": 1.1, "min_depth_m": -0.6, "drying_px": 4, "drying_m": 379, "drying_frac": 0.667}}, {"type": "Feature", "geometry": {"type": "LineString", "coordinates": [[-3.10711, 51.214684], [-3.10711, 51.215726], [-3.10711, 51.216768], [-3.10711, 51.217809]]}, "properties": {"node_id": "os:node/BE4AD0BA-B815-42F6-B6FE-62925063C4EB", "lat": 51.21448, "lon": -3.10718, "dist_m": 429, "in_scope": true, "traced": true, "path_m": 348, "straight_m": 429, "detour": 0.81, "max_elev_crossed_m": 0.5, "min_depth_m": -0.3, "drying_px": 3, "drying_m": 261, "drying_frac": 0.75}}, {"type": "Feature", "geometry": {"type": "LineString", "coordinates": [[-5.834489, 55.969379], [-5.833448, 55.968338], [-5.833448, 55.967296], [-5.833448, 55.966254]]}, "properties": {"node_id": "os:node/B77598A3-0F21-4B6D-9BE1-A190537C5BDB", "lat": 55.9699, "lon": -5.83501, "dist_m": 428, "in_scope": false, "traced": true, "path_m": 365, "straight_m": 428, "detour": 0.85, "max_elev_crossed_m": 2.6, "min_depth_m": -8.0, "drying_px": 1, "drying_m": 91, "drying_frac": 0.25}}, {"type": "Feature", "geometry": {"type": "LineString", "coordinates": [[-6.757864, 57.896291], [-6.758906, 57.895249], [-6.759947, 57.894207], [-6.760989, 57.893166]]}, "properties": {"node_id": "os:node/38BD79A2-EA88-4394-98B4-4F9486220BCD", "lat": 57.89577, "lon": -6.75834, "dist_m": 427, "in_scope": false, "traced": true, "path_m": 394, "straight_m": 427, "detour": 0.92, "max_elev_crossed_m": 10.9, "min_depth_m": -9.4, "drying_px": 3, "drying_m": 295, "drying_frac": 0.75}}, {"type": "Feature", "geometry": {"type": "LineString", "coordinates": [[-4.732543, 56.002291], [-4.733585, 56.001249], [-4.734626, 56.000207], [-4.735668, 56.000207]]}, "properties": {"node_id": "os:node/A90F32F7-DB69-47E6-B87B-96E69FE9F1B3", "lat": 56.00177, "lon": -4.73207, "dist_m": 426, "in_scope": false, "traced": true, "path_m": 331, "straight_m": 426, "detour": 0.78, "max_elev_crossed_m": 8.3, "min_depth_m": -2.5, "drying_px": 3, "drying_m": 248, "drying_frac": 0.75}}, {"type": "Feature", "geometry": {"type": "LineString", "coordinates": [[-4.953009, 54.815723], [-4.953009, 54.814682], [-4.951968, 54.81364], [-4.950926, 54.812598], [-4.949884, 54.811557]]}, "properties": {"node_id": "os:node/6BF5EAE8-E16A-4F4B-B180-D964947EC523", "lat": 54.81543, "lon": -4.95353, "dist_m": 426, "in_scope": false, "traced": true, "path_m": 517, "straight_m": 426, "detour": 1.21, "max_elev_crossed_m": 3.3, "min_depth_m": -0.9, "drying_px": 3, "drying_m": 310, "drying_frac": 0.6}}, {"type": "Feature", "geometry": {"type": "LineString", "coordinates": [[-5.537814, 57.868673], [-5.537814, 57.869715], [-5.538856, 57.870756], [-5.538856, 57.871798]]}, "properties": {"node_id": "os:node/E6FC977B-4FF8-4532-A87F-4D4F2D151695", "lat": 57.86852, "lon": -5.53754, "dist_m": 425, "in_scope": false, "traced": true, "path_m": 363, "straight_m": 425, "detour": 0.85, "max_elev_crossed_m": 5.8, "min_depth_m": -0.2, "drying_px": 2, "drying_m": 182, "drying_frac": 0.5}}, {"type": "Feature", "geometry": {"type": "LineString", "coordinates": [[-6.239479, 57.171199], [-6.240521, 57.170157], [-6.239479, 57.169116], [-6.238438, 57.169116]]}, "properties": {"node_id": "os:node/59633E6A-4184-45A9-BBD6-CFA92B4B8DED", "lat": 57.17172, "lon": -6.24, "dist_m": 425, "in_scope": false, "traced": true, "path_m": 327, "straight_m": 425, "detour": 0.77, "max_elev_crossed_m": 5.2, "min_depth_m": -21.8, "drying_px": 3, "drying_m": 245, "drying_frac": 0.75}}, {"type": "Feature", "geometry": {"type": "LineString", "coordinates": [[-0.671679, 54.503756], [-0.670638, 54.504798], [-0.669596, 54.505839], [-0.668554, 54.505839]]}, "properties": {"node_id": "os:node/2B80C52F-10A1-4CC7-8005-6ACA9AD867D5", "lat": 54.50379, "lon": -0.6722, "dist_m": 424, "in_scope": true, "traced": true, "path_m": 336, "straight_m": 424, "detour": 0.79, "max_elev_crossed_m": 3.8, "min_depth_m": -0.4, "drying_px": 3, "drying_m": 252, "drying_frac": 0.75}}, {"type": "Feature", "geometry": {"type": "LineString", "coordinates": [[-6.132317, 56.440269], [-6.133358, 56.44131], [-6.1344, 56.44131], [-6.135442, 56.440269], [-6.136483, 56.44131], [-6.137525, 56.442352]]}, "properties": {"node_id": "os:node/BEE007E8-A7A1-4DEC-9B0B-75C411D2B021", "lat": 56.44047, "lon": -6.13266, "dist_m": 423, "in_scope": false, "traced": true, "path_m": 594, "straight_m": 423, "detour": 1.4, "max_elev_crossed_m": 5.1, "min_depth_m": -0.0, "drying_px": 5, "drying_m": 495, "drying_frac": 0.833}}, {"type": "Feature", "geometry": {"type": "LineString", "coordinates": [[-5.583507, 56.284359], [-5.583507, 56.283317], [-5.584549, 56.282276], [-5.58559, 56.283317], [-5.586632, 56.283317], [-5.587674, 56.282276]]}, "properties": {"node_id": "os:node/FFCCF806-A431-457C-BA9D-0868C00A8F98", "lat": 56.28488, "lon": -5.58402, "dist_m": 421, "in_scope": false, "traced": true, "path_m": 578, "straight_m": 421, "detour": 1.37, "max_elev_crossed_m": 2.5, "min_depth_m": -0.0, "drying_px": 4, "drying_m": 385, "drying_frac": 0.667}}, {"type": "Feature", "geometry": {"type": "LineString", "coordinates": [[-3.049381, 59.184083], [-3.048339, 59.185124], [-3.047297, 59.186166], [-3.046256, 59.185124], [-3.045214, 59.185124], [-3.044172, 59.185124]]}, "properties": {"node_id": "os:node/B7386C0B-E528-4625-8E99-DC9AF9EA9677", "lat": 59.1838, "lon": -3.04886, "dist_m": 420, "in_scope": false, "traced": true, "path_m": 510, "straight_m": 420, "detour": 1.21, "max_elev_crossed_m": 1.7, "min_depth_m": -1.3, "drying_px": 4, "drying_m": 340, "drying_frac": 0.667}}, {"type": "Feature", "geometry": {"type": "LineString", "coordinates": [[-6.055083, 56.451655], [-6.055083, 56.452697], [-6.055083, 56.453738]]}, "properties": {"node_id": "os:node/31B0D321-E0E4-43FB-91BB-302D13C74186", "lat": 56.45157, "lon": -6.0548, "dist_m": 418, "in_scope": false, "traced": true, "path_m": 232, "straight_m": 418, "detour": 0.55, "max_elev_crossed_m": 4.9, "min_depth_m": -0.2, "drying_px": 2, "drying_m": 155, "drying_frac": 0.667}}, {"type": "Feature", "geometry": {"type": "LineString", "coordinates": [[-3.626859, 58.122639], [-3.625818, 58.122639], [-3.624776, 58.122639], [-3.623734, 58.121598], [-3.623734, 58.120556]]}, "properties": {"node_id": "os:node/3EF6133D-31D3-4102-B62E-420D19EDA300", "lat": 58.12316, "lon": -3.62738, "dist_m": 417, "in_scope": false, "traced": true, "path_m": 370, "straight_m": 417, "detour": 0.89, "max_elev_crossed_m": 2.3, "min_depth_m": -0.4, "drying_px": 3, "drying_m": 222, "drying_frac": 0.6}}, {"type": "Feature", "geometry": {"type": "LineString", "coordinates": [[-5.584549, 56.284509], [-5.58559, 56.283467], [-5.586632, 56.283467], [-5.587674, 56.282426]]}, "properties": {"node_id": "os:node/EE66FF0A-EAF7-4CC4-904B-BAE5FD4A4F7D", "lat": 56.28503, "lon": -5.58434, "dist_m": 417, "in_scope": false, "traced": true, "path_m": 330, "straight_m": 417, "detour": 0.79, "max_elev_crossed_m": 4.0, "min_depth_m": -0.0, "drying_px": 2, "drying_m": 165, "drying_frac": 0.5}}, {"type": "Feature", "geometry": {"type": "LineString", "coordinates": [[-7.524404, 56.97212], [-7.524404, 56.973162], [-7.525446, 56.974203], [-7.526487, 56.975245], [-7.526487, 56.976287]]}, "properties": {"node_id": "os:node/D9B4A7AC-6E24-47F0-93DF-0130B4FF20B0", "lat": 56.97207, "lon": -7.52488, "dist_m": 416, "in_scope": false, "traced": true, "path_m": 496, "straight_m": 416, "detour": 1.19, "max_elev_crossed_m": 4.4, "min_depth_m": -2.2, "drying_px": 4, "drying_m": 397, "drying_frac": 0.8}}, {"type": "Feature", "geometry": {"type": "LineString", "coordinates": [[-3.154969, 58.920431], [-3.153928, 58.919389], [-3.154969, 58.918347], [-3.154969, 58.917306], [-3.154969, 58.916264]]}, "properties": {"node_id": "os:node/8153C96B-C778-47FA-AA71-CE986E8D4168", "lat": 58.91991, "lon": -3.15549, "dist_m": 416, "in_scope": false, "traced": true, "path_m": 493, "straight_m": 416, "detour": 1.18, "max_elev_crossed_m": 2.5, "min_depth_m": -1.3, "drying_px": 4, "drying_m": 394, "drying_frac": 0.8}}, {"type": "Feature", "geometry": {"type": "LineString", "coordinates": [[-5.757364, 56.121925], [-5.758405, 56.122967], [-5.758405, 56.124009], [-5.758405, 56.12505], [-5.759447, 56.126092]]}, "properties": {"node_id": "os:node/2A1937C9-D286-4CE7-BD19-A78AFD09A55D", "lat": 56.12214, "lon": -5.75686, "dist_m": 414, "in_scope": false, "traced": true, "path_m": 497, "straight_m": 414, "detour": 1.2, "max_elev_crossed_m": 13.5, "min_depth_m": -11.2, "drying_px": 4, "drying_m": 398, "drying_frac": 0.8}}, {"type": "Feature", "geometry": {"type": "LineString", "coordinates": [[-2.396159, 55.961057], [-2.395118, 55.961057], [-2.394076, 55.961057], [-2.393034, 55.962099], [-2.391993, 55.963141]]}, "properties": {"node_id": "os:node/575646E8-6D0D-412B-A355-98368428FD72", "lat": 55.96054, "lon": -2.39668, "dist_m": 411, "in_scope": false, "traced": true, "path_m": 396, "straight_m": 411, "detour": 0.96, "max_elev_crossed_m": 5.7, "min_depth_m": -0.2, "drying_px": 4, "drying_m": 316, "drying_frac": 0.8}}, {"type": "Feature", "geometry": {"type": "LineString", "coordinates": [[-6.37385, 57.502867], [-6.37385, 57.503908], [-6.37385, 57.50495], [-6.372808, 57.505992]]}, "properties": {"node_id": "os:node/0F477E28-704F-4852-8EF5-DE8FFCEBED5B", "lat": 57.50287, "lon": -6.37349, "dist_m": 408, "in_scope": false, "traced": true, "path_m": 364, "straight_m": 408, "detour": 0.89, "max_elev_crossed_m": 5.9, "min_depth_m": -2.0, "drying_px": 3, "drying_m": 273, "drying_frac": 0.75}}, {"type": "Feature", "geometry": {"type": "LineString", "coordinates": [[-5.984669, 57.323716], [-5.984669, 57.324758], [-5.984669, 57.3258], [-5.984669, 57.326841]]}, "properties": {"node_id": "os:node/6E6EC63D-A3C9-43BE-AA48-D1812A582459", "lat": 57.32349, "lon": -5.98519, "dist_m": 402, "in_scope": false, "traced": true, "path_m": 348, "straight_m": 402, "detour": 0.87, "max_elev_crossed_m": 6.2, "min_depth_m": -7.6, "drying_px": 2, "drying_m": 174, "drying_frac": 0.5}}, {"type": "Feature", "geometry": {"type": "LineString", "coordinates": [[-1.382199, 60.247639], [-1.382199, 60.246598], [-1.382199, 60.245556], [-1.382199, 60.244514]]}, "properties": {"node_id": "os:node/11A26777-5C41-4111-9308-035E9D7F8E59", "lat": 60.24816, "lon": -1.38272, "dist_m": 399, "in_scope": false, "traced": true, "path_m": 348, "straight_m": 399, "detour": 0.87, "max_elev_crossed_m": 0.0, "min_depth_m": -0.5, "drying_px": 3, "drying_m": 261, "drying_frac": 0.75}}, {"type": "Feature", "geometry": {"type": "LineString", "coordinates": [[-3.277789, 57.721155], [-3.276748, 57.721155], [-3.275706, 57.721155], [-3.274664, 57.722197]]}, "properties": {"node_id": "os:node/952649E6-BE33-4891-B5A8-82C711F82AC7", "lat": 57.72083, "lon": -3.27831, "dist_m": 388, "in_scope": false, "traced": true, "path_m": 255, "straight_m": 388, "detour": 0.66, "max_elev_crossed_m": 4.6, "min_depth_m": -0.7, "drying_px": 2, "drying_m": 128, "drying_frac": 0.5}}, {"type": "Feature", "geometry": {"type": "LineString", "coordinates": [[-5.949439, 55.833185], [-5.948398, 55.833185], [-5.947356, 55.833185], [-5.946314, 55.834227], [-5.946314, 55.835268]]}, "properties": {"node_id": "os:node/3A3AF06F-4E88-4E95-BCA2-02CFBBA07B54", "lat": 55.83366, "lon": -5.94996, "dist_m": 376, "in_scope": false, "traced": true, "path_m": 379, "straight_m": 376, "detour": 1.01, "max_elev_crossed_m": 1.5, "min_depth_m": -2.0, "drying_px": 3, "drying_m": 228, "drying_frac": 0.6}}, {"type": "Feature", "geometry": {"type": "LineString", "coordinates": [[-4.791049, 56.000814], [-4.790008, 56.001855], [-4.788966, 56.002897], [-4.787924, 56.002897], [-4.786883, 56.003939]]}, "properties": {"node_id": "os:node/F7874C3B-53D9-4892-A530-0F6EA513DE22", "lat": 56.00041, "lon": -4.79157, "dist_m": 372, "in_scope": false, "traced": true, "path_m": 463, "straight_m": 372, "detour": 1.25, "max_elev_crossed_m": 0.0, "min_depth_m": -1.3, "drying_px": 4, "drying_m": 371, "drying_frac": 0.8}}]}